window_idx,t0,t1,x0,y0,yaw0,xt,yt,yawt,v0,vt,dyaw_deg,xr_true,yr_true,xr_pred,yr_pred,err_x,err_y,err_dist
0,0,14,0.8891942501068115,-0.15286259353160858,-39.831573486328125,1.0669194459915161,-0.4848270118236542,-75.28153991699219,0.8439007997512817,0.6827252507209778,-35.44996643066406,0.34911479378599536,-0.14108682049470678,0.38833802938461304,0.022709254175424576,0.03922322392463684,0.163796067237854,0.16842687712366394
1,5,19,0.9665749073028564,-0.23994708061218262,-48.956546783447266,1.0695101022720337,-0.6119112968444824,-89.71591186523438,0.5239272713661194,0.5795823931694031,-40.75936508178711,0.34813026560579735,-0.16660837520931715,0.42168644070625305,-0.12255186587572098,0.07355618476867676,0.04405651241540909,0.0857408222723156
2,10,24,1.0353813171386719,-0.3647684156894684,-63.08747100830078,1.0556237697601318,-0.7699589133262634,-95.95052337646484,0.5727517008781433,0.63804030418396,-32.86305236816406,0.37047012415751834,-0.16535109122711764,0.46626749634742737,-0.183786541223526,0.09579735994338989,-0.01843544840812683,0.09755511227061403
3,15,29,1.0689876079559326,-0.5065339803695679,-78.42363739013672,1.021127462387085,-0.9265021085739136,-104.03511047363281,0.5809364318847656,0.6349678635597229,-25.611473083496094,0.4018209110297215,-0.13116317204374742,0.37550684809684753,-0.07940087467432022,-0.02631404995918274,0.05176229029893875,0.0580668917908129
4,20,34,1.0676501989364624,-0.6545766592025757,-91.56163024902344,1.0195271968841553,-1.097116470336914,-88.69837951660156,0.6948387622833252,0.8071686029434204,2.863250732421875,0.443686905567382,-0.03604493852655695,0.4593997299671173,-0.13938099145889282,0.015712827444076538,-0.10333605110645294,0.1045238365377141
5,25,39,1.0491256713867188,-0.8144998550415039,-97.12653350830078,1.094928503036499,-1.259896993637085,-63.936222076416016,0.7576548457145691,0.8588246703147888,33.190311431884766,0.43627391844440905,0.10070540472800107,0.426654189825058,0.09612827003002167,-0.009619742631912231,-0.004577137529850006,0.010653151471343636
6,30,44,1.0161935091018677,-0.9503964185714722,-103.74949645996094,1.1888927221298218,-1.4234066009521484,-60.40930938720703,0.6432476043701172,0.8925275206565857,43.340187072753906,0.418408985351602,0.2801741811682837,0.4766075909137726,0.13922080397605896,0.05819860100746155,-0.14095339179039001,0.15249569114057254
7,35,49,1.0263206958770752,-1.1196266412734985,-81.85091400146484,1.223615288734436,-1.5863186120986938,-78.92435455322266,0.6727450489997864,0.7608911395072937,2.9265594482421875,0.48994596661774853,0.12914914555836904,0.4180314540863037,0.03541164845228195,-0.07191452383995056,-0.09373749047517776,0.11814573991351046
8,40,54,1.108759880065918,-1.2822939157485962,-61.31568145751953,1.2177718877792358,-1.7805520296096802,-94.14891815185547,0.7084965109825134,0.7807477712631226,-32.83323669433594,0.4894346199789703,-0.1435218402199968,0.48457249999046326,-0.13064679503440857,-0.0048621296882629395,0.01287505030632019,0.013762529763664945
9,45,59,1.1970387697219849,-1.4505515098571777,-63.552486419677734,1.1669707298278809,-1.9684594869613647,-105.30262756347656,0.9030637145042419,0.9196452498435974,-41.75014114379883,0.4503135044997243,-0.25758592243444,0.4966055452823639,-0.27632325887680054,0.04629203677177429,-0.018737345933914185,0.049940372456825685
10,50,64,1.2280421257019043,-1.638969898223877,-81.9731216430664,1.0837997198104858,-2.1488287448883057,-115.026123046875,0.9026904106140137,0.9381219744682312,-33.053001403808594,0.4847219234655164,-0.2140246997222896,0.4558451473712921,-0.1540466845035553,-0.028876781463623047,0.05997800827026367,0.06656748443321003
11,55,69,1.2110998630523682,-1.807179570198059,-97.02716827392578,1.0316550731658936,-2.3391218185424805,-103.1684799194336,0.7776867151260376,0.92386794090271,-6.1413116455078125,0.5498997029295843,-0.11301904666503748,0.47238531708717346,-0.12388128787279129,-0.07751438021659851,-0.010862238705158234,0.07827175333446439
12,60,74,1.155955195426941,-1.9942748546600342,-107.68843841552734,1.0705621242523193,-2.515798807144165,-76.30300903320312,0.7608824968338013,0.8218705058097839,31.38542938232422,0.5228136672460084,0.07710433814049622,0.5188141465187073,0.09250006079673767,-0.003999531269073486,0.015395723283290863,0.015906745292106773
13,65,79,1.0699225664138794,-2.175562858581543,-117.24798583984375,1.1571892499923706,-2.7065227031707764,-64.23872375488281,0.7882445454597473,0.8294371366500854,53.00926208496094,0.4320865385416777,0.32067905114004974,0.45693227648735046,0.10801222920417786,0.024845749139785767,-0.2126668095588684,0.21411324839501447
14,70,84,1.035178780555725,-2.370617389678955,-97.896484375,1.1782909631729126,-2.913756847381592,-86.42435455322266,0.9414476752281189,0.8397811055183411,11.472129821777344,0.518328061241512,0.2163737235816421,0.4775479733943939,0.03876161202788353,-0.040780097246170044,-0.17761211097240448,0.18223358168976653
15,75,89,1.0916452407836914,-2.570704221725464,-72.66669464111328,1.1443865299224854,-3.1200501918792725,-100.72332763671875,0.980055034160614,0.9860526919364929,-28.05663299560547,0.5401121513577063,-0.11332035324689557,0.5132330060005188,-0.07222079485654831,-0.02687913179397583,0.04109955579042435,0.04910866738334615
16,80,94,1.1687684059143066,-2.761366605758667,-69.32792663574219,1.053029179573059,-3.3029749393463135,-117.34278869628906,0.9711400866508484,0.9690584540367126,-48.014862060546875,0.46587940581102727,-0.29948545000854726,0.470807284116745,-0.20574352145195007,0.004927873611450195,0.09374192357063293,0.09387135970599773
17,85,99,1.17774498462677,-2.9438986778259277,-88.73137664794922,0.9351344108581543,-3.428555965423584,-134.28250122070312,0.8303797841072083,0.7909508347511292,-45.551124572753906,0.4791671295595665,-0.25328134332299296,0.4289025366306305,-0.28233346343040466,-0.050264596939086914,-0.02905210852622986,0.05805647866748984
18,90,104,1.1339566707611084,-3.146467685699463,-105.01614379882812,0.750313937664032,-3.4667882919311523,-144.8828125,0.8091532588005066,0.7512311935424805,-39.866668701171875,0.4087810291600609,-0.28755018280931954,0.3790343105792999,-0.20634815096855164,-0.029746711254119873,0.08120203018188477,0.08647911040300835
19,95,109,1.0355415344238281,-3.3256020545959473,-122.21981811523438,0.562132716178894,-3.457627296447754,-144.8828125,0.7892484664916992,0.7512311935424805,-22.662994384765625,0.36410139168076994,-0.3301162677818523,0.31665247678756714,-0.24856558442115784,-0.04744890332221985,0.08155068755149841,0.09434995000848428
20,100,114,0.8867682814598083,-3.4583027362823486,-139.93594360351562,0.3739514946937561,-3.4484658241271973,-144.8828125,0.9224759936332703,0.7512311935424805,-4.946868896484375,0.3861402112010655,-0.3375997021968523,0.35545971989631653,-0.15845400094985962,-0.030680477619171143,0.1791456937789917,0.18175387562992082
21,105,119,0.7126777768135071,-3.464956045150757,-144.8828125,0.21888618171215057,-3.3484723567962646,171.23355102539062,0.7512311935424805,0.8105298280715942,-43.883636474609375,0.3369029320766794,-0.3793349294323009,0.3334414064884186,-0.16697371006011963,-0.0034615397453308105,0.21236121654510498,0.21238942664343127
22,110,124,0.5244964957237244,-3.4557948112487793,-144.8828125,0.09761864691972733,-3.178941011428833,126.5322494506836,0.7512311935424805,0.9030140042304993,-88.58493041992188,0.18991602067928373,-0.47202185937156826,0.41954782605171204,-0.3054927885532379,0.22963181138038635,0.16652905941009521,0.2836594726531239
23,115,129,0.33631524443626404,-3.4466335773468018,-176.6260223388672,0.026349879801273346,-2.964254856109619,106.65766143798828,0.8039918541908264,0.8988624811172485,-76.71630859375,0.2810386661154992,-0.4997849845109266,0.41298577189445496,-0.3015105724334717,0.1319471001625061,0.1982744038105011,0.2381654392385765
24,120,134,0.19355139136314392,-3.320115089416504,171.23355102539062,0.011702369898557663,-2.7399961948394775,92.43286895751953,0.8105298280715942,0.8995773196220398,-78.8006820678711,0.2681388748411526,-0.5456267413689861,0.4015098512172699,-0.29408028721809387,0.13337096571922302,0.2515464723110199,0.2847164242347056
25,125,139,0.0731973871588707,-3.120826005935669,119.06926727294922,0.010102050378918648,-2.510303497314453,91.21730041503906,1.0756157636642456,1.0735969543457031,-27.851966857910156,0.564272715799645,-0.24148510822752522,0.4916386902332306,-0.23259654641151428,-0.0726340115070343,0.00888855755329132,0.07317585724118415
26,130,144,0.018645279109477997,-2.9034082889556885,102.61539459228516,-0.07831134647130966,-2.3119399547576904,116.02027893066406,1.0696862936019897,1.0376393795013428,13.404884338378906,0.5983650288043647,-0.03456399726477752,0.5187472701072693,0.07789215445518494,-0.07961773872375488,0.11245615035295486,0.1377874089737175
27,135,149,0.014248919673264027,-2.705458879470825,90.4427490234375,-0.21261252462863922,-2.1564109325408936,130.5547637939453,0.901481568813324,0.9668223857879639,40.11201477050781,0.5507845924225476,0.2226119874497636,0.4656102955341339,0.22642934322357178,-0.08517429232597351,0.003817349672317505,0.08525979258566803
28,140,154,0.004452509805560112,-2.481478691101074,94.28846740722656,-0.3094000220298767,-2.0103189945220947,121.69608306884766,0.8907806277275085,0.8094362020492554,27.407615661621094,0.49330981294113113,0.27774141155318155,0.46033647656440735,0.2263140082359314,-0.03297334909439087,-0.05142739415168762,0.06109024979269279
29,145,159,-0.09832102060317993,-2.2899703979492188,123.05321502685547,-0.36824148893356323,-1.8079273700714111,103.34066772460938,0.813731849193573,0.8187646269798279,-19.712547302246094,0.5512506962690109,-0.036677102015139296,0.4374549090862274,0.027579888701438904,-0.11379578709602356,0.06425699591636658,0.13068451585784552
30,150,164,-0.2320748120546341,-2.135538339614868,132.05116271972656,-0.36788421869277954,-1.599136233329773,88.14653778076172,0.9568648934364319,0.8446451425552368,-43.904624938964844,0.4892681046771715,-0.25843400763850727,0.4071487486362457,-0.18028566241264343,-0.08211934566497803,0.07814833521842957,0.11336114515060346
31,155,169,-0.33389201760292053,-1.952776551246643,117.4557113647461,-0.31712019443511963,-1.4019149541854858,75.21125030517578,0.9840572476387024,0.9665459394454956,-42.24446105957031,0.4810838094051652,-0.2688645783612177,0.3986814320087433,-0.1342262625694275,-0.08240237832069397,0.13463830947875977,0.15785317967087348
32,160,174,-0.37285125255584717,-1.7526277303695679,100.4081802368164,-0.2609558403491974,-1.2067904472351074,74.29573822021484,0.9722377061843872,0.9501050710678101,-26.112442016601562,0.5166409289638517,-0.20866497897796243,0.45993927121162415,-0.08948414772748947,-0.05670163035392761,0.1191808357834816,0.13198161426063348
33,165,179,-0.361977756023407,-1.571829080581665,85.17485046386719,-0.2791934311389923,-1.0416076183319092,97.20467376708984,0.8018739223480225,0.7706307172775269,12.029823303222656,0.5353057983516658,-0.037891235502728035,0.4334876835346222,0.10508857667446136,-0.10181811451911926,0.14297981560230255,0.17552822027781437
34,170,184,-0.30771344900131226,-1.3730884790420532,73.37080383300781,-0.35192835330963135,-0.8727399110794067,114.3010025024414,0.789916455745697,0.7293685674667358,40.930198669433594,0.4667691520579299,0.1855537817248304,0.44978955388069153,0.15444979071617126,-0.016979604959487915,-0.03110399842262268,0.03543678459531537
35,175,189,-0.26162105798721313,-1.180616021156311,79.22393035888672,-0.3808850049972534,-0.7002843618392944,95.09087371826172,0.7730280756950378,0.6869973540306091,15.866943359375,0.4495623124638658,0.20696888464402985,0.4218686521053314,0.043679360300302505,-0.02769365906715393,-0.16328953206539154,0.16562128496863648
36,180,194,-0.2973543107509613,-0.9936023950576782,103.3825912475586,-0.3567371368408203,-0.5278163552284241,81.31019592285156,0.8659473061561584,0.8116577863693237,-22.07239532470703,0.46688249416801864,-0.05003690211921616,0.4463985860347748,-0.0896974429488182,-0.02048391103744507,-0.03966053947806358,0.044637977139214136
37,185,199,-0.3698011636734009,-0.8247002363204956,113.02132415771484,-0.29865404963493347,-0.3715890347957611,68.85630798339844,0.8743194937705994,0.7886415719985962,-44.165016174316406,0.3892013748092379,-0.24268078339619395,0.4892211854457855,-0.09380941838026047,0.10001981258392334,0.14887136220932007,0.17935062139669805
38,190,204,-0.3790333569049835,-0.6736964583396912,92.30944061279297,-0.24907323718070984,-0.25223174691200256,68.88729858398438,0.696068525314331,0.5734668374061584,-23.422142028808594,0.41588545600190036,-0.1468380849223517,0.4569588005542755,-0.028760746121406555,0.041073352098464966,0.1180773377418518,0.12501711059214182
39,195,209,-0.350375771522522,-0.5053252577781677,79.74417877197266,-0.2598801255226135,-0.13201665878295898,100.72919464111328,0.6654325723648071,0.472502201795578,20.985015869140625,0.3834562668554883,-0.02258458407761546,0.4609147012233734,-0.006056331098079681,0.0774584412574768,0.016528252512216568,0.07920223010209737
40,200,214,-0.2866304814815521,-0.3494994044303894,66.08091735839844,-0.31602782011032104,-0.03221121057868004,122.42826843261719,0.6609036922454834,0.4390820264816284,56.34735107421875,0.27812011843881684,0.15551591182812022,0.4451914131641388,0.13356146216392517,0.16707128286361694,-0.021954447031021118,0.16850760013166355
41,205,219,-0.24388659000396729,-0.21642428636550903,73.41191101074219,-0.33166131377220154,0.0797179564833641,95.94718933105469,0.6370990872383118,0.535701334476471,22.5352783203125,0.25875865536313025,0.16866710651362624,0.4442756474018097,0.1226101964712143,0.18551698327064514,-0.04605691134929657,0.19114860754103807
42,210,224,-0.2732178568840027,-0.09959541261196136,106.14392852783203,-0.3150955140590668,0.1922975480556488,81.62914276123047,0.5630583763122559,0.5006842017173767,-24.514785766601562,0.29202664665408057,-0.0409349191114395,0.4283396303653717,-0.04441086947917938,0.13631299138069153,-0.0034759491682052612,0.13635730212120079
43,215,229,-0.3215695023536682,-0.01715805009007454,119.57005310058594,-0.2653695046901703,0.29859355092048645,63.829673767089844,0.4257895350456238,0.5601447820663452,-55.740379333496094,0.2468919184662081,-0.20469953818165615,0.33928704261779785,-0.187892884016037,0.0923951268196106,0.016806647181510925,0.09391124985589168
44,220,234,-0.3325826823711395,0.0958571806550026,93.99546813964844,-0.19773255288600922,0.38048598170280457,49.1117057800293,0.4512484669685364,0.4796823263168335,-44.88376235961914,0.27454100718409663,-0.15435462877318307,0.26293665170669556,-0.16182196140289307,-0.011604368686676025,-0.007467329502105713,0.013799361670357271
45,225,239,-0.31028711795806885,0.2071894407272339,78.6756591796875,-0.09710600227117538,0.45281490683555603,34.31968307495117,0.4995882511138916,0.4849163591861725,-44.35597610473633,0.28270428613164056,-0.16079907062104729,0.24693787097930908,-0.18195199966430664,-0.035766422748565674,-0.021152928471565247,0.0415533798763984
46,230,244,-0.2548222839832306,0.31455257534980774,60.98600769042969,-0.0014334931038320065,0.5013432502746582,24.529863357543945,0.5742985606193542,0.41782909631729126,-36.456146240234375,0.2862481276535526,-0.13099101383301176,0.23239532113075256,-0.2040618360042572,-0.05385279655456543,-0.07307082414627075,0.09077152107441319
47,235,249,-0.16992321610450745,0.4031057059764862,44.74835205078125,0.08020845055580139,0.5260091423988342,16.856081008911133,0.5849565863609314,0.3833203613758087,-27.892271041870117,0.264168234888298,-0.08880455521360955,0.21053898334503174,-0.17653048038482666,-0.05362924933433533,-0.0877259224653244,0.10281990982565786
48,240,254,-0.07054583728313446,0.46980342268943787,32.749267578125,0.12852400541305542,0.5384182929992676,12.959074020385742,0.5513922572135925,0.2206607609987259,-19.790193557739258,0.20454503614242142,-0.04998130538727498,0.20325696468353271,-0.15297722816467285,-0.0012880712747573853,-0.10299591720104218,0.1030039712229232
49,245,259,0.013508199714124203,0.5057998895645142,22.607707977294922,0.15265052020549774,0.5417441725730896,11.08354663848877,0.41839465498924255,0.1289200484752655,-11.524161338806152,0.14226810031563636,-0.020306752722479733,0.20302650332450867,-0.13105350732803345,0.06075839698314667,-0.11074675619602203,0.12631875083257746
50,250,264,0.0894257128238678,0.5294211506843567,16.940914154052734,0.17679370939731598,0.5451011061668396,6.901183128356934,0.29762858152389526,0.10188298672437668,-10.0397310256958,0.08814563778599595,-0.010458220139713155,0.21084079146385193,-0.12306127697229385,0.12269515544176102,-0.11260305345058441,0.1665339269196312
51,255,269,0.12964771687984467,0.5372380614280701,10.580601692199707,0.21702824532985687,0.5484212636947632,4.4024763107299805,0.16717413067817688,0.15854428708553314,-6.178125381469727,0.08794829074282588,-0.005051625536055744,0.21489551663398743,-0.12531471252441406,0.12694722414016724,-0.12026308476924896,0.17486797098127896
52,260,274,0.15840373933315277,0.5428752899169922,10.074999809265137,0.2618745267391205,0.5494738817214966,1.6265097856521606,0.14131735265254974,0.20883993804454803,-8.448490142822266,0.1030295657429823,-0.011604044253014919,0.21263328194618225,-0.13175764679908752,0.10960371792316437,-0.12015360593795776,0.1626341415646623
53,265,279,0.18828706443309784,0.5462085008621216,6.920290946960449,0.3147723972797394,0.5459456443786621,-4.3750762939453125,0.1528630256652832,0.2537119686603546,-11.295367240905762,0.12553218238626757,-0.015500958170301941,0.23535707592964172,-0.13366448879241943,0.10982489585876465,-0.11816353350877762,0.16131995661314974
54,270,284,0.22391892969608307,0.548396110534668,1.9195787906646729,0.37232381105422974,0.5378817915916443,-7.756274700164795,0.17070136964321136,0.28119367361068726,-9.675853729248047,0.14796940567422684,-0.01547949282687588,0.24899354577064514,-0.15985071659088135,0.10102413594722748,-0.14437122642993927,0.1762070573636842
55,275,289,0.26877737045288086,0.5494646430015564,-0.11572887748479843,0.44833487272262573,0.5172046422958374,-16.547178268432617,0.18340130150318146,0.3105853796005249,-16.43144989013672,0.17962229630763668,-0.031897255932979506,0.2596423923969269,-0.1683831512928009,0.08002009987831116,-0.13648590445518494,0.15821383788874083
56,280,294,0.3216654360294342,0.5447817444801331,-4.968393325805664,0.529067873954773,0.4827740490436554,-23.73912811279297,0.22222787141799927,0.3604918122291565,-18.770734786987305,0.21199339935952866,-0.04381237472117165,0.26952362060546875,-0.1997237503528595,0.057530224323272705,-0.1559113711118698,0.16618688983391341
57,285,299,0.3942034840583801,0.5332875847816467,-9.269562721252441,0.6122492551803589,0.42992159724235535,-33.10740661621094,0.35295072197914124,0.4628066420555115,-23.837844848632812,0.231848551082965,-0.06689346040444502,0.2883874773979187,-0.20793792605400085,0.05653892457485199,-0.1410444676876068,0.15195457168957163
58,290,304,0.4690697193145752,0.5091602802276611,-19.000165939331055,0.6921482682228088,0.35625118017196655,-43.36129379272461,0.38848182559013367,0.5256643891334534,-24.361127853393555,0.26070745369817583,-0.07195036795638443,0.3666120171546936,-0.25247666239738464,0.10590454936027527,-0.18052628636360168,0.20929766755374055
59,295,309,0.541763961315155,0.4758833646774292,-25.12629508972168,0.7570309638977051,0.2604168951511383,-56.775733947753906,0.37156781554222107,0.5466750860214233,-31.649438858032227,0.28638744201883426,-0.10367215125050941,0.3988606333732605,-0.2080647349357605,0.11247318983078003,-0.10439258068799973,0.1534536716191933
60,300,314,0.622661292552948,0.4218728840351105,-34.82974624633789,0.7928696870803833,0.1678134799003601,-69.5605239868164,0.38733723759651184,0.45526283979415894,-34.730777740478516,0.2848194764046071,-0.11133258398832278,0.34221261739730835,-0.13195565342903137,0.05739313364028931,-0.02062307298183441,0.06098592401748273
61,305,319,0.7025704383850098,0.3435644209384918,-46.593875885009766,0.8292572498321533,0.04962490126490593,-72.45195007324219,0.4448840320110321,0.4946465492248535,-25.858074188232422,0.30060219377914954,-0.10994688301996326,0.3379848897457123,-0.13006597757339478,0.037382692098617554,-0.020119093358516693,0.0424528395529528
62,310,324,0.7639631628990173,0.24537715315818787,-58.97553634643555,0.8704079985618591,-0.07119294255971909,-70.81806945800781,0.556159257888794,0.608991265296936,-11.842533111572266,0.32614599581521936,-0.07194388558519191,0.34049487113952637,-0.12565770745277405,0.014348864555358887,-0.05371382087469101,0.05559734226549347
63,315,329,0.8021411299705505,0.13537542521953583,-71.1450424194336,0.9203060269355774,-0.1974319964647293,-68.09221649169922,0.5518398284912109,0.6447634696960449,3.052825927734375,0.3531366499567722,0.004269573771684854,0.3581559956073761,-0.07449842244386673,0.005019336938858032,-0.07876800000667572,0.07892776170877679
64,320,334,0.8340269923210144,0.033385269343853,-72.39152526855469,0.9486169219017029,-0.3376777470111847,-80.16160583496094,0.4949261248111725,0.6648322939872742,-7.77008056640625,0.388341912065849,-0.003029674919263328,0.3571075201034546,-0.09410964697599411,-0.031234383583068848,-0.09107997268438339,0.09628680149429779
65,325,339,0.8765659928321838,-0.08866795152425766,-70.25574493408203,0.955640971660614,-0.463676393032074,-87.1016616821289,0.5165482759475708,0.5764958262443542,-16.845916748046875,0.3796749428981273,-0.05226007678984568,0.3943270146846771,-0.15473094582557678,0.014652073383331299,-0.10247086733579636,0.1035131001708523
66,330,344,0.9279624223709106,-0.2185768336057663,-69.35328674316406,0.9447337985038757,-0.6161168813705444,-95.67357635498047,0.5509470105171204,0.6111739873886108,-26.320289611816406,0.37792064403983344,-0.12448029400317345,0.4218902289867401,-0.17962002754211426,0.043969571590423584,-0.05513973534107208,0.07052456053977833
67,335,349,0.950340986251831,-0.3589930534362793,-81.95897674560547,0.9467082023620605,-0.7751033902168274,-87.4130859375,0.6754494309425354,0.6351418495178223,-5.454109191894531,0.4115110485658182,-0.06180344976351856,0.4478617012500763,-0.12748345732688904,0.03635066747665405,-0.06568001210689545,0.07506820243192325
68,340,354,0.9557194709777832,-0.5055387020111084,-87.79068756103516,1.0146998167037964,-0.92624431848526,-63.88462448120117,0.702231764793396,0.7884634137153625,23.906063079833984,0.4226665962093996,0.04271820880627282,0.46470746397972107,0.034600891172885895,0.042040854692459106,-0.008117318153381348,0.04281733664388381
69,345,359,0.9414960145950317,-0.6597407460212708,-95.36331176757812,1.1326065063476562,-1.0558727979660034,-46.31770706176758,0.7327631115913391,0.8372839689254761,49.04560470581055,0.376534542517484,0.22730059596715402,0.40200352668762207,0.16028019785881042,0.02546897530555725,-0.06702040135860443,0.07169660313699326
70,350,364,0.9515969157218933,-0.7975227236747742,-84.21031188964844,1.2044605016708374,-1.187390923500061,-62.532981872558594,0.6339156031608582,0.6981499195098877,21.677330017089844,0.4133876163024034,0.21224487042514298,0.483033686876297,0.1452620029449463,0.06964606046676636,-0.06698286533355713,0.09662959167270617
71,355,369,1.0274651050567627,-0.9457805156707764,-58.62279510498047,1.2509205341339111,-1.3639765977859497,-77.3484115600586,0.6557732224464417,0.7174713611602783,-18.725616455078125,0.47338479573960857,-0.02696529330644118,0.43803420662879944,0.030188485980033875,-0.03535059094429016,0.05715378001332283,0.06720281876470532
72,360,374,1.1459126472473145,-1.074763298034668,-46.785308837890625,1.2499123811721802,-1.5495661497116089,-92.79048156738281,0.6937232613563538,0.7293751835823059,-46.00517272949219,0.41724518590779547,-0.24931936838875396,0.4769532382488251,-0.1385197937488556,0.05970805883407593,0.11079958081245422,0.1258634156454887
73,365,379,1.2223492860794067,-1.236694574356079,-65.43677520751953,1.2006704807281494,-1.728115439414978,-106.2412338256836,0.8489770293235779,0.8847915530204773,-40.80445861816406,0.43793698870756986,-0.22399917664679053,0.465710312128067,-0.2641248106956482,0.02777332067489624,-0.040125638246536255,0.048799837971068225
74,370,384,1.2563685178756714,-1.417109727859497,-80.36761474609375,1.1201496124267578,-1.900231957435608,-115.92182159423828,0.8606811165809631,0.8931308388710022,-35.55420684814453,0.4535180181496196,-0.21513736571301062,0.42740002274513245,-0.16708752512931824,-0.02611801028251648,0.04804983735084534,0.05468946270133149
75,375,389,1.2456632852554321,-1.5736641883850098,-94.61216735839844,1.077231764793396,-2.0652642250061035,-103.41159057617188,0.7249372601509094,0.7887187004089355,-8.799423217773438,0.5035518290647979,-0.12835625632009773,0.4857938587665558,-0.15622439980506897,-0.01775798201560974,-0.027868136763572693,0.033045105113161784
76,380,394,1.191136360168457,-1.7541821002960205,-107.43671417236328,1.0996285676956177,-2.27390456199646,-81.86320495605469,0.7301183342933655,0.83438640832901,25.573509216308594,0.5232609519971444,0.06843310159753958,0.5124228000640869,0.135020911693573,-0.010838150978088379,0.06658781319856644,0.06746408217111545
77,385,399,1.1104934215545654,-1.9257715940475464,-115.55055236816406,1.1612772941589355,-2.4841480255126953,-72.15480041503906,0.7455841302871704,0.8405871391296387,43.395751953125,0.4818666048836707,0.28664929099918485,0.4356401860713959,0.04289620369672775,-0.04622641205787659,-0.2437530755996704,0.2480976481872475
78,390,404,1.0781564712524414,-2.123725175857544,-97.88835144042969,1.166526198387146,-2.6981406211853027,-90.05043029785156,0.9301057457923889,1.0056642293930054,7.837921142578125,0.5568518324946226,0.16636811338814417,0.49357202649116516,-0.04633408039808273,-0.06327977776527405,-0.2127021849155426,0.22191563654206106
79,395,409,1.1144418716430664,-2.338667154312134,-79.91548919677734,1.1106159687042236,-2.9055304527282715,-106.43626403808594,1.034128189086914,1.0173615217208862,-26.520774841308594,0.5574356556850907,-0.10302488240931691,0.41874435544013977,-0.21337327361106873,-0.1386912763118744,-0.11034838855266571,0.1772344125196537
80,400,414,1.1666871309280396,-2.5152926445007324,-74.38642120361328,0.9982472062110901,-3.0770792961120605,-124.8003921508789,0.8543230295181274,0.9574660658836365,-50.413970947265625,0.4957207721441029,-0.3134280878162865,0.46579113602638245,-0.3334609866142273,-0.029929637908935547,-0.020032912492752075,0.03601528575899758
81,405,419,1.162954330444336,-2.728114604949951,-93.207275390625,0.8627682328224182,-3.184446334838867,-143.0954132080078,0.8388714790344238,0.7917657494544983,-49.88813781738281,0.4724118605373034,-0.2741849283468541,0.41727742552757263,-0.29437246918678284,-0.05513444542884827,-0.02018752694129944,0.05871408107730494
82,410,424,1.0976006984710693,-2.9341304302215576,-109.10238647460938,0.6790575981140137,-3.242668867111206,-165.33181762695312,0.8511433601379395,0.7559046745300293,-56.22943115234375,0.4285201220959194,-0.29452469990427327,0.4209343492984772,-0.16136103868484497,-0.007585763931274414,0.1331636607646942,0.13337955001676827
83,415,429,0.9778818488121033,-3.0980021953582764,-127.82249450683594,0.4816635549068451,-3.2300972938537598,173.88800048828125,0.9545256495475769,0.7763195633888245,-58.28948974609375,0.40863341478355597,-0.31096694772130845,0.3911900520324707,-0.14372912049293518,-0.017443358898162842,0.16723781824111938,0.16814505232001267
84,420,434,0.8120155334472656,-3.207866907119751,-148.60752868652344,0.2950088083744049,-3.1383116245269775,152.04037475585938,0.9372822642326355,0.9829508662223816,-59.35211181640625,0.40509574797711756,-0.3286812390356163,0.3951125741004944,-0.15763509273529053,-0.009983181953430176,0.17104613780975342,0.17133722649076719
85,425,439,0.6220102310180664,-3.2451257705688477,-170.79440307617188,0.15742969512939453,-2.9964075088500977,136.54071044921875,0.9123923182487488,0.810894787311554,-52.664886474609375,0.4188076826990784,-0.3198374164340849,0.3949766755104065,-0.28140729665756226,-0.02383100986480713,0.03843012452125549,0.04521937087018944
86,430,444,0.4528668224811554,-3.2221035957336426,171.51095581054688,0.06037947162985802,-2.815640687942505,121.28565979003906,0.7893827557563782,0.8993991017341614,-50.22529602050781,0.44818947225997696,-0.3440706468435822,0.40090057253837585,-0.28737226128578186,-0.04728889465332031,0.056698381900787354,0.07383052260210785
87,435,449,0.2723236382007599,-3.120647668838501,148.7228546142578,0.012052459642291069,-2.594536542892456,100.8118896484375,0.8187041282653809,0.8999159336090088,-47.91096496582031,0.49559038302580416,-0.31452214909584075,0.4406287968158722,-0.2701316773891449,-0.054961591958999634,0.044390469789505005,0.07064906509502111
88,440,454,0.12686851620674133,-2.9559149742126465,131.44375610351562,-0.0042901900596916676,-2.368288516998291,92.22367095947266,0.9669399261474609,0.8918929100036621,-39.22008514404297,0.527300129280744,-0.2906235261697636,0.4889160096645355,-0.2508736252784729,-0.03838410973548889,0.03974989056587219,0.05525752148065337
89,445,459,0.042745329439640045,-2.7552530765533447,117.28020477294922,-0.05929889157414436,-2.1586482524871826,106.6980209350586,0.9959492683410645,1.0244677066802979,-10.582183837890625,0.5770190407489278,-0.18275493567836198,0.50315922498703,-0.0698394700884819,-0.0738598108291626,0.11291546374559402,0.13492654893905143
90,450,464,0.002001822227612138,-2.5303287506103516,99.85449981689453,-0.19458046555519104,-2.021571159362793,136.38546752929688,1.0730433464050293,0.8979718685150146,36.530967712402344,0.5348955707071975,0.10660961902295399,0.3601077198982239,0.08665389567613602,-0.17478787899017334,-0.019955724477767944,0.1759233741755656
91,455,469,-0.005779310129582882,-2.3370606899261475,91.73226928710938,-0.31956225633621216,-1.9072071313858032,137.95619201660156,0.8840368390083313,0.773551344871521,46.22392272949219,0.43914251947448796,0.3006454314911553,0.37647315859794617,0.14021071791648865,-0.06266936659812927,-0.16043472290039062,0.17224038383008744
92,460,474,-0.07637520879507065,-2.1341936588287354,113.60511016845703,-0.4118722081184387,-1.7316275835037231,115.72503662109375,0.8374943137168884,0.7775246500968933,2.1199264526367188,0.5032254874483465,0.14622511870621527,0.38061344623565674,0.12241566181182861,-0.12261205911636353,-0.023809462785720825,0.12490239212640905
93,465,479,-0.21511413156986237,-2.0013973712921143,137.5738525390625,-0.45417726039886475,-1.537571668624878,99.90808868408203,0.7416491508483887,0.7989713549613953,-37.66576385498047,0.48937891621099183,-0.1810904149545821,0.4256349503993988,-0.1481328010559082,-0.06374397873878479,0.032957613468170166,0.07176001052792537
94,470,484,-0.35051098465919495,-1.858984351158142,132.16029357910156,-0.4415465295314789,-1.3352437019348145,84.97390747070312,0.9201449751853943,0.9617472290992737,-47.18638610839844,0.44933689130660814,-0.28405650175621705,0.4281315505504608,-0.23665380477905273,-0.02120533585548401,0.04740270972251892,0.051929598089926185
95,475,489,-0.4291813373565674,-1.680672526359558,112.90253448486328,-0.3765169382095337,-1.1534831523895264,68.68919372558594,0.9216870665550232,0.9130985736846924,-44.213340759277344,0.4651349573014335,-0.2536762631004834,0.38205888867378235,-0.12973016500473022,-0.08307605981826782,0.12394610047340393,0.1492121561317695
96,480,494,-0.45686617493629456,-1.509434461593628,98.44567108154297,-0.3064337968826294,-0.9709972739219666,69.5277099609375,0.7911477088928223,0.9177985191345215,-28.91796112060547,0.51050391033392,-0.22788212516216727,0.4365628659725189,-0.14419713616371155,-0.07394102215766907,0.0836849957704544,0.11167118372624998
97,485,499,-0.4368523359298706,-1.3081492185592651,82.51318359375,-0.3052506446838379,-0.8132808208465576,92.35958862304688,0.806317150592804,0.7228315472602844,9.846405029296875,0.5077970247928083,-0.0659993773086578,0.4248393476009369,0.008583448827266693,-0.08295765519142151,0.07458282262086868,0.1115552328891601
98,490,504,-0.3647981584072113,-1.1273303031921387,65.9317626953125,-0.3667004108428955,-0.6531915664672852,112.43540954589844,0.7810672521591187,0.6619270443916321,46.50364685058594,0.4321415199750973,0.1951021961459727,0.4173469841480255,0.16993284225463867,-0.014794528484344482,-0.025169357657432556,0.029195455775888123
99,495,509,-0.2998397946357727,-0.9445933103561401,71.21849060058594,-0.4053536653518677,-0.49454760551452637,99.75260925292969,0.9105232954025269,0.6377163529396057,28.53411865234375,0.39211095287696157,0.24479238957491914,0.38530901074409485,0.03619883209466934,-0.00680193305015564,-0.20859354734420776,0.20870441846510832
100,500,514,-0.32076969742774963,-0.7644326686859131,99.34912872314453,-0.38884735107421875,-0.3336053788661957,82.9395751953125,0.8508763909339905,0.7674199938774109,-16.40955352783203,0.4361637297231395,-0.002814507667691521,0.3582824766635895,-0.054213397204875946,-0.07788124680519104,-0.05139888823032379,0.09331309830481677
101,505,519,-0.3857126533985138,-0.608820378780365,113.33743286132812,-0.34510940313339233,-0.17948885262012482,73.22891998291016,0.7937821745872498,0.7581068277359009,-40.10851287841797,0.3781221746954072,-0.20735914999311178,0.374580979347229,-0.08359292894601822,-0.00354120135307312,0.1237662211060524,0.12381687120055675
102,510,524,-0.4059979319572449,-0.47207823395729065,96.2140884399414,-0.2899291217327118,-0.06137508898973465,63.280845642089844,0.6374655365943909,0.5995863080024719,-32.93324279785156,0.39572628640651103,-0.15984290525402065,0.40090087056159973,-0.10632454603910446,0.005174577236175537,0.05351836234331131,0.0537679398664586
103,515,529,-0.38488224148750305,-0.3114635646343231,79.99259185791016,-0.1882278472185135,0.054325319826602936,45.870479583740234,0.6337000727653503,0.598549485206604,-34.12211227416992,0.39439722364681956,-0.13009720715477874,0.38444453477859497,-0.05747804790735245,-0.009952694177627563,0.07261916249990463,0.07329801418579454
104,520,534,-0.3389444947242737,-0.15875020623207092,72.17910766601562,-0.05337708070874214,0.13496696949005127,28.22854995727539,0.754547119140625,0.6106379628181458,-43.950557708740234,0.3670197503456018,-0.18197533826049384,0.36503103375434875,-0.04307812452316284,-0.001988708972930908,0.13889721035957336,0.13891144664515803
105,525,539,-0.26400232315063477,-0.02378731034696102,59.567413330078125,0.1068623885512352,0.17557990550994873,12.562788963317871,0.7215831875801086,0.7735946178436279,-47.00462341308594,0.3597515047183038,-0.21878477848190367,0.3478076457977295,-0.15335223078727722,-0.011943846940994263,0.06543254852294922,0.06651371201457638
106,530,544,-0.15119771659374237,0.08245322853326797,42.455406188964844,0.2702297866344452,0.16415847837924957,-4.532619476318359,0.7362171411514282,0.7817040085792542,-46.9880256652832,0.3660828013193827,-0.22418799777903725,0.3654545247554779,-0.21440881490707397,-0.0006282627582550049,0.009779185056686401,0.009799345614189185
107,535,549,-0.030423680320382118,0.14498643577098846,25.610565185546875,0.4112760126590729,0.11900971084833145,-18.403223037719727,0.6098508834838867,0.6849836111068726,-44.01378631591797,0.38707544998677107,-0.21435017332881492,0.3879823088645935,-0.20403572916984558,0.0009068548679351807,0.010314449667930603,0.010354238634673796
108,540,554,0.12854628264904022,0.17539037764072418,9.017704963684082,0.5677712559700012,0.0568995401263237,-20.996625900268555,0.6429982781410217,0.6706621646881104,-30.014331817626953,0.41522390362455874,-0.18587025725629724,0.43081238865852356,-0.11517041176557541,0.015588492155075073,0.07069984823465347,0.07239799464123209
109,545,559,0.29310286045074463,0.1583280712366104,-8.072596549987793,0.7102789878845215,-0.02953455038368702,-33.53169631958008,0.6540142297744751,0.6544918417930603,-25.45909881591797,0.4394234188838776,-0.12741798985722297,0.37477734684944153,-0.15313592553138733,-0.06464606523513794,-0.025717929005622864,0.06957388606886902
110,550,564,0.45392921566963196,0.10059171915054321,-20.206995010375977,0.8259495496749878,-0.15735213458538055,-48.77649688720703,0.8084283471107483,0.8162228465080261,-28.569501876831055,0.43821990928262544,-0.11356707000380797,0.37163394689559937,-0.12281893938779831,-0.0665859580039978,-0.009251870214939117,0.06722564172831849
111,555,569,0.6110841631889343,0.03620002046227455,-22.380373001098633,0.8950849771499634,-0.3135329782962799,-67.19320678710938,0.7971881031990051,0.8063544034957886,-44.812835693359375,0.3957709963274775,-0.21525554258002277,0.35588887333869934,-0.17522072792053223,-0.039882123470306396,0.04003481566905975,0.05650991274242384
112,560,574,0.7281515002250671,-0.04573073983192444,-36.284767150878906,0.9203596711158752,-0.4881444573402405,-82.44456481933594,0.6544719934463501,0.8311461210250854,-46.15979766845703,0.41675619547209924,-0.24287476594397273,0.38664332032203674,-0.18950670957565308,-0.030112862586975098,0.053368061780929565,0.061277520441309956
113,565,579,0.8382553458213806,-0.17838546633720398,-52.729129791259766,0.9333850741386414,-0.6449463367462158,-85.76065826416016,0.6845099329948425,0.7259361743927002,-33.03152847290039,0.4288895262352649,-0.20683927405650163,0.43072351813316345,-0.19400301575660706,0.0018340051174163818,0.012836262583732605,0.012966619138744036
114,570,584,0.9004899263381958,-0.3383389711380005,-70.7636489868164,0.9230619072914124,-0.8313391208648682,-94.80912780761719,0.6861639618873596,0.7395221590995789,-24.04547882080078,0.47291142915624124,-0.14111492524983946,0.4079738259315491,-0.12271102517843246,-0.06493759155273438,0.01840389519929886,0.06749514171536003
115,575,589,0.9236280918121338,-0.5133190751075745,-82.35811614990234,0.955531656742096,-1.0244358777999878,-78.54309844970703,0.833229660987854,0.930036723613739,3.8150177001953125,0.5108199333199565,-0.03634857868955812,0.4889673888683319,-0.07301648706197739,-0.0218525230884552,-0.03666790947318077,0.04268569257333009
116,580,594,0.9343344569206238,-0.6973538994789124,-87.7809066772461,1.0796834230422974,-1.1697072982788086,-47.603790283203125,0.8672634363174438,0.8953229784965515,40.17711639404297,0.47762719475277726,0.126950061611036,0.4237035810947418,0.05394723266363144,-0.053923606872558594,-0.07300282269716263,0.0907588425438514
117,585,599,0.9219436645507812,-0.8587076663970947,-94.57880401611328,1.2204715013504028,-1.3029264211654663,-45.04750061035156,0.7554508447647095,0.9120832681655884,49.53130340576172,0.41896949310125975,0.33303713799319373,0.4335196912288666,0.18178918957710266,0.014550209045410156,-0.15124794840812683,0.15194620916933904
118,590,604,0.9699243903160095,-1.0494898557662964,-71.88275909423828,1.3042372465133667,-1.45295250415802,-61.856204986572266,0.7988861203193665,0.7928734421730042,10.026554107666016,0.4874185991015319,0.1922766333073225,0.42711880803108215,0.0563565194606781,-0.06029978394508362,-0.13592010736465454,0.1486954590088177
119,595,609,1.1033068895339966,-1.1855673789978027,-39.22373962402344,1.3528969287872314,-1.655608892440796,-78.44165802001953,0.6718878149986267,0.8191512823104858,-39.217918395996094,0.4905839565673321,-0.20630461364921726,0.40411293506622314,-0.127772718667984,-0.08647102117538452,0.0785318911075592,0.11680965466965192
120,600,614,1.2362395524978638,-1.3258380889892578,-48.38567352294922,1.3391392230987549,-1.8620295524597168,-95.8664321899414,0.9150273203849792,0.8211855292320251,-47.48075866699219,0.4692109532606992,-0.27916072261073965,0.4651033580303192,-0.23374658823013306,-0.0041075944900512695,0.045414119958877563,0.0455995024548955
121,605,619,1.3230551481246948,-1.5096925497055054,-66.45696258544922,1.2609808444976807,-2.0428004264831543,-114.5498046875,0.9557780027389526,0.9296401143074036,-48.09284210205078,0.46393731236903624,-0.26985069509813564,0.4488482177257538,-0.27907243371009827,-0.015089094638824463,-0.00922173261642456,0.017683922909474292
122,610,624,1.3543998003005981,-1.7135050296783447,-82.68291473388672,1.1411772966384888,-2.215728521347046,-125.34082794189453,0.9675148129463196,0.9819378852844238,-42.65791320800781,0.4709775398627366,-0.27544950280711084,0.4743073880672455,-0.2213980257511139,0.003329843282699585,0.054051488637924194,0.054153959045142655
123,615,629,1.3312082290649414,-1.889054775238037,-99.01541137695312,1.0650863647460938,-2.382246732711792,-113.2183609008789,0.8028601408004761,0.8452293872833252,-14.202949523925781,0.5288005060570738,-0.1855510128754781,0.47570446133613586,-0.09564333409070969,-0.05309602618217468,0.0899076834321022,0.10441541809744997
124,620,634,1.2444484233856201,-2.0700936317443848,-118.6026611328125,1.089532732963562,-2.6017143726348877,-79.07402801513672,0.7842609882354736,0.8681250214576721,39.52863311767578,0.5409053366112899,0.11849430412191655,0.5195596814155579,0.12376432120800018,-0.021345674991607666,0.005270019173622131,0.0219866082636156
125,625,639,1.1256718635559082,-2.2410151958465576,-126.10874938964844,1.17466139793396,-2.7949297428131104,-63.65856170654297,0.809694766998291,0.8193639516830444,62.45018768310547,0.4186370081568512,0.3660114140586604,0.4353967607021332,0.15186837315559387,0.016759753227233887,-0.2141430377960205,0.21479788165795688
126,630,644,1.0596154928207397,-2.446734666824341,-105.86551666259766,1.1954913139343262,-3.0074002742767334,-85.69306182861328,1.020893931388855,0.9949632287025452,20.172454833984375,0.502161842233743,0.2839747283609318,0.4164232313632965,0.05571944639086723,-0.08573862910270691,-0.2282552868127823,0.24382696421519306
127,635,649,1.108558177947998,-2.6614232063293457,-76.14848327636719,1.1598260402679443,-3.223710060119629,-100.98653411865234,1.0427716970443726,1.0264928340911865,-24.838050842285156,0.5582090838634167,-0.08483818918740127,0.4563681185245514,-0.06586422771215439,-0.10184094309806824,0.01897396147251129,0.10359338253510364
128,640,654,1.1819056272506714,-2.8270087242126465,-67.1183853149414,1.0831246376037598,-3.3914616107940674,-115.37419128417969,0.8211196660995483,0.8676149845123291,-48.25580596923828,0.4816273663341012,-0.3104832122414981,0.4481559693813324,-0.21015164256095886,-0.03347140550613403,0.10033157467842102,0.10576748018180084
129,645,659,1.1953946352005005,-3.0404956340789795,-88.45356750488281,0.9378102421760559,-3.54856276512146,-135.40771484375,0.853287935256958,0.863552987575531,-46.95414733886719,0.5009306383719843,-0.271201815472804,0.41034185886383057,-0.26387307047843933,-0.09058880805969238,0.00732874870300293,0.090884777070902
130,650,664,1.150724172592163,-3.248931646347046,-104.15087127685547,0.7597522735595703,-3.6323742866516113,-157.6991729736328,0.819464385509491,0.7950031161308289,-53.548301696777344,0.4673904620677731,-0.28536545026502746,0.3193857967853546,-0.1760525107383728,-0.1480046510696411,0.10931295156478882,0.18399646224330532
131,655,669,1.0496200323104858,-3.438333034515381,-119.21835327148438,0.5652379393577576,-3.626312732696533,-174.62078857421875,1.0073999166488647,0.8361589312553406,-55.402435302734375,0.40050815689252006,-0.33099183549462236,0.25489750504493713,-0.19258606433868408,-0.14561066031455994,0.13840577006340027,0.20089455339576776
132,660,674,0.8934868574142456,-3.5775234699249268,-140.33770751953125,0.40644100308418274,-3.5307867527008057,-174.62078857421875,0.959525465965271,0.8361589312553406,-34.2830810546875,0.3451072908469934,-0.34684137982835467,0.3085762560367584,-0.16190624237060547,-0.036531031131744385,0.18493512272834778,0.18850866254392007
133,665,679,0.7303791046142578,-3.6394927501678467,-160.90972900390625,0.2476440668106079,-3.43526029586792,-174.62078857421875,0.8014498353004456,0.8361589312553406,-13.7110595703125,0.38939102082919075,-0.35088266558817593,0.33086058497428894,-0.11136219650506973,-0.058530449867248535,0.23952049016952515,0.24656820308529664
134,670,684,0.5334785580635071,-3.607207775115967,-174.62078857421875,0.11827061325311661,-3.329832077026367,149.3841094970703,0.8361589312553406,0.8001798987388611,-35.9951171875,0.3873762307696017,-0.3150786843729321,0.34579238295555115,-0.17213431000709534,-0.0415838360786438,0.1429443657398224,0.14887010149716304
135,675,689,0.37468159198760986,-3.511681318283081,-174.62078857421875,0.029365409165620804,-3.1275110244750977,111.3769760131836,0.8361589312553406,0.8760340213775635,-74.00222778320312,0.3077805680639288,-0.41485081049346995,0.4007589817047119,-0.2597910463809967,0.09297841787338257,0.15505975484848022,0.1807996508954266
136,680,694,0.21588467061519623,-3.4161550998687744,-174.62078857421875,0.0015244408277794719,-2.9076013565063477,94.69075775146484,0.8361589312553406,0.8513795137405396,-90.68844604492188,0.1657407714431359,-0.5264097432876714,0.38885292410850525,-0.2737797200679779,0.22311215102672577,0.2526300251483917,0.33704741734991756
137,685,699,0.08742298185825348,-3.275831937789917,144.04721069335938,0.01970369927585125,-2.6882834434509277,84.88078308105469,0.8146365284919739,1.0446879863739014,-59.16642761230469,0.3997793823205125,-0.43586188139437476,0.43388715386390686,-0.2962554693222046,0.03410777449607849,0.13960641622543335,0.14371253157739683
138,690,704,0.014183320105075836,-3.0618791580200195,107.98786926269531,0.003035676432773471,-2.4725146293640137,96.39694213867188,1.0575075149536133,1.0160642862319946,-11.590927124023438,0.5640000888619028,-0.17140220930879332,0.4610283076763153,-0.058643557131290436,-0.10297176241874695,0.11275865882635117,0.15270133920807744
139,695,709,0.0027553585823625326,-2.877469062805176,92.4981460571289,-0.09449289739131927,-2.3276660442352295,125.80615234375,0.8655503392219543,0.8132295608520508,33.308006286621094,0.553519269282114,0.0731915370601461,0.5030674934387207,0.10329283028841019,-0.05045175552368164,0.030101291835308075,0.0587491906801764
140,700,714,0.023618530482053757,-2.6561033725738525,83.84386444091797,-0.22346201539039612,-2.1699090003967285,130.14027404785156,0.8734032511711121,0.7941141128540039,46.296409606933594,0.4568941825588801,0.2977943442546918,0.48349443078041077,0.22814145684242249,0.026600241661071777,-0.06965288519859314,0.07455935402694831
141,705,719,-0.0079882200807333,-2.447580575942993,102.61547088623047,-0.3033909201622009,-1.9816513061523438,110.33837127685547,0.8174163699150085,0.8193901181221008,7.722900390625,0.5191986676794151,0.1865089446765811,0.4328325092792511,-0.006252303719520569,-0.08636614680290222,-0.19276124238967896,0.21122501717645337
142,710,724,-0.13038301467895508,-2.2802863121032715,128.02584838867188,-0.3262490928173065,-1.779599905014038,95.18653106689453,0.9584158658981323,0.9609226584434509,-32.839317321777344,0.5150639848669665,-0.15414113760507167,0.3641740679740906,-0.1844651997089386,-0.15088993310928345,-0.0303240567445755,0.15390685602393503
143,715,729,-0.2516108751296997,-2.1213433742523193,126.79796600341797,-0.29799240827560425,-1.5788501501083374,80.88927459716797,0.9310747385025024,0.9519218802452087,-45.90869140625,0.46218519354153276,-0.2878106873103797,0.34822991490364075,-0.21205440163612366,-0.1139552891254425,0.07575628161430359,0.13683867188660107
144,720,734,-0.3104552924633026,-1.9535977840423584,108.23131561279297,-0.2492944747209549,-1.4117239713668823,73.72251892089844,0.813148558139801,0.7938481569290161,-34.50879669189453,0.49553798544088024,-0.22761805612816302,0.4170747697353363,-0.155623197555542,-0.07846322655677795,0.0719948559999466,0.10648820222049629
145,725,739,-0.32539787888526917,-1.7497433423995972,91.96692657470703,-0.23080523312091827,-1.2196053266525269,87.8787841796875,0.7902543544769287,0.7490832805633545,-4.088142395019531,0.5265789957901872,-0.1127326286641934,0.43256649374961853,-0.057254306972026825,-0.09401252865791321,0.05547831952571869,0.10916134609857416
146,730,744,-0.289750337600708,-1.55027437210083,78.07801818847656,-0.3034551739692688,-1.0494771003723145,115.176513671875,0.8052300810813904,0.7168753743171692,37.09849548339844,0.48716383599037744,0.11686371042267302,0.46191635727882385,0.15819256007671356,-0.0252474844455719,0.04132884740829468,0.04843045631549945
147,735,749,-0.2358463853597641,-1.3557089567184448,74.45194244384766,-0.3752257227897644,-0.8940385580062866,113.57547760009766,0.9649839401245117,0.8113218545913696,39.12353515625,0.40741586682492753,0.2580280376407996,0.42438045144081116,0.08429715037345886,0.016964584589004517,-0.17373088002204895,0.17455719923140683
148,740,754,-0.24800702929496765,-1.167435884475708,96.28791046142578,-0.38378357887268066,-0.7208997011184692,91.22758483886719,0.8846352100372314,0.8229217529296875,-5.060325622558594,0.4587207304113547,0.08605304151133752,0.4152413606643677,-0.03274833410978317,-0.04347938299179077,-0.11880137771368027,0.12650780249461038
149,745,759,-0.31622686982154846,-1.029239296913147,116.97000122070312,-0.35499534010887146,-0.5551316738128662,79.74285888671875,0.7011529803276062,0.7977764010429382,-37.227142333984375,0.44012805131731436,-0.18046698039763498,0.444132536649704,-0.17583316564559937,0.004004478454589844,0.004633814096450806,0.0061243841138305865
150,750,764,-0.38057810068130493,-0.8704875111579895,107.29222106933594,-0.3076814115047455,-0.4183461368083954,70.6312255859375,0.6753304600715637,0.6590479612350464,-36.66099548339844,0.4100369165649153,-0.20399871750964615,0.4933987557888031,-0.11178591102361679,0.08336183428764343,0.09221280366182327,0.12430766901110524
151,755,769,-0.38082388043403625,-0.6978638172149658,87.95512390136719,-0.2630987763404846,-0.2613677382469177,77.5354232788086,0.6783105731010437,0.6409685015678406,-10.419700622558594,0.44041880807598904,-0.10207497529386511,0.4735349714756012,-0.06466617435216904,0.033116161823272705,0.037408798933029175,0.0499609688808873
152,760,774,-0.34742164611816406,-0.5313912630081177,79.08120727539062,-0.2862176299095154,-0.11901304870843887,104.53277587890625,0.8173290491104126,0.5722378492355347,25.451568603515625,0.41650590169791213,0.018015638339615947,0.4616195261478424,0.04959438741207123,0.04511362314224243,0.03157874941825867,0.0550677438056204
153,765,779,-0.28825223445892334,-0.3751605749130249,68.1159439086914,-0.3456447124481201,-0.004102009814232588,116.2903060913086,0.7786540389060974,0.5979855060577393,48.17436218261719,0.32292820408258854,0.19156127383040872,0.44265761971473694,0.17146769165992737,0.1197294294834137,-0.02009357511997223,0.12140382220311559
154,770,784,-0.26010966300964355,-0.21972735226154327,81.00428009033203,-0.35184428095817566,0.12273535132408142,91.02454376220703,0.729354977607727,0.5832589268684387,10.020263671875,0.3239067477007024,0.14415398876713825,0.3846871554851532,0.06914840638637543,0.06078040599822998,-0.07500557601451874,0.09654063489836505
155,775,789,-0.2974884510040283,-0.10158030688762665,111.06120300292969,-0.3215041160583496,0.2316756248474121,73.62496185302734,0.560056209564209,0.5192054510116577,-37.436241149902344,0.31962386801499776,-0.09734917119073172,0.3021903932094574,-0.09145250171422958,-0.017433464527130127,0.005896672606468201,0.018403707051748486
156,780,794,-0.34994807839393616,0.016705229878425598,108.72443389892578,-0.24754385650157928,0.3456534147262573,55.183712005615234,0.5111384391784668,0.5417988300323486,-53.54072189331055,0.2786646255565627,-0.20258225303047422,0.2521401047706604,-0.11301205307245255,-0.026524513959884644,0.08957020193338394,0.09341504651390638
157,785,799,-0.34811797738075256,0.1411038339138031,86.18396759033203,-0.13507278263568878,0.43958476185798645,37.79722595214844,0.48846718668937683,0.5884979963302612,-48.386741638183594,0.3119979796276406,-0.1927080176294004,0.2688847482204437,-0.17886626720428467,-0.04311323165893555,0.013841748237609863,0.045280732528862846
158,790,804,-0.3037872016429901,0.26477891206741333,68.8512954711914,0.001997605664655566,0.5012931823730469,23.094545364379883,0.600743293762207,0.7228805422782898,-45.756752014160156,0.3309083934543589,-0.19985742984877153,0.2797066271305084,-0.187147855758667,-0.05120176076889038,0.012709572911262512,0.052755602066713064
159,795,809,-0.21962225437164307,0.37400802969932556,50.59476089477539,0.15687856078147888,0.5229895114898682,6.861181735992432,0.6473739743232727,0.743434727191925,-43.733577728271484,0.35411750311110235,-0.19633934836865863,0.26746511459350586,-0.19261738657951355,-0.08665239810943604,0.003721967339515686,0.08673229582452326
160,800,814,-0.1189020499587059,0.4497387111186981,35.32273483276367,0.2886350750923157,0.5096396803855896,-6.917052268981934,0.5692857503890991,0.6029828190803528,-42.23978805541992,0.3671465292639761,-0.18675670412640566,0.30373966693878174,-0.23059958219528198,-0.06340685486793518,-0.04384288191795349,0.077088439724222
161,805,819,0.022676629945635796,0.5068415403366089,20.16351318359375,0.4352768361568451,0.4551555812358856,-23.34052848815918,0.6066285967826843,0.6106501221656799,-43.50404357910156,0.36949690050786477,-0.19074176209777488,0.3313828408718109,-0.21391165256500244,-0.038114070892333984,-0.02316989004611969,0.044604105245314996
162,810,824,0.17979979515075684,0.522843062877655,4.168067932128906,0.5567255616188049,0.3605920374393463,-40.98765563964844,0.6323381066322327,0.6092042922973633,-45.155723571777344,0.3641360624814864,-0.1892177493888648,0.374431848526001,-0.2366713583469391,0.010295778512954712,-0.047453612089157104,0.048557680705486925
163,815,829,0.3333353102207184,0.499144047498703,-10.149041175842285,0.6367268562316895,0.2360232174396515,-58.845733642578125,0.736127495765686,0.7042953372001648,-48.696693420410156,0.3450086373775608,-0.2055432838522587,0.3428322672843933,-0.17636680603027344,-0.0021763741970062256,0.02917647361755371,0.029257532660858506
164,820,834,0.473114937543869,0.4332420229911804,-26.30170440673828,0.6954081058502197,0.09413634240627289,-68.23303985595703,0.717083215713501,0.7173644304275513,-41.93133544921875,0.3495368733766897,-0.20550153119755654,0.3723433315753937,-0.18282878398895264,0.02280646562576294,0.02267274260520935,0.03215879555551143
165,825,839,0.5704790353775024,0.3456086814403534,-43.062259674072266,0.7616527080535889,-0.051514480262994766,-65.09392547607422,0.6036589741706848,0.7432432770729065,-22.031665802001953,0.41082659730682747,-0.1596110355590201,0.39688459038734436,-0.1507490575313568,-0.01394200325012207,0.008861973881721497,0.016520110039183404
166,830,844,0.6470404863357544,0.21526657044887543,-62.57583236694336,0.8527548909187317,-0.16910307109355927,-51.158203125,0.5861672163009644,0.6829308271408081,11.41762924194336,0.4359213924807212,0.005565713795875699,0.4460110366344452,-0.01579286903142929,0.010089635848999023,-0.021358583122491837,0.023621808240814238
167,835,849,0.704742968082428,0.07105301320552826,-68.46302032470703,0.9666659832000732,-0.3118634521961212,-54.559791564941406,0.6071674227714539,0.7180508971214294,13.903228759765625,0.45233391405380685,0.1030665033314627,0.4092312455177307,0.04907424747943878,-0.0431026816368103,-0.05399225652217865,0.06908693746751962
168,840,854,0.7748793959617615,-0.07239004224538803,-63.208152770996094,1.021314263343811,-0.48158037662506104,-73.72012329101562,0.755754292011261,0.8430237174034119,-10.511970520019531,0.4763443779312436,0.03553732020344852,0.3845923840999603,-0.10321233421564102,-0.09175199270248413,-0.13874965906143188,0.16634270664667053
169,845,859,0.8909634351730347,-0.20549778640270233,-47.50422286987305,1.0298740863800049,-0.6633164286613464,-87.65105438232422,0.8369744420051575,0.8613539934158325,-40.14683151245117,0.4314012206658644,-0.2068503115352657,0.39391154050827026,-0.1535818874835968,-0.03748968243598938,0.053268417716026306,0.06513831909959295
170,850,864,0.9783461689949036,-0.3344491720199585,-58.01969909667969,1.025537371635437,-0.8498833179473877,-91.52251434326172,0.7139396071434021,0.8850525617599487,-33.50281524658203,0.4622005954945236,-0.23295917650761483,0.42185965180397034,-0.13961607217788696,-0.040340930223464966,0.0933431088924408,0.1016873966084319
171,855,869,1.0234553813934326,-0.5068382024765015,-78.01622772216797,1.0048274993896484,-1.0137394666671753,-97.61463165283203,0.7012699246406555,0.7635539174079895,-19.598403930664062,0.49198629134284205,-0.12347217806763759,0.346247136592865,-0.08848627656698227,-0.14573916792869568,0.034985899925231934,0.14987967928350696
172,860,874,1.0298129320144653,-0.6890214681625366,-88.61639404296875,0.9969292283058167,-1.2143343687057495,-89.481689453125,0.7167972922325134,0.8008528351783752,-0.86529541015625,0.5243657258555153,-0.045558391046438246,0.44832977652549744,-0.11053336411714554,-0.07603594660758972,-0.06497497856616974,0.1000160637907054
173,865,879,1.0232235193252563,-0.8761357069015503,-91.91690063476562,1.09074866771698,-1.3945530652999878,-60.403533935546875,0.8812381029129028,0.8116580247879028,31.51336669921875,0.515868532917908,0.0848284144568526,0.4562878906726837,0.07785467803478241,-0.05958065390586853,-0.006973735988140106,0.059987392954546435
174,870,884,0.9956120252609253,-1.0687307119369507,-98.31787872314453,1.2072505950927734,-1.5619829893112183,-56.254966735839844,0.9173181653022766,0.9616220593452454,42.06291198730469,0.45744691956394057,0.28076860429334544,0.4845820963382721,0.15723645687103271,0.02713516354560852,-0.12353214621543884,0.12647730329683457
175,875,889,1.0178635120391846,-1.2662335634231567,-81.86087036132812,1.2624155282974243,-1.767979383468628,-76.1323471069336,0.9392296075820923,1.0068845748901367,5.728523254394531,0.5313148552816458,0.17105286067796843,0.45665326714515686,0.055230315774679184,-0.07466158270835876,-0.11582253873348236,0.13780135126763496
176,880,894,1.1101270914077759,-1.4166001081466675,-57.70615005493164,1.260756254196167,-1.9507135152816772,-91.4665298461914,0.806721031665802,0.8380530476570129,-33.760379791259766,0.5319716901184235,-0.15802657142470816,0.4782446324825287,-0.16094788908958435,-0.05372706055641174,-0.0029213130474090576,0.05380642253442703
177,885,899,1.2185373306274414,-1.5902456045150757,-61.776309967041016,1.2010754346847534,-2.1570401191711426,-107.98294830322266,0.8239824771881104,0.8435582518577576,-46.20663833618164,0.4911491819158653,-0.2834315098176206,0.49819400906562805,-0.2752283811569214,0.0070448219776153564,0.008203119039535522,0.010812986575090276
178,890,904,1.2646559476852417,-1.7983901500701904,-79.73579406738281,1.102206826210022,-2.344326972961426,-119.81449127197266,0.8459154963493347,0.8241571187973022,-40.078697204589844,0.5082535425391655,-0.2571285051351472,0.49324676394462585,-0.17089074850082397,-0.01500675082206726,0.08623775839805603,0.08753372803529563
179,895,909,1.2484272718429565,-2.0111584663391113,-95.80913543701172,1.0053510665893555,-2.53999662399292,-115.20201110839844,1.0069178342819214,1.031338095664978,-19.39287567138672,0.5507252928354055,-0.18830159421131357,0.38889846205711365,-0.0876125916838646,-0.16182681918144226,0.10068900138139725,0.19059431892259074
180,900,914,1.1767096519470215,-2.2143139839172363,-110.4882583618164,1.0285576581954956,-2.757150888442993,-81.73819732666016,1.0095194578170776,1.0264450311660767,28.75006103515625,0.5603546619857724,0.05122080591389114,0.4794793426990509,-0.09658437222242355,-0.08087530732154846,-0.14780518412590027,0.16848497793229578
181,905,919,1.0851974487304688,-2.3703298568725586,-121.1644287109375,1.1014316082000732,-2.9285354614257812,-66.52556610107422,0.8386344909667969,0.8588745594024658,54.63886260986328,0.469247445907177,0.30276043235189176,0.4302960932254791,0.030327435582876205,-0.038951367139816284,-0.27243298292160034,0.2752034505336402
182,910,924,1.0017400979995728,-2.5724613666534424,-107.75616455078125,1.1153756380081177,-3.146221160888672,-88.86969757080078,0.8644617795944214,0.8551353812217712,18.88646697998047,0.5117725317800255,0.2831999525941862,0.44204750657081604,-0.07663864642381668,-0.06972500681877136,-0.359838604927063,0.36653157868283687
183,915,929,1.0392272472381592,-2.7853004932403564,-76.31367492675781,1.0669721364974976,-3.3638973236083984,-105.5802993774414,0.8381555676460266,0.8761196136474609,-29.266624450683594,0.5687325459716099,-0.10994254019535962,0.49848082661628723,-0.10370189696550369,-0.07025173306465149,0.006240643560886383,0.07052837464908064
184,920,934,1.1123086214065552,-2.990772247314453,-71.45233154296875,0.9600926637649536,-3.548957109451294,-121.62548065185547,1.0254336595535278,1.01059091091156,-50.17314910888672,0.4807734607174081,-0.3218647503987982,0.432513564825058,-0.1335602104663849,-0.048259884119033813,0.18830454349517822,0.1943903740315092
185,925,939,1.1097568273544312,-3.210456132888794,-91.51875305175781,0.8042077422142029,-3.6803884506225586,-141.2338409423828,1.0371795892715454,0.9607843160629272,-49.715087890625,0.477865547111768,-0.2929865962193988,0.37630563974380493,-0.13782963156700134,-0.10155990719795227,0.1551569700241089,0.1854402871468843
186,930,944,1.0564414262771606,-3.392500400543213,-107.25777435302734,0.6176356077194214,-3.7474453449249268,-161.72177124023438,0.8636406064033508,0.9495943188667297,-54.46399688720703,0.46914624588549836,-0.3137487209755747,0.34160301089286804,-0.12826377153396606,-0.12754324078559875,0.18548494577407837,0.22510429444794253
187,935,949,0.9404134154319763,-3.5710086822509766,-126.11396789550781,0.4869169592857361,-3.761294364929199,-172.59423828125,0.8257565498352051,0.575295090675354,-46.48027038574219,0.4210093500985135,-0.2542022893271093,0.34924060106277466,-0.13704144954681396,-0.07176876068115234,0.11716082692146301,0.1373951031683063
188,940,954,0.7815778255462646,-3.69329571723938,-146.57473754882812,0.3729010224342346,-3.757699728012085,175.01596069335938,0.7759280204772949,0.40317875146865845,-38.4093017578125,0.37656060194287605,-0.17136720535125305,0.3576296865940094,-0.235469251871109,-0.018930912017822266,-0.06410205364227295,0.06683900590959867
189,945,959,0.5906435251235962,-3.747812032699585,-165.39785766601562,0.28848475217819214,-3.7362375259399414,165.73521423339844,0.919815719127655,0.38324815034866333,-28.866943359375,0.28948097015487784,-0.08737654829982686,0.34639713168144226,-0.2537496089935303,0.05691614747047424,-0.16637305915355682,0.17583925231584013
190,950,964,0.44592908024787903,-3.764068365097046,-173.79481506347656,0.2382686585187912,-3.7197444438934326,161.79757690429688,0.6614291667938232,0.24839062988758087,-24.4075927734375,0.2016528355541462,-0.06651010943111736,0.30153393745422363,-0.24237576127052307,0.09988109767436981,-0.17586565017700195,0.2022497480463613
191,955,969,0.3395950198173523,-3.753675937652588,174.0040283203125,0.20169810950756073,-3.707815647125244,161.79757690429688,0.5002880692481995,0.24839062988758087,-12.206451416015625,0.14193300871502587,-0.031204889958778327,0.26337292790412903,-0.17947885394096375,0.12143991887569427,-0.14827395975589752,0.19165808367566636
192,960,974,0.27580323815345764,-3.7332677841186523,162.25958251953125,0.17836695909500122,-3.699092149734497,159.60227966308594,0.29469767212867737,0.15549355745315552,-2.6573028564453125,0.1032163566546352,-0.0028611503385864885,0.25094959139823914,-0.12364489585161209,0.14773324131965637,-0.1207837462425232,0.1908240654298877
193,965,979,0.23095455765724182,-3.7173585891723633,161.79757690429688,0.17279286682605743,-3.6951870918273926,146.75790405273438,0.24839062988758087,0.0298836138099432,-15.0396728515625,0.06217703601060146,-0.002893746325559686,0.2650046646595001,-0.11066441982984543,0.20282763242721558,-0.10777067393064499,0.22968144599748383
194,970,984,0.19438400864601135,-3.705429792404175,161.79757690429688,0.1806720495223999,-3.6978366374969482,-0.6822230815887451,0.24839062988758087,0.00859021209180355,-162.47979736328125,0.015397709280871958,-0.002929910127372459,0.27759993076324463,-0.11040293425321579,0.2622022330760956,-0.10747302323579788,0.2833733610513407
195,975,989,0.17598856985569,-3.697784900665283,159.60227966308594,0.18074534833431244,-3.700399398803711,-88.36170196533203,0.15549355745315552,0.01410095114260912,112.0360107421875,-0.005369752231209342,0.0007926556540831435,0.28952595591545105,-0.05528626590967178,0.2948957085609436,-0.056078922003507614,0.30018048640898776
196,980,994,0.17747634649276733,-3.695239782333374,122.35730743408203,0.1652856469154358,-3.6594338417053223,-120.3393325805664,0.019196661189198494,0.016211818903684616,117.30335998535156,0.036770675128316596,-0.008865438006783327,0.28855064511299133,-0.03001386672258377,0.2517799735069275,-0.021148428320884705,0.25266660064122587
197,985,999,0.1806720495223999,-3.6978366374969482,-28.79859733581543,0.14791376888751984,-3.6082510948181152,-120.3393325805664,0.02985551208257675,0.016211818903684616,-91.54073333740234,-0.07186292892923633,0.06272474673465088,0.30626487731933594,-0.011685341596603394,0.3781278133392334,-0.0744100883603096,0.3853796887103668
198,990,1004,0.17918315529823303,-3.700380563735962,-120.3393325805664,0.13054189085960388,-3.557067632675171,-120.3393325805664,0.016211818903684616,0.016211818903684616,0.0,-0.09911639571595154,-0.11437005252994592,0.2914106845855713,-0.19769057631492615,0.39052706956863403,-0.08332052081823349,0.39931654267671707
199,995,1009,0.16181127727031708,-3.6491973400115967,-120.3393325805664,0.11317001283168793,-3.5058844089508057,-120.3393325805664,0.016211818903684616,0.016211818903684616,0.0,-0.09911639571595154,-0.11437005252994592,0.27224990725517273,-0.1736634373664856,0.3713662922382355,-0.05929338186979294,0.3760699777226728
200,1000,1014,0.14443939924240112,-3.5980143547058105,-120.3393325805664,0.09135641157627106,-3.4194979667663574,107.36348724365234,0.016211818903684616,0.2697688937187195,-132.29718017578125,-0.12725509970982998,-0.1359854548852673,0.3223119080066681,-0.20431339740753174,0.4495670199394226,-0.06832794845104218,0.45472982523333727
201,1005,1019,0.12706750631332397,-3.5468311309814453,-120.3393325805664,0.07250619679689407,-3.273648262023926,95.0828628540039,0.016211818903684616,0.5626157522201538,-144.5778045654297,-0.2082101810076012,-0.18507927196958307,0.40045613050460815,-0.26801028847694397,0.6086663007736206,-0.08293101191520691,0.6142900116677169
202,1010,1024,0.10969562828540802,-3.495647668838501,-120.3393325805664,0.08194302767515182,-3.118666887283325,85.15513610839844,0.016211818903684616,0.7327182292938232,-154.50552368164062,-0.31133448612854087,-0.21437246616499275,0.39516347646713257,-0.2756790816783905,0.7064979672431946,-0.06130661070346832,0.7091529300755322
203,1015,1029,0.08156906068325043,-3.375539779663086,102.64619445800781,0.10965824127197266,-2.9578938484191895,80.3686752319336,0.6193169355392456,0.7780869603157043,-22.27751922607422,0.40136451381328647,-0.11884297624239953,0.41242003440856934,-0.19816869497299194,0.011055529117584229,-0.07932572066783905,0.08009241339566302
204,1020,1034,0.07069139182567596,-3.2514123916625977,94.16797637939453,0.09389448165893555,-2.7882113456726074,97.6907730102539,0.570793092250824,0.8062127828598022,3.522796630859375,0.4602895791875614,-0.05680753185422678,0.465885192155838,-0.11962873488664627,0.0055956244468688965,-0.06282120198011398,0.06306991700626119
205,1025,1039,0.08598914742469788,-3.097370147705078,83.41204833984375,0.0319284088909626,-2.6522960662841797,115.85382080078125,0.6209696531295776,0.6879913806915283,32.4417724609375,0.4359329241578669,0.10476634497127847,0.4472118318080902,0.057625532150268555,0.011278897523880005,-0.04714081436395645,0.0484713307868805
206,1030,1044,0.1135113313794136,-2.9334769248962402,80.73158264160156,-0.06247822940349579,-2.5019829273223877,123.19914245605469,0.6664206981658936,0.6939677596092224,42.467559814453125,0.3975158423072757,0.24318830807423938,0.44236841797828674,0.08776473999023438,0.04485258460044861,-0.15542356669902802,0.16176600208569045
207,1035,1049,0.08647693693637848,-2.7648651599884033,101.11837768554688,-0.12415053695440292,-2.3368115425109863,107.98526000976562,0.7978098392486572,0.6870365142822266,6.86688232421875,0.4606361271111157,0.12412972027114538,0.3917970359325409,-0.055337511003017426,-0.06883910298347473,-0.17946723103523254,0.1922168283866503
208,1040,1054,0.006609499920159578,-2.6075634956359863,117.45679473876953,-0.15569870173931122,-2.1551339626312256,99.71531677246094,0.8312082290649414,0.8604645133018494,-17.741477966308594,0.47630431768265175,-0.06458042634219477,0.38903576135635376,-0.1305956244468689,-0.08726856112480164,-0.06601519882678986,0.10942489770127198
209,1045,1059,-0.085580013692379,-2.4556233882904053,120.72563171386719,-0.16387252509593964,-1.9672771692276,91.6033935546875,0.8423556089401245,0.8894694447517395,-29.122238159179688,0.4597958271103242,-0.18220742132730716,0.4288114607334137,-0.12508553266525269,-0.03098437190055847,0.0571218878030777,0.06498416244177894
210,1050,1064,-0.1292976289987564,-2.309338331222534,105.54098510742188,-0.15170298516750336,-1.8149185180664062,85.75306701660156,0.7038933038711548,0.6849268674850464,-19.787918090820312,0.4823463659861836,-0.11088252723631209,0.46027347445487976,-0.08109360188245773,-0.02207288146018982,0.029788926243782043,0.037075493559939
211,1055,1069,-0.15934741497039795,-2.1289355754852295,98.35052490234375,-0.17164146900177002,-1.6861704587936401,102.45130157470703,0.7008946537971497,0.48878616094589233,4.100776672363281,0.43985641834424277,-0.05213850366876237,0.43556907773017883,0.0009133145213127136,-0.00428733229637146,0.053051818162202835,0.0532247745747687
212,1060,1074,-0.1609252244234085,-1.9391087293624878,89.75145721435547,-0.23277074098587036,-1.5804400444030762,121.62771606445312,0.8829480409622192,0.48702651262283325,31.876258850097656,0.35835365341230896,0.07340070099591274,0.4139515459537506,0.15451577305793762,0.055597901344299316,0.08111507445573807,0.0983401339121031
213,1065,1079,-0.15248018503189087,-1.7729504108428955,86.67769622802734,-0.2955872714519501,-1.482985019683838,121.40106964111328,0.7701166868209839,0.5467275381088257,34.72337341308594,0.2811846207449956,0.15967083425020537,0.4360254108905792,0.15140900015830994,0.15484079718589783,-0.008261829614639282,0.155061053465226
214,1070,1084,-0.18633516132831573,-1.6558382511138916,112.45294189453125,-0.3365367352962494,-1.3424272537231445,105.28327178955078,0.5111702680587769,0.6834093332290649,-7.169670104980469,0.3470180763533307,0.019115982630809616,0.42067626118659973,0.08934756368398666,0.07365819811820984,0.07023157924413681,0.1017742839480923
215,1075,1089,-0.24379472434520721,-1.56783127784729,124.24105834960938,-0.3443548083305359,-1.2250499725341797,92.75484466552734,0.4899941384792328,0.535222053527832,-31.48621368408203,0.33995235488834963,-0.10974402110895021,0.4444113075733185,-0.18215447664260864,0.10445895791053772,-0.0724104568362236,0.12710211700434454
216,1080,1094,-0.3037838637828827,-1.4622890949249268,116.21052551269531,-0.3268592655658722,-1.0688914060592651,81.69490814208984,0.5187484622001648,0.61961430311203,-34.51561737060547,0.3631391840803065,-0.1530494977377566,0.3996591567993164,-0.21500086784362793,0.03651997447013855,-0.06195136904716492,0.07191439815584634
217,1085,1099,-0.33967769145965576,-1.3222506046295166,102.38420867919922,-0.2898838520050049,-0.9270225763320923,74.46026611328125,0.564541220664978,0.5909193754196167,-27.92394256591797,0.37535254266838086,-0.13339823653964292,0.420152872800827,-0.20711499452590942,0.04480034112930298,-0.07371675968170166,0.08626257139264787
218,1090,1104,-0.3431319296360016,-1.180367112159729,91.24641418457031,-0.2724766433238983,-0.7764724493026733,84.58277893066406,0.6845234036445618,0.707670271396637,-6.66363525390625,0.4022621814121462,-0.07942421276790537,0.4459518492221832,-0.05656684190034866,0.04368966817855835,0.022857367992401123,0.04930767057053677
219,1095,1109,-0.3186677098274231,-1.0305349826812744,79.76375579833984,-0.29902544617652893,-0.6315310001373291,100.96724700927734,0.6987082958221436,0.7096846699714661,21.2034912109375,0.39614376543879815,0.05157629020422786,0.42770299315452576,0.03971035033464432,0.03155922889709473,-0.011865939944982529,0.03371624918873911
220,1100,1114,-0.28462380170822144,-0.9045650959014893,74.61836242675781,-0.35236337780952454,-0.4887697100639343,111.07913208007812,0.5952510833740234,0.714569628238678,36.46076965332031,0.38293405910164996,0.1756017068086739,0.4373389184474945,0.17853441834449768,0.0544048547744751,0.002932712435722351,0.05448384187318628
221,1105,1119,-0.27447709441185,-0.7582079172134399,86.85490417480469,-0.42306825518608093,-0.39780882000923157,128.32286071777344,0.5671414136886597,0.5464409589767456,41.46795654296875,0.35170385138128096,0.16814054611965437,0.4218265116214752,0.22976168990135193,0.07012265920639038,0.06162114441394806,0.09335069776418496
222,1110,1124,-0.30563610792160034,-0.6099976897239685,104.37470245361328,-0.457733154296875,-0.2700434923171997,99.93743896484375,0.5799024701118469,0.4638969898223877,-4.437263488769531,0.3670711557152578,0.06293754437875511,0.40202125906944275,0.12416529655456543,0.03495010733604431,0.06122775375843048,0.07050069384838717
223,1115,1129,-0.36146029829978943,-0.475754052400589,113.84701538085938,-0.456023633480072,-0.1317782998085022,87.68243408203125,0.6852250695228577,0.651871919631958,-26.164581298828125,0.35284150439665174,-0.052577709219958746,0.4098232686519623,0.09687162935733795,0.05698177218437195,0.14944933354854584,0.15994382032256255
224,1120,1134,-0.4431775212287903,-0.3531229496002197,122.66434478759766,-0.40820881724357605,-0.0007291932706721127,69.73580169677734,0.7161566019058228,0.6804359555244446,-52.92854309082031,0.2777883635718906,-0.2196310265135502,0.38802993297576904,0.12753957509994507,0.11024156212806702,0.3471705913543701,0.3642535127102819
225,1125,1139,-0.4608164429664612,-0.25020352005958557,101.8644790649414,-0.32073041796684265,0.11751028150320053,52.383583068847656,0.5390141606330872,0.7019951939582825,-49.48089599609375,0.3310568664220258,-0.21269436037220504,0.3236294090747833,-0.009668149054050446,-0.0074274539947509766,0.2030262053012848,0.2031620218246599
226,1130,1144,-0.45105767250061035,-0.11678750813007355,83.16175079345703,-0.22536543011665344,0.1928076148033142,36.57509231567383,0.5197922587394714,0.5489280223846436,-46.5866584777832,0.33426518147346496,-0.18722421756892538,0.3573896586894989,-0.2048150599002838,0.023124486207962036,-0.017590835690498352,0.029054764887576308
227,1135,1149,-0.3986355662345886,0.01640830934047699,66.83123779296875,-0.08376464247703552,0.25595465302467346,22.082218170166016,0.5762715935707092,0.6142265796661377,-44.749019622802734,0.34410997453285763,-0.19522928783202098,0.33024609088897705,-0.2319808006286621,-0.013863891363143921,-0.036751508712768555,0.039279522354450286
228,1140,1154,-0.3055165708065033,0.1333361715078354,50.139854431152344,0.07401455193758011,0.2780744135379791,5.75786828994751,0.7069688439369202,0.6189411282539368,-44.38198471069336,0.3543501936063899,-0.19856728449827923,0.33803698420524597,-0.20892629027366638,-0.01631319522857666,-0.010359004139900208,0.01932431901351574
229,1145,1159,-0.18725013732910156,0.21397095918655396,33.20370101928711,0.22673794627189636,0.2527564764022827,-7.86997652053833,0.6853863596916199,0.6540430784225464,-41.07367706298828,0.36763543031738444,-0.19425406066455858,0.3605891168117523,-0.20316889882087708,-0.007046312093734741,-0.008914843201637268,0.011363315688305535
230,1150,1164,-0.03795241937041283,0.2667843997478485,18.123577117919922,0.3797554671764374,0.18794797360897064,-24.69931411743164,0.737241268157959,0.7605581283569336,-42.82289123535156,0.37246103329520014,-0.20486054368429557,0.37995728850364685,-0.18116551637649536,0.007496267557144165,0.023695021867752075,0.02485252680516694
231,1155,1169,0.09455166012048721,0.27787044644355774,3.417670965194702,0.5088053345680237,0.1258852183818817,-24.539609909057617,0.6228572130203247,0.6694961786270142,-27.9572811126709,0.4044564427940005,-0.17641034095973354,0.3821229934692383,-0.15871363878250122,-0.02233344316482544,0.01769670844078064,0.028494844678195474
232,1160,1174,0.2541232705116272,0.24573050439357758,-10.180658340454102,0.6631361842155457,0.05705422908067703,-25.350753784179688,0.6709627509117126,0.663271427154541,-15.170095443725586,0.43592214102383736,-0.113411571703317,0.4602278172969818,-0.12455154210329056,0.024305671453475952,-0.011139973998069763,0.02673695355649155
233,1165,1179,0.39807379245758057,0.17644096910953522,-26.762208938598633,0.7904828786849976,-0.050337158143520355,-42.874515533447266,0.6339074969291687,0.6541381478309631,-16.112306594848633,0.45249103493009435,-0.025788948851672794,0.38654825091362,-0.11493752151727676,-0.06594279408454895,-0.08914857357740402,0.11088697066185478
234,1170,1184,0.5541542172431946,0.10868792235851288,-22.662134170532227,0.8822653293609619,-0.19375522434711456,-58.4734992980957,0.7865400910377502,0.8130642175674438,-35.811363220214844,0.4193088291923609,-0.1526724095758344,0.3664313852787018,-0.10455700010061264,-0.052877455949783325,0.048115409910678864,0.0714920836078648
235,1175,1189,0.7033224701881409,0.03058508038520813,-29.118852615356445,0.921849250793457,-0.3574746549129486,-78.11614990234375,0.7921403050422668,0.7883189916610718,-48.99729919433594,0.37974638939284383,-0.23267357336942696,0.3569343686103821,-0.16820868849754333,-0.02281200885772705,0.06446488201618195,0.0683820792421909
236,1180,1194,0.804966151714325,-0.06774528324604034,-45.23665237426758,0.9359034299850464,-0.5087599754333496,-84.99024963378906,0.6455836296081543,0.6913018822669983,-39.753597259521484,0.4053332895601615,-0.21758553969327094,0.3853706419467926,-0.17290037870407104,-0.01996263861656189,0.044685155153274536,0.04894149600908891
237,1185,1199,0.8923333883285522,-0.21721592545509338,-62.342586517333984,0.9289525151252747,-0.6886589527130127,-93.27825164794922,0.6753540635108948,0.7132527232170105,-30.935665130615234,0.43457342845641045,-0.18640124376491377,0.4216519296169281,-0.15006649494171143,-0.012921512126922607,0.03633475303649902,0.038563969633189775
238,1190,1204,0.9249274134635925,-0.38354888558387756,-80.96344757080078,0.9507162570953369,-0.8772256374359131,-80.31876373291016,0.6907157897949219,0.7585642337799072,0.644683837890625,0.49159991701279715,-0.052070350181746904,0.46970340609550476,-0.04359700530767441,-0.02189651131629944,0.008473344147205353,0.02347881532066319
239,1195,1209,0.9363684058189392,-0.5591888427734375,-86.83089447021484,1.0569359064102173,-1.039262056350708,-55.138580322265625,0.830096960067749,0.9237140417098999,31.69231414794922,0.48600439502137033,0.09384317030635356,0.4636794626712799,0.07369577139616013,-0.02232491970062256,-0.020147398114204407,0.03007190865927024
240,1200,1214,0.927522599697113,-0.741269052028656,-93.14934539794922,1.1949846744537354,-1.1708680391311646,-44.44890213012695,0.8569549918174744,0.8826146125793457,48.700443267822266,0.41425613657366217,0.2906597744162094,0.40937504172325134,0.17780062556266785,-0.004881083965301514,-0.11285915970802307,0.11296466222087942
241,1205,1219,0.9609379172325134,-0.901454508304596,-76.60772705078125,1.2866960763931274,-1.3527101278305054,-64.5950927734375,0.7663203477859497,0.9383026361465454,12.01263427734375,0.5144357143937756,0.21238151560244128,0.4261264503002167,0.05886312946677208,-0.08830925822257996,-0.15351837873458862,0.1771056681676758
242,1210,1224,1.0804252624511719,-1.0584914684295654,-50.81741714477539,1.3234561681747437,-1.5254313945770264,-79.42962646484375,0.783449113368988,0.8075911998748779,-28.61220932006836,0.5154876133521757,-0.10662755857607215,0.41657117009162903,-0.07607286423444748,-0.0989164412021637,0.030554696917533875,0.10352802443697774
243,1215,1229,1.2135063409805298,-1.1986069679260254,-49.86878204345703,1.3098582029342651,-1.7303024530410767,-96.37339782714844,0.7677717804908752,0.8060239553451538,-46.504615783691406,0.46862125255435216,-0.26903139565498935,0.4700452983379364,-0.22484159469604492,0.0014240443706512451,0.04418981075286865,0.044212750160377144
244,1220,1234,1.2965203523635864,-1.381088376045227,-66.3345718383789,1.2332890033721924,-1.9230200052261353,-113.7142105102539,0.9624596834182739,0.8148693442344666,-47.379638671875,0.4709771065839173,-0.2754426605952431,0.45660635828971863,-0.28528764843940735,-0.014370739459991455,-0.009844988584518433,0.017419585323889136
245,1225,1239,1.3261263370513916,-1.5846583843231201,-82.69548797607422,1.1232937574386597,-2.1002659797668457,-122.31268310546875,0.9715277552604675,0.9891210794448853,-39.61719512939453,0.4856344617800832,-0.26674223018334525,0.466073602437973,-0.17262223362922668,-0.01956087350845337,0.09411999583244324,0.09613116761962712
246,1230,1244,1.2928744554519653,-1.7873719930648804,-100.12664794921875,1.0817780494689941,-2.3164780139923096,-98.11505889892578,0.9713020920753479,1.036950707435608,2.0115890502929688,0.5579792887080421,-0.11477799167720175,0.5094718933105469,-0.07871826738119125,-0.04850739240646362,0.03605972230434418,0.060442292235992026
247,1235,1249,1.2194254398345947,-1.9482752084732056,-115.24905395507812,1.1260004043579102,-2.505431652069092,-76.12480926513672,0.8091942667961121,0.9019862413406372,39.124244689941406,0.5437777408459851,0.15315778940253863,0.5330044627189636,0.16369271278381348,-0.010773301124572754,0.010534927248954773,0.015068135560230747
248,1240,1254,1.1083921194076538,-2.1298294067382812,-121.4830093383789,1.1884790658950806,-2.7064127922058105,-74.31443786621094,0.8344746232032776,0.8345285058021545,47.16857147216797,0.449882405443941,0.36941594533378086,0.4476938545703888,0.1192764937877655,-0.002188563346862793,-0.250139445066452,0.2501490191619304
249,1245,1259,1.0866725444793701,-2.346219539642334,-90.0962142944336,1.1822961568832397,-2.9323573112487793,-94.24501037597656,0.8659694790840149,0.8836480975151062,-4.148796081542969,0.5859763687103062,0.09660775261860807,0.5272133946418762,-0.00990690290927887,-0.058762967586517334,-0.10651465505361557,0.12164891327408067
250,1250,1264,1.1474570035934448,-2.560330867767334,-75.4591064453125,1.112962007522583,-3.1394875049591064,-109.70834350585938,1.0820773839950562,1.0255850553512573,-34.249237060546875,0.5519448010006461,-0.17879947372844307,0.5373806953430176,-0.12364999204874039,-0.014564096927642822,0.055149488151073456,0.057040152196879405
251,1255,1269,1.1941887140274048,-2.772134780883789,-79.3948745727539,0.9857286214828491,-3.3127102851867676,-127.33061981201172,1.0235804319381714,1.004517674446106,-47.93574523925781,0.4929770293936291,-0.30438648873814556,0.43270912766456604,-0.2887096405029297,-0.060267895460128784,0.01567685604095459,0.06227345372244763
252,1260,1274,1.175845742225647,-2.9639406204223633,-96.74076080322266,0.8381815552711487,-3.410832166671753,-147.60275268554688,0.900745689868927,0.8040952682495117,-50.86199188232422,0.48343645943231034,-0.2828751437513818,0.4328185021877289,-0.20911526679992676,-0.05061796307563782,0.07375988364219666,0.08945780357708892
253,1265,1279,1.0964837074279785,-3.1674845218658447,-113.94921875,0.636358380317688,-3.451223134994507,-171.84326171875,0.8546369075775146,0.7963470816612244,-57.89404296875,0.44608750984057927,-0.3053339987501548,0.44846466183662415,-0.2943313419818878,0.002377152442932129,0.011002659797668457,0.011256525945431294
254,1270,1284,0.961625337600708,-3.332500696182251,-131.79327392578125,0.43818211555480957,-3.415635108947754,166.4178009033203,0.8462532758712769,0.7900643348693848,-61.7889404296875,0.4108273072681355,-0.3348508039328408,0.4654371440410614,-0.26929771900177,0.054609835147857666,0.06555309891700745,0.08531965115082898
255,1275,1289,0.7796840071678162,-3.4306800365448,-153.214111328125,0.24892021715641022,-3.2951526641845703,145.6343994140625,0.9803594350814819,1.0227582454681396,-61.1514892578125,0.41273471722620064,-0.3601776484741135,0.4155646562576294,-0.2134585678577423,0.002829939126968384,0.1467190682888031,0.14674635789346466
256,1280,1294,0.577812910079956,-3.449369430541992,-176.1099090576172,0.1082361564040184,-3.1165242195129395,126.99556732177734,0.9627746343612671,1.0887237787246704,-56.89453125,0.4459137214204817,-0.3639357198043427,0.4777509272098541,-0.3929174840450287,0.03183719515800476,-0.028981775045394897,0.043052877723919414
257,1285,1299,0.4024181067943573,-3.4001195430755615,163.14012145996094,0.03436188027262688,-2.9032909870147705,108.38890075683594,0.8565244078636169,1.0756818056106567,-54.751220703125,0.4963322803199722,-0.3687252035567141,0.43048766255378723,-0.33239510655403137,-0.06584462523460388,0.03633010387420654,0.07520233453687505
258,1290,1304,0.2273530811071396,-3.274623155593872,142.22975158691406,0.017000999301671982,-2.6997177600860596,93.78372955322266,0.9041953682899475,0.9455219507217407,-48.446022033691406,0.5184053149531898,-0.32560734015824566,0.44918182492256165,-0.31008654832839966,-0.06922349333763123,0.01552078127861023,0.07094213614886101
259,1295,1309,0.09606008231639862,-3.0888826847076416,122.92936706542969,0.015257949940860271,-2.465282678604126,90.42011260986328,0.9084128141403198,0.9258475303649902,-32.509254455566406,0.5673376930951965,-0.2711713381861667,0.49919483065605164,-0.2924586832523346,-0.0681428611278534,-0.021287351846694946,0.07139048165781556
260,1300,1314,0.028345640748739243,-2.871256113052368,105.64338684082031,-0.06478533893823624,-2.2555291652679443,116.64212799072266,1.0744260549545288,0.8764765858650208,10.998741149902344,0.6180322753123227,-0.0763489330886283,0.520571768283844,0.005817621946334839,-0.09746050834655762,0.08216655254364014,0.1274750683234812
261,1305,1319,0.01649223081767559,-2.6336140632629395,91.65885925292969,-0.20757140219211578,-2.094143867492676,131.9866485595703,1.1110717058181763,1.0212039947509766,40.327789306640625,0.5457304145959454,0.20835287178628634,0.4736346900463104,0.2542896568775177,-0.07209572196006775,0.04593677818775177,0.08548672829869033
262,1310,1324,0.006674029864370823,-2.3979685306549072,92.6685791015625,-0.32381385564804077,-1.919730305671692,121.56764221191406,1.1332130432128906,1.0038328170776367,28.899063110351562,0.493106674118623,0.3078633539494375,0.4803183376789093,0.2424839735031128,-0.012788325548171997,-0.06537938117980957,0.06661835147900964
263,1315,1329,-0.08336377888917923,-2.2321550846099854,120.57449340820312,-0.37369266152381897,-1.739281415939331,104.30474090576172,0.8695865273475647,0.8681890964508057,-16.269752502441406,0.5720268960622488,-0.0007401813122878409,0.4797494113445282,-0.07283354550600052,-0.09227749705314636,-0.07209336757659912,0.11710076904498992
264,1320,1334,-0.22826634347438812,-2.075237274169922,134.37368774414062,-0.3694162666797638,-1.528091311454773,86.23091125488281,0.839062511920929,0.8322445154190063,-48.14277648925781,0.48980770800306184,-0.28174530078984084,0.4189208447933197,-0.22861647605895996,-0.07088685035705566,0.053128838539123535,0.08858678816877752
265,1325,1339,-0.33469057083129883,-1.8922398090362549,118.0703353881836,-0.3175300359725952,-1.3232029676437378,74.31529998779297,1.0035614967346191,0.8409700393676758,-43.755035400390625,0.4940264087109819,-0.2829051401348856,0.3987434208393097,-0.19205734133720398,-0.09528300166130066,0.09084779024124146,0.13165170487807604
266,1330,1344,-0.37936317920684814,-1.6790812015533447,100.61820220947266,-0.26532113552093506,-1.126102328300476,75.94267272949219,1.014341950416565,0.941618800163269,-24.67552947998047,0.522496340269426,-0.21398316849025303,0.4461618959903717,-0.12725311517715454,-0.07633444666862488,0.08673004806041718,0.11553808456421376
267,1335,1349,-0.35886651277542114,-1.470413088798523,83.35265350341797,-0.29238373041152954,-0.9320341348648071,100.05267333984375,0.9861327409744263,0.9112036228179932,16.70001983642578,0.5424555864063458,-0.0037141844534338483,0.443866103887558,0.054033491760492325,-0.09858950972557068,0.057747676968574524,0.11425710316297726
268,1340,1354,-0.30690518021583557,-1.292178750038147,72.83552551269531,-0.3592982888221741,-0.7865896821022034,115.19156646728516,0.8335825800895691,0.7328664064407349,42.356040954589844,0.4676088754816854,0.19926686381966627,0.4364054501056671,0.18033631145954132,-0.031203418970108032,-0.018930554389953613,0.036496838834823624
269,1345,1359,-0.26346486806869507,-1.0951640605926514,78.61885833740234,-0.38695263862609863,-0.6112164258956909,94.9859619140625,0.7983854413032532,0.6992645263671875,16.367103576660156,0.45006295470553387,0.21655918222911996,0.41006705164909363,0.0697011798620224,-0.03999590873718262,-0.14685800671577454,0.15220692117063375
270,1350,1364,-0.3025816082954407,-0.9071648120880127,105.55057525634766,-0.3735558092594147,-0.43917903304100037,84.333251953125,0.7523692846298218,0.6802145838737488,-21.217323303222656,0.4698821718604564,-0.05708564758688549,0.40778225660324097,0.011353909969329834,-0.06209990382194519,0.0684395581483841,0.09241412865055262
271,1355,1369,-0.37590277194976807,-0.7378743290901184,113.39213562011719,-0.3818166255950928,-0.2753841280937195,93.13745880126953,0.8586069345474243,0.7662314176559448,-20.254676818847656,0.42682565818943224,-0.17819095710441032,0.41401904821395874,-0.01661267876625061,-0.012806624174118042,0.16157828271389008,0.16208501185336938
272,1360,1374,-0.38576778769493103,-0.562250018119812,92.22764587402344,-0.38124874234199524,-0.1223846897482872,87.88554382324219,0.8197430968284607,0.7074768543243408,-4.34210205078125,0.43935724969906287,-0.02161317784737945,0.43145880103111267,0.039347048848867416,-0.007898449897766113,0.06096022576093674,0.06146978636380557
273,1365,1379,-0.3741917014122009,-0.41449010372161865,85.9796371459961,-0.32439887523651123,0.024330269545316696,67.0015869140625,0.6769707798957825,0.7457764148712158,-18.978050231933594,0.4412315360980698,-0.01890416030489205,0.3630388677120209,0.020526200532913208,-0.07819268107414246,0.03943036124110222,0.08757196332826148
274,1370,1384,-0.38599473237991333,-0.2509292662143707,96.25965881347656,-0.24342763423919678,0.12987858057022095,50.51861572265625,0.6455867290496826,0.5977533459663391,-45.74104309082031,0.36299273450670005,-0.1832382829550913,0.36169442534446716,-0.11591324955224991,-0.0012983083724975586,0.06732503324747086,0.06733755049304328
275,1375,1389,-0.37737688422203064,-0.10048770159482956,82.84769439697266,-0.11387316137552261,0.22537361085414886,34.491268157958984,0.6019800901412964,0.6320362091064453,-48.35642623901367,0.3561338223883038,-0.22088120455764393,0.3603419363498688,-0.21238115429878235,0.004208117723464966,0.008500054478645325,0.009484681381811326
276,1380,1394,-0.31253090500831604,0.045994099229574203,64.59567260742188,0.04204193130135536,0.27612024545669556,17.06241226196289,0.7518543004989624,0.7845894694328308,-47.533260345458984,0.3599865465562885,-0.22156177776900454,0.3696572482585907,-0.2591170370578766,0.00967070460319519,-0.0375552624464035,0.03878041084027484
277,1385,1399,-0.20858809351921082,0.16029909253120422,46.57084274291992,0.20770643651485443,0.2816115617752075,0.47519543766975403,0.7279696464538574,0.7727999687194824,-46.095645904541016,0.3742847874973306,-0.21892632635636816,0.34815606474876404,-0.20354101061820984,-0.026128709316253662,0.01538531482219696,0.030321895763810586
278,1390,1404,-0.09433194249868393,0.234264075756073,31.48497772216797,0.3689183294773102,0.23854635655879974,-16.497724533081055,0.6247514486312866,0.787074863910675,-47.982704162597656,0.3972857710218103,-0.23829220604392146,0.3952173590660095,-0.1730959117412567,-0.0020684003829956055,0.06519629061222076,0.0652290931236785
279,1395,1409,0.06720218062400818,0.28044623136520386,13.29454517364502,0.4952884316444397,0.1661357879638672,-30.95379066467285,0.6533670425415039,0.6634675860404968,-44.24833679199219,0.3903273728504674,-0.20968847795477535,0.3886108696460724,-0.15923112630844116,-0.0017164945602416992,0.05045735836029053,0.05048654638885611
280,1400,1414,0.23170527815818787,0.2791847884654999,-2.6115527153015137,0.6454976201057434,0.07085850834846497,-30.349437713623047,0.6540514826774597,0.6996358036994934,-27.737884521484375,0.42285484295880027,-0.18925570804636882,0.388293594121933,-0.16765987873077393,-0.03456124663352966,0.02159583568572998,0.04075364876705783
281,1405,1419,0.39183786511421204,0.2281816601753235,-18.779569625854492,0.7904834151268005,-0.02132832072675228,-35.09825897216797,0.7909156680107117,0.6731407642364502,-16.318689346313477,0.45774757793695803,-0.10789187744659279,0.41987165808677673,-0.11759509891271591,-0.03787592053413391,-0.009703218936920166,0.03909907689506023
282,1410,1424,0.5357235074043274,0.13513244688510895,-33.737266540527344,0.9027419090270996,-0.16224946081638336,-52.77279281616211,0.8075499534606934,0.8453545570373535,-19.035526275634766,0.47037153599226744,-0.04346405740595913,0.39578118920326233,-0.038612619042396545,-0.07459035515785217,0.004851438105106354,0.0747479600675644
283,1415,1429,0.6903485655784607,0.049043089151382446,-28.227317810058594,0.9582785367965698,-0.3259592354297638,-72.87813568115234,0.8275671601295471,0.8274670839309692,-44.65081787109375,0.4134324041024966,-0.20368323484329806,0.3843306601047516,-0.12266901880502701,-0.02910172939300537,0.0810142233967781,0.08608260594479457
284,1420,1434,0.8097563982009888,-0.03986629843711853,-38.62693405151367,0.9647757411003113,-0.47697585821151733,-88.43006134033203,0.6820670962333679,0.6940447688102722,-49.80312728881836,0.3939696053986616,-0.24471149123228625,0.393672913312912,-0.18509390950202942,-0.00029668211936950684,0.059617578983306885,0.059618317186170125
285,1425,1439,0.9139857292175293,-0.18217843770980835,-57.5122184753418,0.9489163160324097,-0.6574983596801758,-94.884521484375,0.6324810981750488,0.725785493850708,-37.3723030090332,0.41969711724950237,-0.22583955342146234,0.40923357009887695,-0.14769262075424194,-0.010463535785675049,0.07814693450927734,0.078844333685658
286,1430,1444,0.9613184928894043,-0.3508332669734955,-77.46640014648438,0.9554374814033508,-0.8473833203315735,-85.62509155273438,0.6854481101036072,0.7584750652313232,-8.15869140625,0.4834404751543318,-0.11349823244686694,0.4606294333934784,-0.08058429509401321,-0.022811055183410645,0.032913938164711,0.04004586825243055
287,1435,1449,0.9601525068283081,-0.5260165929794312,-91.1470947265625,1.0581001043319702,-1.0186957120895386,-57.45123291015625,0.826683521270752,0.9440603852272034,33.69586181640625,0.49061954699975463,0.1077910310072523,0.4650908410549164,0.10180644690990448,-0.025528699159622192,-0.005984582006931305,0.026220787604116332
288,1440,1454,0.9449177980422974,-0.7098805904388428,-95.01483917236328,1.1934105157852173,-1.1681208610534668,-48.459388732910156,0.8626235723495483,0.9487200975418091,46.555450439453125,0.4347644895350439,0.2875980094221083,0.4204314053058624,0.16832952201366425,-0.014333099126815796,-0.1192684918642044,0.12012664517974736
289,1445,1459,0.9657508730888367,-0.8740083575248718,-80.84121704101562,1.262683629989624,-1.3317619562149048,-68.37176513671875,0.7642403841018677,0.8215022087097168,12.469451904296875,0.49918080089013167,0.22028605779092003,0.44927778840065,0.054216839373111725,-0.04990300536155701,-0.16606920957565308,0.17340499506414966
290,1450,1464,1.079020619392395,-1.0390111207962036,-53.12131881713867,1.2929755449295044,-1.5386945009231567,-84.32865905761719,0.7900204658508301,0.8325243592262268,-31.207340240478516,0.528099931561797,-0.12872704774487942,0.42454543709754944,-0.11475866287946701,-0.10355451703071594,0.013968385756015778,0.1044923623911992
291,1455,1469,1.2076306343078613,-1.1929138898849487,-53.97957229614258,1.256709098815918,-1.7434543371200562,-103.01957702636719,0.7845699787139893,0.8153905868530273,-49.04000473022461,0.474142928396652,-0.28406330838696503,0.46073225140571594,-0.2631117105484009,-0.013410687446594238,0.02095159888267517,0.024876013216163794
292,1460,1474,1.2780170440673828,-1.388067364692688,-71.37181854248047,1.1731853485107422,-1.9376652240753174,-114.26558685302734,0.9883654713630676,0.9954638481140137,-42.893768310546875,0.4873192933142707,-0.2748952487674686,0.4634934961795807,-0.2301875352859497,-0.023825794458389282,0.04470771551132202,0.050660125422414
293,1465,1479,1.29010808467865,-1.5990126132965088,-88.03459167480469,1.080505132675171,-2.1321184635162354,-114.83882141113281,0.9975429773330688,1.015944004058838,-26.804229736328125,0.525603664174661,-0.2277631077089535,0.46075353026390076,-0.14843323826789856,-0.06485012173652649,0.07932986319065094,0.10246348365681161
294,1470,1484,1.2475676536560059,-1.7726625204086304,-105.03193664550781,1.0943294763565063,-2.3504443168640137,-83.42647552490234,0.824895977973938,1.0307142734527588,21.60546112060547,0.5977543754187709,0.0018574081398538,0.5234541893005371,0.034145697951316833,-0.07430016994476318,0.032288290560245514,0.08101264692085755
295,1475,1489,1.1580986976623535,-1.9644889831542969,-117.37527465820312,1.1558674573898315,-2.5339815616607666,-70.83966064453125,0.8331016898155212,0.9024237990379333,46.535614013671875,0.5067432849859479,0.259880777528373,0.49216678738594055,0.16403178870677948,-0.014576524496078491,-0.09584899246692657,0.09695104137300292
296,1480,1494,1.0728759765625,-2.164273738861084,-110.17609405517578,1.1994754076004028,-2.7554500102996826,-83.02657318115234,0.872037410736084,0.8985158205032349,27.149520874023438,0.5112349506003588,0.3227315062645929,0.46886083483695984,0.10512305796146393,-0.042374104261398315,-0.21760843694210052,0.2216957296393866
297,1485,1499,1.1020152568817139,-2.3789937496185303,-79.48455810546875,1.1697378158569336,-2.9753901958465576,-100.05961608886719,1.0276991128921509,0.8727902173995972,-20.575057983398438,0.5987398215894696,-0.0422574503559153,0.500762939453125,-0.053648822009563446,-0.09797686338424683,-0.011391371488571167,0.09863685468934012
298,1490,1504,1.1796412467956543,-2.593291997909546,-68.5971450805664,1.0767366886138916,-3.1823081970214844,-115.79045867919922,1.0653554201126099,1.0582329034805298,-47.19331359863281,0.5108439900167916,-0.3107536786179412,0.5263074040412903,-0.18304046988487244,0.015463411808013916,0.12771320343017578,0.1286459460501639
299,1495,1509,1.1974564790725708,-2.819140672683716,-86.40741729736328,0.929917573928833,-3.3402254581451416,-134.47166442871094,1.0678422451019287,1.030800700187683,-48.064247131347656,0.5032964345484383,-0.29966501026265924,0.3908386826515198,-0.307803213596344,-0.1124577522277832,-0.008138209581375122,0.11275183586672043
300,1500,1514,1.1604489088058472,-3.0090675354003906,-101.86819458007812,0.768988311290741,-3.4156551361083984,-156.021484375,0.8718531131744385,0.8377194404602051,-54.153289794921875,0.4784042674761507,-0.2994732597695259,0.46048179268836975,-0.2441035807132721,-0.01792246103286743,0.055369675159454346,0.058198071589513574
301,1505,1519,1.0612146854400635,-3.206484317779541,-118.43762969970703,0.5749192833900452,-3.4304099082946777,-175.65225219726562,0.8642817139625549,0.8563681244850159,-57.214622497558594,0.42848059416774575,-0.320983283932664,0.45917508006095886,-0.2994926869869232,0.03069448471069336,0.02149060368537903,0.037469953808578614
302,1510,1524,0.9081560373306274,-3.3537561893463135,-139.23939514160156,0.3658367991447449,-3.364152193069458,167.6008758544922,0.818841814994812,0.9640688300132751,-53.15972900390625,0.4175640860480843,-0.3462058160152075,0.47591903805732727,-0.2114351987838745,0.0583549439907074,0.13477063179016113,0.14686191705570845
303,1515,1529,0.7309596538543701,-3.421618938446045,-156.021484375,0.2062922865152359,-3.237936496734619,143.81985473632812,0.8377194404602051,0.8527022004127502,-60.158660888671875,0.404740036767517,-0.38105197023160053,0.45360442996025085,-0.30473265051841736,0.048864394426345825,0.07631930708885193,0.09062210368986134
304,1520,1534,0.5325446128845215,-3.419450521469116,-175.65225219726562,0.0719388797879219,-3.0342705249786377,120.60478973388672,0.8563681244850159,1.079759955406189,-63.742950439453125,0.4300798725901141,-0.4189899534765631,0.41135427355766296,-0.3284952938556671,-0.018725603818893433,0.09049466252326965,0.09241175349263005
305,1525,1539,0.34104812145233154,-3.3495869636535645,162.59951782226562,0.015279869548976421,-2.8395538330078125,104.96778106689453,0.87173992395401,0.9196464419364929,-57.631736755371094,0.46338520092932134,-0.38927228329135416,0.4113004505634308,-0.3051692247390747,-0.05208474397659302,0.0841030478477478,0.09892493726249109
306,1530,1544,0.17188800871372223,-3.2032430171966553,139.13623046875,-0.0003407937765587121,-2.602043390274048,93.1712417602539,0.9841816425323486,0.9412424564361572,-45.964988708496094,0.5235935213227526,-0.34198475813159945,0.4482528269290924,-0.270718514919281,-0.07534071803092957,0.07126623392105103,0.10370679770731521
307,1535,1549,0.058465760201215744,-3.001089096069336,117.02693176269531,-0.002983490936458111,-2.359576940536499,91.64437103271484,0.9116933941841125,0.9595654606819153,-25.38256072998047,0.5993776653152912,-0.23677050195794364,0.4943186938762665,-0.23746508359909058,-0.10505899786949158,-0.0006945878267288208,0.10506129394591937
308,1540,1554,0.009126449935138226,-2.772916316986084,100.8427963256836,-0.1135072335600853,-2.1675920486450195,122.18267822265625,1.0936678647994995,1.0566314458847046,21.339881896972656,0.6175866541041501,0.006573747593534143,0.5178128480911255,0.04182695224881172,-0.0997738242149353,0.03525320440530777,0.10581873378242258
309,1545,1559,0.0020229551009833813,-2.5339715480804443,91.1370620727539,-0.24248743057250977,-2.000476598739624,127.78630065917969,1.1230131387710571,0.9818719029426575,36.64923858642578,0.5382420028283899,0.23387546787045038,0.47909173369407654,0.2554425299167633,-0.059150248765945435,0.02156706154346466,0.06295943195973755
310,1550,1564,-0.011182949878275394,-2.3301892280578613,94.85308837890625,-0.3347896635532379,-1.8083995580673218,114.02888488769531,0.9345493912696838,1.0074055194854736,19.175796508789062,0.547296491747238,0.2783025438691564,0.4819328486919403,0.12548181414604187,-0.06536361575126648,-0.15282073616981506,0.16621245340696778
311,1555,1569,-0.1331036537885666,-2.1415629386901855,127.11228942871094,-0.36128461360931396,-1.6306126117706299,97.08570861816406,0.8658984899520874,0.8201066851615906,-30.026580810546875,0.5451392620903303,-0.12633278248945734,0.4507199823856354,-0.1752437949180603,-0.09441927075386047,-0.04891100525856018,0.10633571895225853
312,1560,1574,-0.26020553708076477,-1.9756911993026733,127.25180053710938,-0.33490487933158875,-1.4173516035079956,81.0960922241211,0.8128823041915894,0.819804310798645,-46.15570831298828,0.48964574697255786,-0.27851416200357865,0.402945339679718,-0.23401355743408203,-0.08670040965080261,0.04450061917304993,0.09745391803515037
313,1565,1579,-0.34289127588272095,-1.7785841226577759,110.85643768310547,-0.2758834958076477,-1.2214292287826538,72.41250610351562,1.024255633354187,0.7979024052619934,-38.443931579589844,0.49679094127381696,-0.26097965251694033,0.45208558440208435,-0.16899824142456055,-0.044705361127853394,0.09198141098022461,0.10226998229922976
314,1570,1584,-0.3579753339290619,-1.5646107196807861,92.54281616210938,-0.26561877131462097,-1.0249793529510498,88.78763580322266,1.0230493545532227,0.9285901188850403,-3.7551803588867188,0.5350025305239376,-0.11620687995786397,0.4244515597820282,-0.01580820232629776,-0.11055096983909607,0.10039867460727692,0.14933656884789673
315,1575,1589,-0.3197190761566162,-1.3597211837768555,77.96110534667969,-0.33105704188346863,-0.8491007685661316,111.83972930908203,0.9847877025604248,0.869989275932312,33.878623962402344,0.49702512708210417,0.11759158535292188,0.4510217607021332,0.19843009114265442,-0.046003371477127075,0.08083850890398026,0.09301169124944156
316,1580,1594,-0.2691909968852997,-1.1937761306762695,72.8556900024414,-0.3917841911315918,-0.7088040113449097,111.66888427734375,0.7908786535263062,0.6995246410369873,38.813194274902344,0.4272845950600435,0.2601055989951668,0.4402773082256317,0.16822302341461182,0.012992709875106812,-0.09188258647918701,0.09279666054338366
317,1585,1599,-0.27221229672431946,-0.9959277510643005,95.17646026611328,-0.3967834413051605,-0.5301303267478943,88.57582092285156,0.7757130861282349,0.7105857133865356,-6.600639343261719,0.4751369274794788,0.08203725194897457,0.4011370837688446,0.06596292555332184,-0.07399985194206238,-0.016074329614639282,0.07572557137458405
318,1590,1604,-0.34482166171073914,-0.8270024657249451,114.64092254638672,-0.38361895084381104,-0.36286354064941406,86.49463653564453,0.8700306415557861,0.6606320142745972,-28.146286010742188,0.43804952151092885,-0.15824913307310992,0.45511505007743835,-0.03308819979429245,0.01706552505493164,0.12516093254089355,0.12631900561636245
319,1595,1609,-0.39999452233314514,-0.6592878103256226,106.30716705322266,-0.3968072235584259,-0.20786353945732117,95.4305419921875,0.8347774147987366,0.7271403074264526,-10.876625061035156,0.43236860068983984,-0.12981303609409434,0.42279675602912903,0.031304046511650085,-0.009571850299835205,0.1611170768737793,0.16140115482397815
320,1600,1614,-0.39096301794052124,-0.482753723859787,85.48826599121094,-0.36854466795921326,-0.059067051857709885,78.21440887451172,0.83460932970047,0.7188532948493958,-7.273857116699219,0.4241372822843121,0.010979694653907992,0.4170571267604828,0.07933647930622101,-0.007080167531967163,0.06835678219795227,0.06872247408773208
321,1605,1619,-0.384295254945755,-0.3394774794578552,88.75344848632812,-0.3054424822330475,0.05737709999084473,60.35084533691406,0.6518930792808533,0.6208651661872864,-28.402603149414062,0.3984760785009992,-0.07020065424447233,0.329363614320755,-0.009176485240459442,-0.06911244988441467,0.06102416664361954,0.0921980457687362
322,1610,1624,-0.39524024724960327,-0.18701231479644775,94.42013549804688,-0.19701969623565674,0.16814279556274414,43.29716873168945,0.5964267253875732,0.6154069304466248,-51.12296676635742,0.33882204032187724,-0.22500258720877533,0.36842602491378784,-0.17660647630691528,0.0296039879322052,0.04839611053466797,0.05673252696975476
323,1615,1629,-0.36128509044647217,-0.04072760045528412,74.13372802734375,-0.057676348835229874,0.2429128885269165,25.5672664642334,0.5720341801643372,0.6240576505661011,-48.56645965576172,0.35583899927070506,-0.21449664865926016,0.3504035770893097,-0.2322385013103485,-0.005435436964035034,-0.017741858959197998,0.018555795168035044
324,1620,1634,-0.27845555543899536,0.0914091169834137,56.871036529541016,0.10824573785066605,0.27774256467819214,10.28927993774414,0.7251236438751221,0.7992240190505981,-46.581756591796875,0.367385618985124,-0.222004155732136,0.34567105770111084,-0.2580837607383728,-0.02171456813812256,-0.03607960045337677,0.04211009425660874
325,1625,1639,-0.160030797123909,0.19394473731517792,40.071937561035156,0.2680601477622986,0.2583218216896057,-7.926411151885986,0.7504437565803528,0.7670235633850098,-47.998348236083984,0.36903360654050404,-0.22631935527418445,0.37449032068252563,-0.1844266653060913,0.005456715822219849,0.04189269244670868,0.0422465788910651
326,1630,1644,-0.034730859100818634,0.2517869472503662,23.539939880371094,0.41682666540145874,0.1971241682767868,-23.738019943237305,0.6271926760673523,0.756502628326416,-47.27796173095703,0.39214808320941064,-0.2304606071461952,0.3959307074546814,-0.15863126516342163,0.00378262996673584,0.07182934880256653,0.07192887903245826
327,1635,1649,0.12993371486663818,0.27755334973335266,6.65291690826416,0.5448789596557617,0.11673042178153992,-32.19764709472656,0.6518633365631104,0.6755906939506531,-38.850563049316406,0.39351901318309734,-0.2078132733766082,0.37780243158340454,-0.17434284090995789,-0.015716582536697388,0.03347043693065643,0.03697676452803667
328,1640,1654,0.2909177243709564,0.2524940073490143,-10.508784294128418,0.6997953057289124,0.03866777941584587,-26.24383544921875,0.6770879626274109,0.6712285280227661,-15.735051155090332,0.44101842759953663,-0.13566605033596982,0.42799219489097595,-0.13184410333633423,-0.013026237487792969,0.003821954131126404,0.013575352535710336
329,1645,1659,0.440934419631958,0.18218183517456055,-26.483783721923828,0.8303432464599609,-0.06889621913433075,-41.3420295715332,0.7813199758529663,0.7998114824295044,-14.858245849609375,0.4605113879558073,-0.05107536404985688,0.42744681239128113,-0.08012375980615616,-0.033064574003219604,-0.029048394411802292,0.04401221730290366
330,1650,1664,0.5903337597846985,0.09263361245393753,-30.4148006439209,0.9266517758369446,-0.2127039134502411,-57.41530227661133,0.8355510830879211,0.8096176385879517,-27.00050163269043,0.444614032547669,-0.09305466220679387,0.3790197968482971,-0.041752174496650696,-0.06559422612190247,0.051302485167980194,0.08327393040407123
331,1655,1669,0.7211646437644958,0.02716151997447014,-25.94886589050293,0.9670431017875671,-0.38172265887260437,-78.18724060058594,0.6786314249038696,0.8108699321746826,-52.238372802734375,0.40000516997425306,-0.2600737254815355,0.3867952525615692,-0.1488528549671173,-0.013209909200668335,0.11122086644172668,0.11200260190343038
332,1660,1674,0.8473761081695557,-0.08867104351520538,-45.03715515136719,0.9654039740562439,-0.5333302021026611,-91.0628433227539,0.6761713624000549,0.690165638923645,-46.02568817138672,0.39802951251883184,-0.23070514701099992,0.41160789132118225,-0.19807198643684387,0.0135783851146698,0.03263315558433533,0.03534537290387134
333,1665,1679,0.9368619322776794,-0.23741407692432404,-61.90608596801758,0.9439366459846497,-0.7159774303436279,-97.62275695800781,0.6874262690544128,0.7131120562553406,-35.716670989990234,0.42550915618887547,-0.2191230409420604,0.41220441460609436,-0.12624505162239075,-0.013304740190505981,0.09287798404693604,0.0938260946227635
334,1670,1684,0.9677315950393677,-0.4078671336174011,-81.13115692138672,0.9725448489189148,-0.9044074416160583,-76.9645767211914,0.8241933584213257,0.7587820291519165,4.1665802001953125,0.49134567185624656,-0.0717974625487841,0.48260679841041565,-0.0440368577837944,-0.008738875389099121,0.02776060253381729,0.029103590776857508
335,1675,1689,0.9611356258392334,-0.5874664783477783,-92.73606872558594,1.097174048423767,-1.0554174184799194,-48.555721282958984,0.8446648716926575,0.9284384250640869,44.18034744262695,0.46092365713125616,0.15822110190044542,0.4264437258243561,0.14907726645469666,-0.03447994589805603,-0.009143829345703125,0.035671785548752846
336,1680,1694,0.9414274096488953,-0.7700021862983704,-96.15062713623047,1.2148377895355225,-1.213403582572937,-54.80941390991211,0.8695700168609619,0.9342166781425476,41.34121322631836,0.4115551180018491,0.3193437315722185,0.45211127400398254,0.12376128137111664,0.0405561625957489,-0.19558246433734894,0.19974309169721788
337,1685,1699,0.9854421615600586,-0.9288797378540039,-71.40577697753906,1.2727130651474,-1.3765894174575806,-71.16849517822266,0.7569417357444763,0.8119494915008545,0.23728179931640625,0.5159397639353392,0.12951713882328963,0.4440367519855499,0.03033336251974106,-0.07190302014350891,-0.09918377548456192,0.12250496163474292
338,1690,1704,1.116949200630188,-1.0745892524719238,-45.221893310546875,1.2880988121032715,-1.5814658403396606,-87.94190216064453,0.7640570402145386,0.816787600517273,-42.720008850097656,0.4803527009757761,-0.2355362976296936,0.4295717179775238,-0.15823546051979065,-0.05078098177909851,0.07730083167552948,0.09248852192665681
339,1695,1709,1.225061058998108,-1.236864447593689,-60.21148681640625,1.2417571544647217,-1.7826941013336182,-106.17848205566406,0.7669612765312195,0.8051557540893555,-45.96699523925781,0.48200111088006603,-0.25667820245603956,0.46131637692451477,-0.2833011746406555,-0.02068471908569336,-0.02662298083305359,0.03371410256986215
340,1700,1714,1.282765507698059,-1.433054804801941,-74.41230773925781,1.1529896259307861,-1.968737006187439,-116.68461608886719,0.9622185230255127,0.9733038544654846,-42.272308349609375,0.4811075210938315,-0.26894749211813623,0.4482291042804718,-0.20929023623466492,-0.03287842869758606,0.05965724587440491,0.0681173844106
341,1705,1719,1.2825464010238647,-1.6420994997024536,-91.15259552001953,1.0736280679702759,-2.1709492206573486,-110.34635925292969,0.9784313440322876,1.0362451076507568,-19.193763732910156,0.532945158209865,-0.19823812847336547,0.47355011105537415,-0.13421624898910522,-0.059395045042037964,0.06402188539505005,0.08733025354985889
342,1710,1724,1.232460618019104,-1.8106207847595215,-107.36187744140625,1.09722900390625,-2.3628616333007812,-80.87896728515625,0.8050178289413452,0.8851593732833862,26.48291015625,0.5674341511887216,0.03572153857091612,0.5223848223686218,0.07948864251375198,-0.045049309730529785,0.04376710578799248,0.06280923384546679
343,1715,1729,1.139136552810669,-1.9942961931228638,-118.40258026123047,1.1742396354675293,-2.574312210083008,-65.98342895507812,0.7991652488708496,0.8759028315544128,52.419151306152344,0.4935005710261147,0.3067702605195346,0.46893933415412903,0.19085083901882172,-0.02456122636795044,-0.11591942608356476,0.11849289929882185
344,1720,1734,1.0717170238494873,-2.203958511352539,-105.01695251464844,1.212408185005188,-2.7956693172454834,-83.46880340576172,0.8808411955833435,0.875182032585144,21.54814910888672,0.5350496523919227,0.2892015734969292,0.44692251086235046,0.12355001270771027,-0.08812716603279114,-0.1656515747308731,0.1876348624424288
345,1725,1739,1.1094226837158203,-2.4288442134857178,-79.13473510742188,1.1815670728683472,-3.0179638862609863,-98.95843505859375,1.0714930295944214,1.0430809259414673,-19.823699951171875,0.5921578492909065,-0.0401980504527127,0.5098739862442017,-0.02151467651128769,-0.0822838544845581,0.01868337392807007,0.08437832168378334
346,1730,1744,1.1943087577819824,-2.637578010559082,-67.01812744140625,1.0875080823898315,-3.2185380458831787,-116.17222595214844,1.0611177682876587,1.0345375537872314,-49.15409851074219,0.4931490817169369,-0.32515370228514573,0.5039652585983276,-0.17483508586883545,0.010816186666488647,0.15031862258911133,0.15070725991501543
347,1735,1749,1.2110991477966309,-2.8306262493133545,-86.03299713134766,0.9395768046379089,-3.37105655670166,-136.1253204345703,0.8957947492599487,1.0002670288085938,-50.092323303222656,0.5203510208782229,-0.30825981744173625,0.3896368741989136,-0.3107353746891022,-0.13071411848068237,-0.002475559711456299,0.13073755836050654
348,1740,1754,1.170472502708435,-3.0497255325317383,-102.77196502685547,0.7794694304466248,-3.4447391033172607,-156.78407287597656,0.8824709057807922,0.8102518320083618,-54.012107849121094,0.4716795719744537,-0.29400255952100074,0.45103636384010315,-0.24704992771148682,-0.0206432044506073,0.046952635049819946,0.05129027030647385
349,1745,1759,1.0706768035888672,-3.2450077533721924,-119.66851806640625,0.570293664932251,-3.4470973014831543,-169.8797149658203,0.8555060029029846,0.8338024020195007,-50.21119689941406,0.42327664255410224,-0.33475417066209334,0.44809243083000183,-0.2950999140739441,0.024815797805786133,0.03965425491333008,0.046779095261334655
350,1750,1764,0.9148589372634888,-3.3866665363311768,-138.608154296875,0.37277504801750183,-3.3827803134918213,164.3863525390625,1.012536883354187,0.9284102916717529,-57.0054931640625,0.4041045287007973,-0.3613440787958234,0.4685201942920685,-0.1837662160396576,0.06441566348075867,0.17757785320281982,0.18890016318094743
351,1755,1769,0.7231863737106323,-3.456021547317505,-161.23028564453125,0.20246903598308563,-3.2387402057647705,138.26255798339844,0.959114134311676,1.0489895343780518,-60.50714111328125,0.42311171213416177,-0.37327495326278237,0.46264687180519104,-0.32592567801475525,0.03953516483306885,0.04734927415847778,0.06168454443142638
352,1760,1774,0.5268017649650574,-3.439502000808716,-169.8797149658203,0.08801694959402084,-3.0425961017608643,122.9269790649414,0.8338024020195007,1.0737402439117432,-67.19329833984375,0.362215341931704,-0.46783164325435866,0.4061587452888489,-0.30662837624549866,0.04394340515136719,0.1612032651901245,0.16708535412852563
353,1765,1779,0.34478893876075745,-3.3657095432281494,154.45753479003906,0.039483580738306046,-2.847313165664673,102.8636245727539,0.8443907499313354,0.9373087286949158,-51.593910217285156,0.4989887524582497,-0.33608985867326246,0.4031175673007965,-0.3024901747703552,-0.09587118029594421,0.033599674701690674,0.10158849025060307
354,1770,1784,0.1839466691017151,-3.212120532989502,132.55047607421875,0.03158209100365639,-2.6148619651794434,91.02915954589844,0.8798365592956543,0.9112856984138489,-41.52131652832031,0.5430245043958932,-0.291645590130077,0.44594117999076843,-0.25675296783447266,-0.09708330035209656,0.03489261865615845,0.10316327856335067
355,1775,1789,0.07742434740066528,-3.013455867767334,119.03258514404297,0.006580660119652748,-2.3821933269500732,98.99726104736328,0.9447570443153381,0.9052444100379944,-20.035324096679688,0.5863214525789335,-0.24441435714023912,0.4696131646633148,-0.1555597186088562,-0.11670830845832825,0.08885464072227478,0.14668325208110441
356,1780,1794,0.03455806151032448,-2.7805235385894775,99.1743392944336,-0.12038546055555344,-2.2009010314941406,127.06688690185547,1.1138064861297607,1.0340492725372314,27.892547607421875,0.5969118948002964,0.06054697979257198,0.4893239438533783,0.07142478972673416,-0.10758796334266663,0.010877810418605804,0.1081364721808794
357,1785,1799,0.03232041001319885,-2.5447580814361572,90.14004516601562,-0.2583100497722626,-2.0663669109344482,136.65402221679688,1.1048632860183716,0.894271194934845,46.51397705078125,0.4791001140388037,0.2894602855265454,0.4699670970439911,0.219745934009552,-0.009133011102676392,-0.06971433758735657,0.07031003311793792
358,1790,1804,-0.00706365006044507,-2.350919485092163,103.04151916503906,-0.35272184014320374,-1.888200044631958,115.57044982910156,0.9197181463241577,0.8469606637954712,12.5289306640625,0.5287846373307385,0.23232663955152455,0.44892606139183044,0.1523226499557495,-0.07985857129096985,-0.08000399172306061,0.11303994913418204
359,1795,1809,-0.14006753265857697,-2.1779723167419434,130.49862670898438,-0.3921200931072235,-1.6794705390930176,98.31916809082031,0.8296579122543335,0.8321273922920227,-32.17945861816406,0.5427619251755387,-0.13207573818021703,0.46483948826789856,-0.12762197852134705,-0.07792243361473083,0.004453763365745544,0.07804961030370486
360,1800,1814,-0.2862553596496582,-2.0271100997924805,132.2388153076172,-0.3712846040725708,-1.4679253101348877,82.01042938232422,0.8214336037635803,0.8444018959999084,-50.22838592529297,0.47115065843600024,-0.31294513648059963,0.4208180010318756,-0.24130144715309143,-0.05033266544342041,0.07164368033409119,0.08755680523210478
361,1805,1819,-0.3702295124530792,-1.8291743993759155,111.72198486328125,-0.3039218783378601,-1.2707926034927368,70.1268539428711,1.0239883661270142,0.9735961556434631,-41.595130920410156,0.4941907847524183,-0.26825808577090576,0.4238840639591217,-0.18860182166099548,-0.07030671834945679,0.07965627312660217,0.10624573635440476
362,1810,1824,-0.3926238417625427,-1.6199626922607422,94.87895965576172,-0.2678866684436798,-1.0759683847427368,81.3420181274414,1.0058611631393433,0.9353907704353333,-13.536941528320312,0.5314141705758864,-0.17055247969676926,0.4323110282421112,-0.07178793102502823,-0.09910312294960022,0.09876454621553421,0.13991377547448275
363,1815,1829,-0.364096999168396,-1.4372682571411133,79.77777862548828,-0.322748064994812,-0.9010823965072632,109.28372955322266,0.8522944450378418,0.862930178642273,29.505950927734375,0.5350129521137458,0.05446239593966312,0.4493506848812103,0.2040483057498932,-0.08566227555274963,0.14958590269088745,0.17237739914711225
364,1820,1834,-0.293488472700119,-1.2441014051437378,68.23312377929688,-0.39074525237083435,-0.7598763108253479,115.71205139160156,0.8006212115287781,0.7033646106719971,47.47892761230469,0.4136341938804758,0.2698880820125643,0.4262019693851471,0.1815032660961151,0.012567788362503052,-0.08838480710983276,0.08927386757706317
365,1825,1839,-0.270933598279953,-1.0491760969161987,88.26520538330078,-0.4040229618549347,-0.5849166512489319,91.74930572509766,0.7672424912452698,0.6952334642410278,3.484100341796875,0.4600176091957977,0.14708300655702522,0.40562134981155396,0.08815901726484299,-0.05439627170562744,-0.058923982083797455,0.08019345384807994
366,1830,1844,-0.3352627456188202,-0.8750984072685242,111.9952163696289,-0.38710108399391174,-0.4156031906604767,84.78113555908203,0.8819844722747803,0.6653175950050354,-27.214080810546875,0.44546588618922034,-0.12402907583635198,0.44110140204429626,0.022174954414367676,-0.004364490509033203,0.14620402455329895,0.1462691545507291
367,1835,1849,-0.40016424655914307,-0.7112638354301453,110.696044921875,-0.40472912788391113,-0.25423675775527954,97.01651000976562,0.8327691555023193,0.7641003727912903,-13.679534912109375,0.4291476781511198,-0.1572477605787753,0.40624091029167175,0.010555960237979889,-0.022906780242919922,0.16780373454093933,0.16936001271546794
368,1840,1854,-0.3981042802333832,-0.5360685586929321,88.10577392578125,-0.3879116177558899,-0.10495977103710175,81.11782836914062,0.8242396116256714,0.7078901529312134,-6.987945556640625,0.4312101071985766,0.004062974798001008,0.4293706715106964,0.024686500430107117,-0.0018394291400909424,0.020623525604605675,0.02070539320866043
369,1845,1859,-0.38775840401649475,-0.39212366938591003,86.46602630615234,-0.3349885642528534,0.01184460986405611,64.62493133544922,0.6624252796173096,0.5851131677627563,-21.841094970703125,0.4064528509824061,-0.027768737725817984,0.3694456219673157,-0.007493652403354645,-0.03700724244117737,0.020275086164474487,0.04219733536702222
370,1850,1864,-0.4077844023704529,-0.23212361335754395,98.70134735107422,-0.23079846799373627,0.12965546548366547,46.17302703857422,0.6361026763916016,0.6121076941490173,-52.5283203125,0.3308399839291464,-0.22968029665169926,0.35832059383392334,-0.1550232470035553,0.027480602264404297,0.07465705275535583,0.07955412639788313
371,1855,1869,-0.3805786669254303,-0.08427584916353226,77.47908020019531,-0.093462273478508,0.21356143057346344,29.315113067626953,0.7086424827575684,0.6397207975387573,-48.16396713256836,0.352999505161415,-0.2157179430129873,0.3353062868118286,-0.2231006920337677,-0.01769322156906128,-0.007382750511169434,0.019171726437701635
372,1860,1874,-0.30786648392677307,0.04936537891626358,60.1804313659668,0.06112942844629288,0.2540637254714966,13.169586181640625,0.7235040068626404,0.7628942131996155,-47.01084518432617,0.36108611172517,-0.21834883535629696,0.324550986289978,-0.2161220908164978,-0.0365351140499115,0.0022267401218414307,0.03660290876706739
373,1865,1879,-0.19488012790679932,0.15661320090293884,41.99039077758789,0.2255275696516037,0.24816524982452393,-3.7605278491973877,0.7231062054634094,0.7612618803977966,-45.750919342041016,0.37371985712488565,-0.21320856161931906,0.3643907904624939,-0.19345882534980774,-0.009329080581665039,0.019749730825424194,0.021842243753239052
374,1870,1884,-0.07393057644367218,0.22246131300926208,27.3494815826416,0.361539751291275,0.2052069902420044,-18.31821060180664,0.6272435188293457,0.6491615772247314,-45.667694091796875,0.3788668919596054,-0.21538804318400562,0.3823569118976593,-0.17478403449058533,0.0034900307655334473,0.040604010224342346,0.04075372327828303
375,1875,1889,0.08741433173418045,0.25724315643310547,10.394405364990234,0.5087933540344238,0.12473492324352264,-29.40802764892578,0.658693253993988,0.6692238450050354,-39.802433013916016,0.3905562709270883,-0.20636016528462436,0.373979389667511,-0.16473770141601562,-0.01657688617706299,0.04162245988845825,0.04480203480304905
376,1880,1894,0.24949143826961517,0.24230293929576874,-7.601139545440674,0.6654959917068481,0.055905770510435104,-22.672630310058594,0.6522744297981262,0.6709588766098022,-15.071491241455078,0.43700495991629723,-0.12973181658169497,0.4224441349506378,-0.1299850046634674,-0.014560818672180176,-0.00025318562984466553,0.014563019720074222
377,1885,1899,0.4027949869632721,0.18448150157928467,-21.724071502685547,0.8049362897872925,-0.04684022068977356,-37.955535888671875,0.7724052667617798,0.816033661365509,-16.231464385986328,0.4592008273989848,-0.06604518715706326,0.4200442135334015,-0.10328499227762222,-0.03915661573410034,-0.03723980486392975,0.0540374279740585
378,1890,1904,0.5529307723045349,0.10292965918779373,-28.231779098510742,0.9116643667221069,-0.19388046860694885,-55.410884857177734,0.8011217713356018,0.8582781553268433,-27.179105758666992,0.4564619953562921,-0.09180678677428686,0.38826921582221985,-0.039242327213287354,-0.06819278001785278,0.052564457058906555,0.08610039136067206
379,1895,1909,0.68794846534729,0.044414568692445755,-23.615413665771484,0.9563518166542053,-0.3507762849330902,-75.5914535522461,0.6774289608001709,0.7642168402671814,-51.97603988647461,0.40423760806362197,-0.2545744190649736,0.3847942054271698,-0.15364789962768555,-0.019443392753601074,0.10092651844024658,0.1027823313913448
380,1900,1914,0.8230764269828796,-0.0654127299785614,-42.047203063964844,0.9580574631690979,-0.5007901191711426,-90.07473754882812,0.6844208240509033,0.6815951466560364,-48.02753448486328,0.3918268071250376,-0.23290578431686088,0.4016210436820984,-0.1968715488910675,0.009794235229492188,0.0360342413187027,0.03734157992299103
381,1905,1919,0.9217766523361206,-0.21619825065135956,-58.428653717041016,0.9436281323432922,-0.6805111169815063,-94.9972152709961,0.7555974125862122,0.7075395584106445,-36.56856155395508,0.40702994188844793,-0.22447836774822144,0.4137471914291382,-0.14137810468673706,0.00671723484992981,0.08310025930404663,0.08337130405858421
382,1910,1924,0.9582191109657288,-0.37686383724212646,-78.13880157470703,0.9654741287231445,-0.8689876794815063,-82.31282043457031,0.8038046956062317,0.9036276936531067,-4.174018859863281,0.4831074204950832,-0.09405174982793962,0.46040263772010803,-0.051947422325611115,-0.022704780101776123,0.0421043261885643,0.047835983561154365
383,1915,1929,0.9548339247703552,-0.5523565411567688,-91.53157806396484,1.073703408241272,-1.0374675989151,-55.72629928588867,0.8283618092536926,0.9430939555168152,35.80527877807617,0.4817606186043725,0.13179301507281,0.4583643972873688,0.1121448427438736,-0.023396223783493042,-0.019648179411888123,0.030552156086420968
384,1920,1934,0.9434971809387207,-0.7061682343482971,-93.78768920898438,1.198318600654602,-1.1936928033828735,-52.570411682128906,0.7086613774299622,0.9500234127044678,41.21727752685547,0.46962628439949744,0.2864704423836587,0.46113064885139465,0.09549988806247711,-0.008495628833770752,-0.1909705549478531,0.19115943232383845
385,1925,1939,0.9771397113800049,-0.8957708477973938,-75.85340881347656,1.26177978515625,-1.363362431526184,-70.52228546142578,0.7549547553062439,0.8291040062904358,5.331123352050781,0.5229782708595664,0.16172689628531967,0.44035544991493225,-0.005720213055610657,-0.08262279629707336,-0.16744710505008698,0.1867218772870564
386,1930,1944,1.0933347940444946,-1.0565265417099,-51.44301223754883,1.2785300016403198,-1.5705710649490356,-87.97632598876953,0.7855849862098694,0.8223381042480469,-36.5333137512207,0.5174077844227177,-0.1755796725346804,0.42881879210472107,-0.1573152244091034,-0.08858898282051086,0.018264442682266235,0.09045218484739082
387,1935,1949,1.211514949798584,-1.2212432622909546,-56.06654357910156,1.2308013439178467,-1.7726689577102661,-105.58839416503906,0.9557244777679443,0.8262031674385071,-49.5218505859375,0.4682766721337483,-0.2918205285824438,0.47965094447135925,-0.29305610060691833,0.01137426495552063,-0.00123557448387146,0.011441177718381048
388,1940,1954,1.2732502222061157,-1.4211483001708984,-74.2147216796875,1.1416367292404175,-1.9551255702972412,-116.88468170166016,0.9762905240058899,0.954087495803833,-42.669960021972656,0.47803666376709847,-0.27190951553161063,0.43944594264030457,-0.18415650725364685,-0.03859072923660278,0.08775299787521362,0.09586361676413026
389,1945,1959,1.271168828010559,-1.6279757022857666,-91.69354248046875,1.0545367002487183,-2.1510467529296875,-112.90833282470703,0.9747717976570129,1.0001587867736816,-21.21479034423828,0.5292448285642638,-0.2010788756641058,0.47308972477912903,-0.15665960311889648,-0.056155115365982056,0.04441927373409271,0.07159936355046051
390,1950,1964,1.2200794219970703,-1.8004040718078613,-107.26165008544922,1.0786237716674805,-2.3385157585144043,-82.67842864990234,0.8276293277740479,0.8316444158554077,24.583221435546875,0.5558498855193036,0.024592542538438428,0.508949339389801,0.057362787425518036,-0.04690057039260864,0.032770246267318726,0.05721496782811955
391,1955,1969,1.1253221035003662,-1.9835422039031982,-118.10643005371094,1.1687109470367432,-2.542675018310547,-64.41364288330078,0.8048498034477234,0.8489239811897278,53.692787170410156,0.47275556255642986,0.30168572051467785,0.4149937331676483,0.06944325566291809,-0.057761818170547485,-0.23224246501922607,0.23931775988541643
392,1960,1974,1.0513206720352173,-2.185427188873291,-107.6114501953125,1.246419072151184,-2.7574222087860107,-74.10711669921875,0.8671049475669861,0.9139784574508667,33.50433349609375,0.48615669549026286,0.3590172084493308,0.38408493995666504,0.11196816712617874,-0.10207176208496094,-0.24704906344413757,0.2673048528623347
393,1965,1979,1.1020517349243164,-2.403461456298828,-76.90177154541016,1.2507082223892212,-2.983955144882202,-90.02212524414062,0.9849769473075867,1.073019027709961,-13.120353698730469,0.5990796800966376,0.01323671582550287,0.42988649010658264,0.06377581506967545,-0.16919317841529846,0.05053909868001938,0.17658010113730185
394,1970,1984,1.2009129524230957,-2.5975964069366455,-61.297027587890625,1.1906061172485352,-3.1973230838775635,-106.94462585449219,1.0235698223114014,1.0642995834350586,-45.64759826660156,0.5210829586822615,-0.29707047658232927,0.49359390139579773,0.01218048483133316,-0.027489036321640015,0.30925095081329346,0.31047028472434923
395,1975,1989,1.2507835626602173,-2.78886079788208,-76.4781265258789,1.0878803730010986,-3.355227470397949,-123.67115783691406,0.8961201310157776,0.8560891151428223,-47.193031311035156,0.5125779370602592,-0.29081354056656544,0.4124913513660431,-0.16881871223449707,-0.10008659958839417,0.12199482321739197,0.15779754215136008
396,1980,1994,1.2470037937164307,-3.0122148990631104,-93.2926025390625,0.9193426370620728,-3.4834628105163574,-142.73358154296875,0.8927159309387207,0.9318164587020874,-49.44097900390625,0.48928925573187826,-0.30005408154941626,0.4005109965801239,-0.2040940523147583,-0.08877825736999512,0.09596002101898193,0.13072836194038595
397,1985,1999,1.174178123474121,-3.2256882190704346,-112.50367736816406,0.7175074219703674,-3.5320215225219727,-159.49880981445312,0.8715879917144775,0.8935250043869019,-46.99513244628906,0.45779493478408206,-0.304650652553873,0.37749549746513367,-0.25449812412261963,-0.08029943704605103,0.05015254020690918,0.09467458412434857
398,1990,2004,1.0458236932754517,-3.3957347869873047,-128.71083068847656,0.5242825746536255,-3.4969754219055176,171.4412384033203,1.009508728981018,0.9254668951034546,-59.847930908203125,0.40516599214553245,-0.3436500012813545,0.4444780647754669,-0.23693501949310303,0.03931206464767456,0.10671499371528625,0.11372567129068321
399,1995,2009,0.8770405054092407,-3.4951531887054443,-142.73358154296875,0.3381606638431549,-3.3861773014068604,147.67559814453125,0.9318164587020874,1.0367560386657715,-69.5908203125,0.36286866599751005,-0.4130297701325334,0.4516606032848358,-0.1547519564628601,0.08879193663597107,0.2582778036594391,0.2731143201567982
400,2000,2014,0.7002202868461609,-3.530470848083496,-164.7391815185547,0.19726207852363586,-3.2122795581817627,127.92311096191406,0.7728098034858704,1.0634874105453491,-67.33770751953125,0.40147048233980304,-0.43935643630147825,0.4755338132381439,-0.34687381982803345,0.07406333088874817,0.09248262643814087,0.11848380975995375
401,2005,2019,0.4974505305290222,-3.486971139907837,167.89199829101562,0.12267115712165833,-3.0342957973480225,111.77532196044922,0.9124861359596252,0.8979945182800293,-56.116676330566406,0.4613929819667504,-0.36399321516354066,0.43397215008735657,-0.33938536047935486,-0.02742081880569458,0.024607867002487183,0.036843566906406215
402,2010,2024,0.31610262393951416,-3.364809989929199,143.67861938476562,0.09267344325780869,-2.7999327182769775,94.95318603515625,0.9361057877540588,0.9058629274368286,-48.725433349609375,0.5146031661776547,-0.3227855462066649,0.41674962639808655,-0.26606351137161255,-0.09785351157188416,0.056722044944763184,0.11310481912661635
403,2015,2029,0.18323972821235657,-3.185917377471924,125.46092224121094,0.07789967209100723,-2.561185359954834,94.30017852783203,1.0810195207595825,0.8895397186279297,-31.160743713378906,0.5699641204149644,-0.2766360832831075,0.47672292590141296,-0.24524202942848206,-0.09324118494987488,0.03139406442642212,0.09838447973164831
404,2020,2034,0.1068941280245781,-2.964020013809204,106.99504089355469,-0.0245306808501482,-2.3649535179138184,120.65206909179688,1.0883588790893555,1.0559296607971191,13.657028198242188,0.6113193155039625,-0.04941500635119006,0.5085130929946899,0.032167401164770126,-0.1028062105178833,0.08158241212368011,0.13124331178755483
405,2025,2039,0.09002681821584702,-2.7224645614624023,92.90789794921875,-0.17659497261047363,-2.232156753540039,139.6119842529297,1.13955819606781,0.9519257545471191,46.70408630371094,0.503202360702346,0.2414048756956408,0.49536845088005066,0.19712330400943756,-0.007833927869796753,-0.044281572103500366,0.044969190050819015
406,2030,2044,0.07334888726472855,-2.530116081237793,94.7360610961914,-0.2811993658542633,-2.0880441665649414,123.08750915527344,0.8929786086082458,0.8283399939537048,28.35144805908203,0.46983605819467955,0.3168376787396896,0.490626722574234,0.20972272753715515,0.020790666341781616,-0.10711494088172913,0.10911398795311084
407,2035,2049,-0.044766440987586975,-2.344304084777832,128.7371826171875,-0.3488268554210663,-1.8880724906921387,106.59346771240234,0.8145015835762024,0.8470581769943237,-22.143714904785156,0.5461373032585023,-0.048311903246058024,0.44427892565727234,-0.0338650718331337,-0.10185840725898743,0.014446832239627838,0.10287782118171872
408,2040,2054,-0.1989799439907074,-2.214228630065918,142.7028045654297,-0.3589751124382019,-1.6784846782684326,90.14241790771484,0.7789654731750488,0.8267149925231934,-52.560386657714844,0.4519104186182773,-0.32923701091824686,0.3950875997543335,-0.21280381083488464,-0.05682280659675598,0.11643320322036743,0.12955895245673962
409,2045,2059,-0.3048446476459503,-2.0356693267822266,119.65111541748047,-0.3189169764518738,-1.469535231590271,77.46380615234375,0.9745449423789978,0.9885573387145996,-42.18730926513672,0.49896288138541034,-0.2678467606233183,0.3846703767776489,-0.22169455885887146,-0.11429250240325928,0.046152204275131226,0.12325908512175672
410,2050,2064,-0.35860148072242737,-1.8287960290908813,103.18488311767578,-0.26107680797576904,-1.2701958417892456,73.62698364257812,0.9999078512191772,0.9670982956886292,-29.557899475097656,0.5216302009914079,-0.2223671838680985,0.4691009223461151,-0.11494720727205276,-0.05252930521965027,0.10741997510194778,0.1195758293208216
411,2055,2069,-0.35793018341064453,-1.6449878215789795,88.66295623779297,-0.2647794187068939,-1.1003172397613525,94.13738250732422,0.853770911693573,0.7901044487953186,5.47442626953125,0.5466958373701308,-0.08041622388931992,0.4344874918460846,0.013566315174102783,-0.11220833659172058,0.09398254007101059,0.14636744391728637
412,2060,2074,-0.31064316630363464,-1.4389011859893799,75.53099822998047,-0.34137359261512756,-0.9286609888076782,116.55200958251953,0.8341081142425537,0.7337337136268616,41.02101135253906,0.4863787013171471,0.15724241420924978,0.445130854845047,0.15619561076164246,-0.04124784469604492,-0.0010468065738677979,0.041261125724731916
413,2065,2079,-0.25441494584083557,-1.243598222732544,73.94544219970703,-0.37505534291267395,-0.751259982585907,96.44210815429688,0.794306218624115,0.7139341831207275,22.496665954589844,0.43977304506953746,0.25209267531327634,0.4326689541339874,0.03370990604162216,-0.007104098796844482,-0.21838277578353882,0.2184982951389752
414,2070,2084,-0.2817397117614746,-1.0479966402053833,100.3283920288086,-0.35660067200660706,-0.5741766691207886,83.33958435058594,0.9312059879302979,0.8458563685417175,-16.988807678222656,0.4795641435351718,-0.011303123586276637,0.41083672642707825,-0.1124013289809227,-0.06872740387916565,-0.1010982021689415,0.12224689168139254
415,2075,2089,-0.36049118638038635,-0.8802465796470642,115.27099609375,-0.3132627308368683,-0.4054235816001892,74.29496765136719,0.88161700963974,0.8213756084442139,-40.97602844238281,0.4092200175059714,-0.24541064312629388,0.49047282338142395,-0.12301512807607651,0.0812528133392334,0.12239550799131393,0.14691044909056708
416,2080,2094,-0.37443816661834717,-0.7269307971000671,93.93563842773438,-0.2525221109390259,-0.251041442155838,67.85985565185547,0.6952432990074158,0.7779700756072998,-26.075782775878906,0.4663992915525522,-0.15429161876432315,0.47244176268577576,-0.07758449763059616,0.00604248046875,0.07670711725950241,0.07694474256554686
417,2085,2099,-0.3536871075630188,-0.5491893887519836,82.73268127441406,-0.23578396439552307,-0.13921751081943512,84.12284088134766,0.6901970505714417,0.509899914264679,1.3901596069335938,0.4215930975041759,-0.06509503989755462,0.5084870457649231,-0.06449570506811142,0.0868939459323883,0.0005993321537971497,0.08689601278960615
418,2090,2104,-0.3058305084705353,-0.3820607662200928,72.33280944824219,-0.276636004447937,-0.021300140768289566,112.08516693115234,0.6774909496307373,0.48750048875808716,39.752357482910156,0.3526056738280348,0.08166877869575001,0.4339706599712372,0.12478778511285782,0.08136498928070068,0.04311900585889816,0.09208425569503308
419,2095,2109,-0.24527700245380402,-0.2314392775297165,67.96560668945312,-0.2875352203845978,0.10077358037233353,89.90897369384766,0.7623434662818909,0.49336495995521545,21.94336700439453,0.29209392192860767,0.1638056337885116,0.4108142852783203,0.08446688205003738,0.11872035264968872,-0.07933875173330307,0.1427906147471365
420,2100,2114,-0.2433100789785385,-0.10343298316001892,92.13980102539062,-0.25598955154418945,0.22219789028167725,73.85941314697266,0.603069007396698,0.5965760946273804,-18.28038787841797,0.32587723509311345,0.0005122606882474699,0.3723129630088806,-0.02777145802974701,0.04643571376800537,-0.02828371897339821,0.05437135525357345
421,2105,2119,-0.28767773509025574,0.011070970445871353,112.04643249511719,-0.1857186257839203,0.3327428996562958,56.42648696899414,0.5697851181030273,0.6166863441467285,-55.61994552612305,0.25988011814118067,-0.21524594445439896,0.2937125861644745,-0.08056732267141342,0.03383246064186096,0.13467863202095032,0.13886313159409022
422,2110,2124,-0.2861432433128357,0.11800505965948105,88.43704223632812,-0.09651756286621094,0.4121215045452118,40.14433288574219,0.48703885078430176,0.5413902401924133,-48.29270935058594,0.2991791254219241,-0.1815329952547543,0.2897140681743622,-0.1556474268436432,-0.009465068578720093,0.02588556706905365,0.027561750773242782
423,2115,2129,-0.24772435426712036,0.23932310938835144,69.4347915649414,0.032482050359249115,0.47638508677482605,24.392372131347656,0.5037863850593567,0.5700249075889587,-45.04241943359375,0.32038372952629224,-0.17907618587139545,0.27196595072746277,-0.17704620957374573,-0.04841777682304382,0.0020299702882766724,0.048460312543950494
424,2120,2134,-0.17176319658756256,0.3486592173576355,53.7121467590332,0.17948608100414276,0.5064852237701416,9.551380157470703,0.629142701625824,0.5891651511192322,-44.1607666015625,0.3351004308210759,-0.18971769704575425,0.2664489150047302,-0.20376774668693542,-0.06865152716636658,-0.01405005156993866,0.07007450414660317
425,2125,2139,-0.06190770864486694,0.43358314037323,36.62403106689453,0.3321061432361603,0.4956375062465668,-5.24058198928833,0.6574328541755676,0.7161735892295837,-41.8646125793457,0.3532418952838961,-0.1852507036810036,0.30027076601982117,-0.2389407455921173,-0.05297112464904785,-0.053690046072006226,0.07542255030028563
426,2130,2144,0.07385013997554779,0.4887104332447052,20.972835540771484,0.4791649281978607,0.4437750577926636,-21.0197811126709,0.6910269856452942,0.7243194580078125,-41.99261474609375,0.3623792821769979,-0.1870308355510403,0.3232472836971283,-0.23648902773857117,-0.039131999015808105,-0.04945819079875946,0.06306683743505537
427,2135,2149,0.20243705809116364,0.507530927658081,6.9781928062438965,0.5873485803604126,0.36784669756889343,-36.36970138549805,0.5978846549987793,0.5975491404533386,-43.34789276123047,0.3650898355322955,-0.18541301888890796,0.3689013719558716,-0.22198966145515442,0.0038115382194519043,-0.03657664358615875,0.03677470162526449
428,2140,2154,0.3562338650226593,0.4910125732421875,-7.176538944244385,0.6806828379631042,0.25030219554901123,-53.742984771728516,0.6174306273460388,0.5896309018135071,-46.566444396972656,0.3519784401398463,-0.19829220773399492,0.35821986198425293,-0.16416886448860168,0.006241410970687866,0.03412334620952606,0.03468945037673845
429,2145,2159,0.4998665750026703,0.43227261304855347,-23.674989700317383,0.7444018721580505,0.11407289654016495,-64.34921264648438,0.6145389676094055,0.6056917309761047,-40.674224853515625,0.35172718365097244,-0.19322671700204758,0.34977006912231445,-0.17392480373382568,-0.001957118511199951,0.01930190622806549,0.019400873611874155
430,2150,2164,0.6172805428504944,0.3367498219013214,-40.048553466796875,0.821828305721283,-0.024744080379605293,-60.52394104003906,0.7279693484306335,0.7602742314338684,-20.475387573242188,0.3891795952814072,-0.1451098918924029,0.4144417345523834,-0.10736805945634842,0.025262147188186646,0.03774183243513107,0.04541609842466786
431,2155,2169,0.6967300772666931,0.2133456915616989,-58.721580505371094,0.9150757789611816,-0.16930490732192993,-57.366981506347656,0.6829522848129272,0.8152673840522766,1.3545989990234375,0.44039853486300823,-0.012061018566058401,0.3754037320613861,-0.03165460377931595,-0.06499481201171875,-0.019593585282564163,0.06788397581656348
432,2160,2174,0.7538100481033325,0.09559507668018341,-64.0069580078125,0.9546341300010681,-0.32946720719337463,-77.63603210449219,0.6004403233528137,0.7895408868789673,-13.629074096679688,0.4700796517340728,-0.005778471708843186,0.3826161026954651,-0.14740729331970215,-0.08746355772018433,-0.14162881672382355,0.16645899091266417
433,2165,2179,0.8351415991783142,-0.044473860412836075,-58.925167083740234,0.9548360705375671,-0.47799715399742126,-90.7605209350586,0.6397358179092407,0.6737223267555237,-31.83535385131836,0.43309121366107917,-0.12124857291519435,0.40539005398750305,-0.18305206298828125,-0.02770116925239563,-0.06180348992347717,0.06772758776651663
434,2170,2184,0.9238964319229126,-0.18924371898174286,-60.504581451416016,0.9414452910423279,-0.6585225462913513,-94.95684814453125,0.6649647951126099,0.7190724015235901,-34.452266693115234,0.4170982142013277,-0.21577684292328284,0.4059523344039917,-0.14191755652427673,-0.01114588975906372,0.07385928928852081,0.07469555189384845
435,2175,2189,0.9564619660377502,-0.35551297664642334,-80.59387969970703,0.9669234156608582,-0.8490321636199951,-81.16098022460938,0.7959840297698975,0.9179807901382446,-0.5671005249023438,0.48859340698267273,-0.07033571278046749,0.4427931010723114,-0.06583014875650406,-0.04580029845237732,0.004505567252635956,0.04602138062460601
436,2180,2194,0.9527419805526733,-0.5282710790634155,-91.62579345703125,1.0675731897354126,-1.0242820978164673,-58.71466064453125,0.8266350626945496,0.9563691020011902,32.9111328125,0.4925533966685802,0.12885762979759707,0.48095622658729553,0.07896408438682556,-0.011597156524658203,-0.049893543124198914,0.05122362428551614
437,2185,2199,0.9412769079208374,-0.6841087341308594,-93.8210220336914,1.2060941457748413,-1.1755050420761108,-47.728431701660156,0.7135518193244934,0.9832884669303894,46.09259033203125,0.4726565568445332,0.29697521815585726,0.43566271662712097,0.15334555506706238,-0.036993831396102905,-0.14362967014312744,0.14831731425152925
438,2190,2204,0.977274477481842,-0.8756811618804932,-75.69634246826172,1.27699875831604,-1.3382534980773926,-67.0532455444336,0.7743720412254333,0.8160534501075745,8.643096923828125,0.5222827178688599,0.17614929279378738,0.4169171154499054,0.032507870346307755,-0.10536560416221619,-0.1436414271593094,0.17814255565931464
439,2195,2209,1.085838794708252,-1.0432143211364746,-53.899227142333984,1.3076586723327637,-1.5456290245056152,-84.24958801269531,0.7824385166168213,0.8266505599021912,-30.350360870361328,0.5366398862737289,-0.11679993463600144,0.4229651987552643,-0.08509217947721481,-0.11367467045783997,0.0317077562212944,0.11801403521737382
440,2200,2214,1.2191516160964966,-1.2016212940216064,-50.873390197753906,1.2765593528747559,-1.7572331428527832,-101.30055236816406,0.9779499173164368,0.8389282822608948,-50.427162170410156,0.4672441492567605,-0.3060769180923749,0.46688660979270935,-0.2517015337944031,-0.00035753846168518066,0.05437538027763367,0.05437655573948075
441,2205,2219,1.2925993204116821,-1.396085262298584,-70.6848373413086,1.1876246929168701,-1.9531034231185913,-115.86203002929688,0.9796741008758545,1.0087339878082275,-45.17719268798828,0.4909436881185278,-0.2833076049059675,0.47010478377342224,-0.2370108664035797,-0.020838916301727295,0.04629674553871155,0.0507705532775309
442,2210,2224,1.3064489364624023,-1.6076579093933105,-87.50629425048828,1.0780377388000488,-2.1351637840270996,-120.02751922607422,1.0009496212005615,1.0168453454971313,-32.52122497558594,0.5170682423334915,-0.25114648267667056,0.4455359876155853,-0.14228111505508423,-0.07153227925300598,0.10886538028717041,0.1302633409682105
443,2215,2229,1.267627477645874,-1.7880659103393555,-103.26940155029297,1.0574207305908203,-2.3278279304504395,-93.10227966308594,0.8479731678962708,0.8861469626426697,10.167121887207031,0.5735999840883688,-0.08070299322632683,0.5342905521392822,-0.061436571180820465,-0.03930944204330444,0.019266419112682343,0.04377701610641642
444,2220,2234,1.1705551147460938,-1.975096583366394,-117.81645965576172,1.133263349533081,-2.540562868118286,-67.82727813720703,0.8375105261802673,0.9272270798683167,49.98918151855469,0.5175267919521118,0.2308870168622869,0.4367453157901764,0.095100998878479,-0.080781489610672,-0.1357860118150711,0.15799838628404322
445,2225,2239,1.0661401748657227,-2.1669464111328125,-116.88768005371094,1.2253512144088745,-2.735628843307495,-66.96660614013672,0.8788878321647644,0.8497259616851807,49.92107391357422,0.435202831394041,0.3991821129799449,0.3826024830341339,0.10578588396310806,-0.052600353956222534,-0.2933962345123291,0.2980740640551162
446,2230,2244,1.069638729095459,-2.3844430446624756,-86.50499725341797,1.2499171495437622,-2.967517137527466,-85.13855743408203,1.0382386445999146,1.0838165283203125,1.3664398193359375,0.592979684494148,0.14439806240696984,0.384957879781723,0.04576425999403,-0.20802178978919983,-0.09863380342721939,0.23022096387084603
447,2235,2249,1.1649020910263062,-2.5934500694274902,-64.8640365600586,1.205637812614441,-3.1928927898406982,-102.49241638183594,1.048088788986206,1.086385726928711,-37.628379821777344,0.55998012953156,-0.21774578893634397,0.44209620356559753,-0.04112458974123001,-0.11788395047187805,0.1766211986541748,0.21234800115116148
448,2240,2254,1.2332172393798828,-2.7711684703826904,-71.0663070678711,1.1144939661026,-3.36576771736145,-119.40776824951172,0.8717027306556702,0.8943375945091248,-48.341461181640625,0.5239057041706178,-0.30523154041296213,0.4150812327861786,-0.10041023045778275,-0.1088244616985321,0.20482131838798523,0.2319364911568848
449,2245,2259,1.2483644485473633,-3.000044584274292,-88.7725601196289,0.9583749175071716,-3.5074362754821777,-141.1700897216797,0.9192646145820618,0.8229296803474426,-52.39752960205078,0.5010633326199544,-0.3007919432489735,0.38561397790908813,-0.19091975688934326,-0.11544936895370483,0.10987219214439392,0.15937520321061016
450,2250,2264,1.1943374872207642,-3.2241132259368896,-106.01424407958984,0.7667320966720581,-3.573361396789551,-164.34182739257812,0.8972470760345459,0.7873278856277466,-58.32758331298828,0.4536611491251164,-0.31466206737501734,0.37143853306770325,-0.21725139021873474,-0.08222261071205139,0.09741067886352539,0.12747312685016565
451,2255,2269,1.0749332904815674,-3.413620710372925,-123.05584716796875,0.5615276098251343,-3.55061674118042,-177.843505859375,1.0544449090957642,0.8254483938217163,-54.78765869140625,0.39486209095732583,-0.355580137960646,0.39717230200767517,-0.22129535675048828,0.0023102164268493652,0.13428479433059692,0.13430466517716202
452,2260,2274,0.9045701622962952,-3.5347254276275635,-146.38795471191406,0.36268332600593567,-3.456967830657959,157.45791625976562,0.9771943688392639,0.9648407697677612,-56.15411376953125,0.4082419665429972,-0.3647273662414121,0.4273740351200104,-0.1114397719502449,0.01913207769393921,0.2532876133918762,0.25400915632047494
453,2265,2279,0.7357204556465149,-3.577700138092041,-167.64842224121094,0.2128564715385437,-3.2878029346466064,130.56040954589844,0.8066433668136597,1.0655535459518433,-61.791168212890625,0.44874960112541545,-0.39503282133580364,0.47714707255363464,-0.3366198241710663,0.028397470712661743,0.05841299891471863,0.06494994060880581
454,2270,2284,0.5191798210144043,-3.5385961532592773,-177.843505859375,0.13155128061771393,-3.112328290939331,113.36016845703125,0.8254483938217163,0.8895075917243958,-68.79632568359375,0.3713139785490283,-0.4405520589705693,0.44011297821998596,-0.3406554162502289,0.0687989890575409,0.099896639585495,0.1212956697323277
455,2275,2289,0.33883383870124817,-3.4349889755249023,146.42849731445312,0.0953945592045784,-2.8790574073791504,96.46697998046875,0.9109373688697815,0.9169324636459351,-49.961517333984375,0.5102502194440268,-0.32858379212569666,0.4025350511074066,-0.2982805669307709,-0.10771515965461731,0.030303239822387695,0.11189656814734239
456,2280,2294,0.19567827880382538,-3.2608001232147217,127.68138122558594,0.09295046329498291,-2.6428418159484863,90.45088195800781,1.075615406036377,0.9287270903587341,-37.230499267578125,0.5518603514477222,-0.2964382331929643,0.4860568940639496,-0.2501070499420166,-0.06580343842506409,0.046331197023391724,0.0804777753555697
457,2285,2299,0.11417177319526672,-3.0447115898132324,109.38914489746094,0.03007657080888748,-2.445599317550659,110.85626220703125,1.0911707878112793,0.9630812406539917,1.4671173095703125,0.5930520913154115,-0.11956895427512333,0.49927058815956116,-0.0015992522239685059,-0.0937815010547638,0.11796969920396805,0.15070441224582432
458,2290,2304,0.09427925944328308,-2.8116960525512695,93.80377960205078,-0.12776406109333038,-2.287057638168335,136.11952209472656,1.1235688924789429,1.005876898765564,42.31574249267578,0.5382129775060805,0.1867498136149117,0.50136798620224,0.13591909408569336,-0.03684496879577637,-0.050830721855163574,0.06277988539236702
459,2295,2309,0.09241852164268494,-2.609231472015381,90.45140838623047,-0.24184761941432953,-2.1604936122894287,129.33493041992188,0.9415455460548401,0.7822505831718445,38.883522033691406,0.4513574421851167,0.3307203792190287,0.4939788281917572,0.20695847272872925,0.04262137413024902,-0.12376189231872559,0.13089533040969217
460,2300,2314,0.0040583801455795765,-2.4138267040252686,121.58592224121094,-0.3263351023197174,-1.9619319438934326,110.3500747680664,0.8451113104820251,0.852580726146698,-11.235847473144531,0.5580014926842475,0.044755655837835084,0.459579735994339,0.02882259339094162,-0.09842178225517273,-0.015933062881231308,0.09970310785056755
461,2305,2319,-0.15169644355773926,-2.2704999446868896,140.5768585205078,-0.3522855341434479,-1.7505122423171997,94.58539581298828,0.8190031051635742,0.8340410590171814,-45.99146270751953,0.48516481231483843,-0.27429600574783897,0.3926951289176941,-0.2017996907234192,-0.09246969223022461,0.07249632477760315,0.11750047271144137
462,2310,2324,-0.2724279463291168,-2.107271432876587,123.3602523803711,-0.32198888063430786,-1.536831021308899,80.87059783935547,0.9557080268859863,1.016885757446289,-42.489654541015625,0.5037023154507776,-0.272291253565446,0.3833548426628113,-0.22421416640281677,-0.12034749984741211,0.04807707667350769,0.12959523919107985
463,2315,2329,-0.34016239643096924,-1.9016706943511963,107.58491516113281,-0.2611360549926758,-1.3304023742675781,73.3268051147461,1.029034972190857,1.0064998865127563,-34.25811004638672,0.5206977368980881,-0.24792442994083985,0.4572257101535797,-0.14728385210037231,-0.06347200274467468,0.10064058005809784,0.11898412283515138
464,2320,2334,-0.3513241410255432,-1.7193772792816162,92.56524658203125,-0.24537715315818787,-1.1570048332214355,86.44005584716797,0.843390941619873,0.799691379070282,-6.125190734863281,0.5570670195998418,-0.1310109461076663,0.42986610531806946,-0.05183804780244827,-0.1272009313106537,0.07917290180921555,0.14982798572759803
465,2325,2339,-0.3136410117149353,-1.5057084560394287,78.20868682861328,-0.32483556866645813,-0.9875366687774658,117.6812973022461,0.8622277975082397,0.7243666648864746,39.47261047363281,0.5049499428199223,0.11684551538572215,0.473174124956131,0.18769913911819458,-0.03177580237388611,0.07085362076759338,0.0776526702205546
466,2330,2344,-0.25440534949302673,-1.302122712135315,73.40595245361328,-0.39741259813308716,-0.8298273682594299,109.78622436523438,0.8231253027915955,0.6881958246231079,36.380271911621094,0.41178403583858975,0.27193358166825154,0.44017210602760315,0.1227235347032547,0.02838808298110962,-0.14921005070209503,0.15188654478216343
467,2335,2349,-0.2636525332927704,-1.1041656732559204,95.77055358886719,-0.4057033658027649,-0.6508730053901672,90.68611145019531,0.9388762712478638,0.8424461483955383,-5.084442138671875,0.4652781114458941,0.09575469057428292,0.42953726649284363,0.023880302906036377,-0.03574085235595703,-0.07187438756227493,0.08027039376122694
468,2340,2354,-0.3550558090209961,-0.9475666880607605,121.111572265625,-0.3778827488422394,-0.47570300102233887,81.04698944091797,0.8499685525894165,0.8347310423851013,-40.06458282470703,0.4157869303121764,-0.22427134660645692,0.43170908093452454,-0.09327880293130875,0.01592215895652771,0.13099253177642822,0.13195665397029244
469,2345,2359,-0.4038691818714142,-0.8040340542793274,105.94674682617188,-0.3301568627357483,-0.31422263383865356,72.99527740478516,0.7000006437301636,0.799963653087616,-32.95146942138672,0.45071023517406367,-0.20544833291075654,0.4246862828731537,-0.08137855678796768,-0.026023954153060913,0.12406977266073227,0.126769691479653
470,2350,2364,-0.40150174498558044,-0.6256231665611267,86.34800720214844,-0.3010847568511963,-0.1799919158220291,77.8062973022461,0.700140655040741,0.6246085166931152,-8.541709899902344,0.45112251478660703,-0.071828079987756,0.46182987093925476,-0.056568048894405365,0.010707348585128784,0.015260033309459686,0.018641779162120727
471,2355,2369,-0.37269318103790283,-0.4533116817474365,80.02473449707031,-0.3022463321685791,-0.037024129182100296,94.41997528076172,0.6882437467575073,0.5471099615097046,14.395240783691406,0.42219738249138256,0.0027287083259967676,0.386307954788208,0.09372887015342712,-0.03588941693305969,0.09100016206502914,0.09782167317960044
472,2360,2374,-0.32507169246673584,-0.2909949719905853,73.56989288330078,-0.2759931981563568,0.10286545753479004,74.45919799804688,0.8026747703552246,0.548918604850769,0.8893051147460938,0.391658959784268,0.06432725526860435,0.39733827114105225,0.05082467198371887,0.005679309368133545,-0.013502582907676697,0.014648354859084086
473,2365,2379,-0.2945801615715027,-0.1362028270959854,79.55607604980469,-0.20197999477386475,0.22690415382385254,57.879695892333984,0.7360687255859375,0.6795185208320618,-21.676380157470703,0.3738772183365562,-0.025244509723064842,0.3928987681865692,-0.05085814744234085,0.019021540880203247,-0.025613637641072273,0.03190419174129628
474,2370,2384,-0.3027329742908478,0.006710879970341921,95.16377258300781,-0.08967675268650055,0.32635095715522766,40.027259826660156,0.6620739102363586,0.7145945429801941,-55.136512756347656,0.29916713986850263,-0.24096005989512037,0.36187243461608887,-0.16008499264717102,0.06270530819892883,0.08087506890296936,0.10233636912839293
475,2375,2389,-0.26767075061798096,0.1222665086388588,72.13735961914062,0.02877938002347946,0.38471803069114685,24.43020248413086,0.561733067035675,0.6110244989395142,-47.707157135009766,0.34073190134170145,-0.20165629452425815,0.31990039348602295,-0.2637232840061188,-0.02083149552345276,-0.06206698715686798,0.06546955094144488
476,2380,2394,-0.18916630744934082,0.24278861284255981,55.01542663574219,0.18468399345874786,0.41454383730888367,8.328717231750488,0.572027862071991,0.6242591142654419,-46.686710357666016,0.3550694159764869,-0.20782108487123074,0.3317210376262665,-0.2904236316680908,-0.02334839105606079,-0.08260254561901093,0.08583896497306756
477,2385,2399,-0.07236914336681366,0.33877071738243103,38.01222610473633,0.3440118432044983,0.4013770818710327,-6.503174304962158,0.6049137115478516,0.62836754322052,-44.51539993286133,0.3666128510246597,-0.20709348788716161,0.35926350951194763,-0.2641161382198334,-0.007349342107772827,-0.05702264606952667,0.05749430401515952
478,2390,2404,0.07237941026687622,0.39810287952423096,21.28852653503418,0.49799844622612,0.3416096866130829,-22.494802474975586,0.7457118034362793,0.7595951557159424,-43.783329010009766,0.37606579264530793,-0.20716554785540103,0.3828931450843811,-0.15768876671791077,0.006827354431152344,0.04947678744792938,0.049945623078465624
479,2395,2409,0.2304983288049698,0.41431668400764465,4.4655890464782715,0.6226746439933777,0.24170559644699097,-40.39907455444336,0.7520796656608582,0.7505242824554443,-44.864662170410156,0.37754623125111136,-0.20262207357412138,0.3653630018234253,-0.1873965859413147,-0.012183219194412231,0.01522548496723175,0.01949990313890032
480,2400,2414,0.37039831280708313,0.3944498300552368,-9.693571090698242,0.700502336025238,0.1323254108428955,-56.240055084228516,0.6462238430976868,0.6095554828643799,-46.546485900878906,0.36952710870005184,-0.20279939158685723,0.4077960252761841,-0.16908490657806396,0.03826892375946045,0.03371448814868927,0.0510017375864343
481,2405,2419,0.5187544822692871,0.3301456868648529,-25.74405860900879,0.8073599934577942,-0.007362599950283766,-51.44308090209961,0.6394118070602417,0.71492999792099,-25.69902229309082,0.4065568286887825,-0.17865198748614508,0.40227842330932617,-0.0703592374920845,-0.004278391599655151,0.10829275101423264,0.10837723265017696
482,2410,2424,0.6389134526252747,0.22446505725383759,-44.0018310546875,0.906268835067749,-0.14588887989521027,-57.42557144165039,0.627730667591095,0.6771374940872192,-13.42374038696289,0.44959140834424655,-0.08067530493155625,0.3737398386001587,-0.041716739535331726,-0.07585155963897705,0.03895856440067291,0.08527150074806161
483,2415,2429,0.7263399958610535,0.09428606182336807,-56.64680862426758,0.951710045337677,-0.3081788420677185,-75.80657958984375,0.7586624026298523,0.7944764494895935,-19.159770965576172,0.4600859631138191,-0.033023606913727854,0.37712839245796204,-0.14027783274650574,-0.08295756578445435,-0.10725422203540802,0.13559286804733747
484,2420,2434,0.8399838805198669,-0.04213999956846237,-49.92842483520508,0.9549860954284668,-0.48278191685676575,-89.91346740722656,0.83965003490448,0.8107150197029114,-39.985042572021484,0.41122918809024583,-0.19565622147521095,0.4040580689907074,-0.18069258332252502,-0.007171124219894409,0.01496364176273346,0.016593239508323174
485,2425,2439,0.9162914156913757,-0.16813813149929047,-60.60667037963867,0.9403956532478333,-0.6633637547492981,-94.79730224609375,0.6780298948287964,0.8514938354492188,-34.19063186645508,0.443306105156267,-0.22205655712868277,0.4077520966529846,-0.1421787440776825,-0.03555402159690857,0.0798778086900711,0.0874331331523756
486,2430,2444,0.9547634720802307,-0.33537936210632324,-80.4095687866211,0.9542574286460876,-0.8249193429946899,-84.08009338378906,0.6840740442276001,0.7450047135353088,-3.6705245971679688,0.48261379994576825,-0.08205832724377032,0.42322179675102234,-0.0848902091383934,-0.05939200520515442,-0.002831883728504181,0.05945948072209222
487,2435,2449,0.9533431529998779,-0.5090890526771545,-91.1275405883789,1.0495096445083618,-1.006739854812622,-58.78205108642578,0.7014487385749817,0.8033456206321716,32.345489501953125,0.4956620747931422,0.1059406558733851,0.4862617552280426,0.058646269142627716,-0.00940030813217163,-0.047294385731220245,0.048219547018540324
488,2440,2454,0.9402868151664734,-0.6901863217353821,-94.23412322998047,1.1961759328842163,-1.1536952257156372,-44.920772552490234,0.8533379435539246,0.9873815178871155,49.313350677490234,0.4433509979156121,0.2894125727790229,0.41698533296585083,0.1450595259666443,-0.026365667581558228,-0.14435303211212158,0.14674108595408594
489,2445,2459,0.9738060235977173,-0.881826639175415,-78.83209991455078,1.2840334177017212,-1.3401230573654175,-65.8951644897461,0.9164199829101562,0.9738599061965942,12.936935424804688,0.5097043478052753,0.21558784939496353,0.41406363248825073,0.02822069823741913,-0.09564071893692017,-0.18736715614795685,0.21036539240508123
490,2450,2464,1.0690579414367676,-1.0269283056259155,-55.42753219604492,1.317667841911316,-1.5478897094726562,-82.41744995117188,0.797948956489563,0.9880540370941162,-26.989917755126953,0.5700376060552493,-0.09091091570725748,0.41873833537101746,-0.08694002777338028,-0.15129926800727844,0.003970891237258911,0.1513513676078165
491,2455,2469,1.2117185592651367,-1.1784977912902832,-48.72236251831055,1.296181082725525,-1.7335418462753296,-98.41378784179688,0.8287932276725769,0.8473482131958008,-49.69142532348633,0.4728482738846835,-0.3026918081610653,0.46739092469215393,-0.21773883700370789,-0.00545734167098999,0.08495298027992249,0.0851280884112572
492,2460,2474,1.2939627170562744,-1.369814395904541,-68.34607696533203,1.2096365690231323,-1.9254547357559204,-116.78724670410156,0.8377598524093628,0.8314125537872314,-48.44116973876953,0.48531228870570237,-0.2834061907289549,0.4622538387775421,-0.2487489879131317,-0.023058444261550903,0.03465721011161804,0.04162708330502979
493,2465,2479,1.3187237977981567,-1.581136703491211,-84.49705505371094,1.0972126722335815,-2.1059374809265137,-121.60879516601562,1.00358247756958,0.8312357068061829,-37.11174011230469,0.5011398791736161,-0.2708170161703961,0.45566055178642273,-0.15375065803527832,-0.04547932744026184,0.11706635355949402,0.12559020805833157
494,2470,2484,1.277763843536377,-1.7905110120773315,-102.4124755859375,1.063184380531311,-2.3283889293670654,-95.76524353027344,1.0001620054244995,1.056793451309204,6.6472320556640625,0.5714287119251653,-0.09394800178306506,0.5367200374603271,-0.04002528637647629,-0.03470867872238159,0.05392271280288696,0.06412761756588291
495,2475,2489,1.1764243841171265,-1.9772249460220337,-119.29950714111328,1.1377136707305908,-2.5410499572753906,-69.39603424072266,1.0027540922164917,1.063210368156433,49.903472900390625,0.5106408942784666,0.24216325017688076,0.4763014018535614,0.12130057066679001,-0.03433951735496521,-0.1208626851439476,0.12564629366748933
496,2480,2494,1.0824857950210571,-2.137216567993164,-119.9628677368164,1.208259105682373,-2.7201883792877197,-69.82013702392578,0.8642281293869019,0.8794950246810913,50.142730712890625,0.4422411471323638,0.40012226409163215,0.4163813591003418,0.15095144510269165,-0.0258597731590271,-0.24917080998420715,0.2505091224207658
497,2485,2499,1.0696862936019897,-2.3601040840148926,-87.948486328125,1.2225629091262817,-2.9476380348205566,-88.56295013427734,0.9000882506370544,0.8959483504295349,-0.6144638061523438,0.5926300481302695,0.1317460776516291,0.4618161618709564,0.08894634246826172,-0.130813866853714,-0.04279974102973938,0.13763751521091178
498,2490,2504,1.1530958414077759,-2.570096254348755,-67.0977783203125,1.168184757232666,-3.170375108718872,-105.52819061279297,0.8976830840110779,0.8945854306221008,-38.43041229248047,0.5588310596713619,-0.219704859143474,0.5060446262359619,-0.04042229801416397,-0.052786409854888916,0.17928257584571838,0.18689207331303292
499,2495,2509,1.2184776067733765,-2.784789562225342,-74.94621276855469,1.0546122789382935,-3.3531012535095215,-122.60485076904297,1.0558801889419556,1.020796298980713,-47.65863800048828,0.5062485771700485,-0.30584702422957366,0.40433207154273987,-0.27035754919052124,-0.10191652178764343,0.03548946976661682,0.10791885784054059
500,2500,2514,1.2117286920547485,-3.013660192489624,-93.21038055419922,0.8859309554100037,-3.4795820713043213,-144.57553100585938,1.086403727531433,0.9878906607627869,-51.365150451660156,0.4834361310229069,-0.299193699102536,0.42765846848487854,-0.24004751443862915,-0.055777668952941895,0.05914619565010071,0.08129834447086835
501,2505,2519,1.1546210050582886,-3.196751117706299,-108.82841491699219,0.7202174663543701,-3.5274264812469482,-163.8956298828125,0.8871983885765076,0.7589209079742432,-55.06721496582031,0.453177983358501,-0.30443775372044385,0.44267353415489197,-0.26420357823371887,-0.010504454374313354,0.04023417830467224,0.041582840999073035
502,2510,2524,1.032296895980835,-3.3754711151123047,-127.36872100830078,0.5169005990028381,-3.502437114715576,170.43531799316406,0.8386567234992981,0.8300786018371582,-62.195953369140625,0.413721421556398,-0.33254818198156283,0.45299479365348816,-0.30298322439193726,0.03927338123321533,0.02956494688987732,0.04915775175992833
503,2515,2529,0.8558714985847473,-3.4918370246887207,-144.57553100585938,0.33585330843925476,-3.402282476425171,147.76145935058594,0.9878906607627869,0.829555332660675,-67.66302490234375,0.37184418518054063,-0.37439400120702027,0.4307415187358856,-0.24975764751434326,0.05889734625816345,0.12463635206222534,0.1378517959681084
504,2520,2534,0.6657259464263916,-3.527514696121216,-171.67593383789062,0.18899160623550415,-3.2341580390930176,129.7940216064453,0.889847993850708,1.0323810577392578,-58.530029296875,0.4292421981216887,-0.35928386366724246,0.4846321642398834,-0.36850109696388245,0.055389970541000366,-0.009217232465744019,0.056151635869852036
505,2525,2539,0.4634290337562561,-3.482741117477417,166.2865447998047,0.09629447758197784,-3.0175929069519043,112.37828063964844,0.985929012298584,1.0912367105484009,-53.90826416015625,0.4669398033845163,-0.3648532184989779,0.44517067074775696,-0.33900895714759827,-0.02176913619041443,0.025844275951385498,0.03379085512277211
506,2530,2544,0.3091287612915039,-3.3783817291259766,144.81573486328125,0.07270220667123795,-2.7862513065338135,94.97655487060547,0.8468025326728821,1.0946065187454224,-49.83917999267578,0.5344223976994493,-0.34771922214480055,0.4052731394767761,-0.2723163962364197,-0.12914925813674927,0.07540282607078552,0.14954971433183625
507,2535,2549,0.17183184623718262,-3.2010576725006104,125.12755584716797,0.07138562202453613,-2.5888068675994873,90.78759765625,0.8930600881576538,0.89388108253479,-34.33995819091797,0.5585400747996385,-0.27013603407073356,0.4906485378742218,-0.248267263174057,-0.06789150834083557,0.021868765354156494,0.07132671170682763
508,2540,2554,0.08996675908565521,-2.984520435333252,107.82125091552734,-0.012342119589447975,-2.378814458847046,117.5403060913086,0.9739878177642822,0.870849072933197,9.71905517578125,0.6079532186445143,-0.08797567939783393,0.5106937289237976,0.06356711685657501,-0.09725946187973022,0.1515427976846695,0.18006838271954176
509,2545,2559,0.07361964136362076,-2.7513153553009033,92.87615203857422,-0.15788795053958893,-2.2283854484558105,134.8433380126953,1.1037614345550537,0.8193577527999878,41.967185974121094,0.5338876002089407,0.20497679472250227,0.4874889552593231,0.16650447249412537,-0.046398669481277466,-0.03847232460975647,0.06027401007491788
510,2550,2564,0.06086818873882294,-2.5192089080810547,93.89888763427734,-0.2710486352443695,-2.04905104637146,120.2476577758789,1.1098690032958984,1.0060151815414429,26.348770141601562,0.49163871712803087,0.29917980362858726,0.489786833524704,0.180713951587677,-0.001851886510848999,-0.1184658408164978,0.11848031449995759
511,2555,2569,-0.05283574014902115,-2.3340137004852295,123.97956085205078,-0.3228682577610016,-1.8413666486740112,102.79427337646484,1.0484905242919922,1.0109672546386719,-21.185287475585938,0.5594415656635923,-0.05141805964655183,0.39493295550346375,-0.1474595069885254,-0.1645086109638214,-0.09604144841432571,0.19049158221498275
512,2560,2574,-0.17890885472297668,-2.2070605754852295,136.15380859375,-0.3189461827278137,-1.6555696725845337,87.4524917602539,0.8183673620223999,0.856570839881897,-48.701316833496094,0.4830266399970912,-0.30072900470370234,0.38330918550491333,-0.19721657037734985,-0.09971746802330017,0.10351243615150452,0.14373029557820158
513,2565,2579,-0.2821628451347351,-2.0206151008605957,115.93297576904297,-0.274852454662323,-1.447912335395813,76.64497375488281,0.8410078883171082,0.8304349184036255,-39.288002014160156,0.5118381918566204,-0.25702833450188817,0.3397928476333618,-0.16519582271575928,-0.17204535007476807,0.09183251857757568,0.19502003474169077
514,2570,2584,-0.32586848735809326,-1.811155915260315,99.47425842285156,-0.2264019101858139,-1.2446110248565674,77.9306640625,0.8537120819091797,0.8175644278526306,-21.543594360351562,0.5424443781992232,-0.1913656431468863,0.41151848435401917,-0.05726567655801773,-0.13092592358589172,0.13409996032714844,0.18741503895515307
515,2575,2589,-0.30972835421562195,-1.5948173999786377,84.10491180419922,-0.2869267463684082,-1.0646333694458008,112.20166015625,1.0221096277236938,0.8890773057937622,28.09674835205078,0.5297221096069535,0.0317727264492831,0.4547119438648224,0.2127149999141693,-0.07501015067100525,0.18094226717948914,0.19587400735100238
516,2580,2594,-0.25748351216316223,-1.3899732828140259,74.95243835449219,-0.3769330084323883,-0.9127445220947266,120.9117431640625,1.011762261390686,0.8272894620895386,45.95930480957031,0.429853323627398,0.2392521523061591,0.4379488527774811,0.08886893838644028,0.008095532655715942,-0.15038320422172546,0.15060094873862168
517,2585,2599,-0.22584427893161774,-1.214298963546753,80.86274719238281,-0.40398359298706055,-0.7648363709449768,98.92888641357422,0.8189445734024048,0.685175359249115,18.066139221191406,0.4154707274382488,0.24725353789660157,0.42576590180397034,-0.001821167767047882,0.010295182466506958,-0.24907469749450684,0.2492873757613866
518,2590,2604,-0.2996616065502167,-1.0417956113815308,116.9073715209961,-0.38400986790657043,-0.587296187877655,81.03412628173828,0.7183117270469666,0.6970974802970886,-35.87324523925781,0.44346676235800175,-0.13046679977261172,0.39544811844825745,-0.08565571159124374,-0.04801863431930542,0.04481109231710434,0.06567970186094958
519,2595,2609,-0.3846481442451477,-0.8879040479660034,115.72791290283203,-0.34159374237060547,-0.4216934144496918,74.10139465332031,0.678058922290802,0.6881929636001587,-41.62651824951172,0.40130331408986847,-0.24116734112425675,0.47978439927101135,-0.15702006220817566,0.07848107814788818,0.08414727449417114,0.11506538763699672
520,2600,2614,-0.4037625789642334,-0.7124925255775452,94.73247528076172,-0.27486565709114075,-0.2728540003299713,65.10391998291016,0.8382408022880554,0.7747126817703247,-29.628555297851562,0.42750526949908274,-0.16472915315977438,0.47494497895240784,-0.07757092267274857,0.04743972420692444,0.08715822547674179,0.09923247301707044
521,2605,2619,-0.3758702278137207,-0.5420330762863159,79.82337188720703,-0.21746358275413513,-0.14634157717227936,66.20040130615234,0.8103594779968262,0.6356745362281799,-13.622970581054688,0.4174542027177119,-0.08600248889417365,0.421929270029068,-0.10604209452867508,0.004475057125091553,-0.020039603114128113,0.02053318848217699
522,2610,2624,-0.3341626822948456,-0.4006214141845703,71.94884490966797,-0.23182715475559235,-0.026550309732556343,98.11371612548828,0.6670505404472351,0.5695790648460388,26.164871215820312,0.38736970215165833,0.018613314668761136,0.43717411160469055,-0.0035840049386024475,0.04980441927909851,-0.022197319194674492,0.05452706813279533
523,2615,2629,-0.2641034722328186,-0.25209036469459534,63.603675842285156,-0.256875604391098,0.07149331271648407,102.47555541992188,0.6398389935493469,0.467605859041214,38.87187957763672,0.29306027078035723,0.13738379237382298,0.4311915338039398,0.07152191549539566,0.1381312608718872,-0.06586187332868576,0.15302951214854343
524,2620,2634,-0.21721090376377106,-0.12907350063323975,71.42008209228516,-0.2368718683719635,0.19072282314300537,78.51734924316406,0.5000052452087402,0.4759066700935364,7.097267150878906,0.2968640701601048,0.12053201266925724,0.39894455671310425,0.0011901408433914185,0.10208049416542053,-0.11934187263250351,0.15704429264538441
525,2625,2639,-0.23850949108600616,-0.011518480256199837,101.49828338623047,-0.1769229769706726,0.30367735028266907,60.18930435180664,0.5628483891487122,0.5060560703277588,-41.30897903442383,0.29659349391732165,-0.12318120190063607,0.31777504086494446,-0.036681875586509705,0.021181553602218628,0.08649932593107224,0.08905499199670688
526,2630,2644,-0.25409719347953796,0.10592620074748993,95.0346908569336,-0.08646412193775177,0.39454489946365356,43.99279022216797,0.5590932369232178,0.6113983988761902,-51.041900634765625,0.27279382674169744,-0.19231515648346265,0.2897484600543976,-0.14353957772254944,0.016954630613327026,0.04877558350563049,0.051638329228869316
527,2635,2649,-0.22266454994678497,0.22384262084960938,73.65326690673828,0.03685015067458153,0.46352192759513855,28.024139404296875,0.5641024708747864,0.674728512763977,-45.629127502441406,0.3030307956016824,-0.18156646451649844,0.2674344778060913,-0.16446489095687866,-0.03559631109237671,0.017101570963859558,0.03949127869311382
528,2640,2654,-0.1664380580186844,0.3173344135284424,58.241031646728516,0.15754450857639313,0.4972885251045227,14.180723190307617,0.5014510154724121,0.5801980495452881,-44.06031036376953,0.3235368136827942,-0.18075429710702628,0.2613039016723633,-0.1530100405216217,-0.062232911586761475,0.027744263410568237,0.06813721036820237
529,2645,2659,-0.07144373655319214,0.40588250756263733,41.01345443725586,0.30678102374076843,0.4967849552631378,1.3633012771606445,0.5230379700660706,0.619053840637207,-39.65015411376953,0.34504505347222625,-0.1796138507234748,0.29793423414230347,-0.21801748871803284,-0.04711082577705383,-0.038403645157814026,0.06078050564780794
530,2650,2664,0.055268481373786926,0.47144532203674316,24.67180061340332,0.45046988129615784,0.45991161465644836,-16.898151397705078,0.5504010319709778,0.5881315469741821,-41.56995391845703,0.3543105259304104,-0.17544575327870626,0.30479511618614197,-0.24520716071128845,-0.04951539635658264,-0.06976141035556793,0.08554781616819578
531,2655,2669,0.19656819105148315,0.5005543828010559,10.399030685424805,0.5806253552436829,0.38290858268737793,-31.950092315673828,0.6808089017868042,0.7167953252792358,-42.34912109375,0.356513481034072,-0.1850366922875301,0.390776664018631,-0.22599661350250244,0.03426319360733032,-0.0409599244594574,0.05340114088573256
532,2660,2674,0.3481539189815521,0.4909939765930176,-1.8914073705673218,0.6706110239028931,0.2832825183868408,-44.92485427856445,0.699282169342041,0.5647823810577393,-43.033447265625,0.3291369999445788,-0.19695550170500786,0.37318259477615356,-0.1789243519306183,0.044045597314834595,0.018031150102615356,0.04759345560939666
533,2665,2679,0.4700421690940857,0.4518747627735138,-19.44798469543457,0.7329348921775818,0.16033484041690826,-64.82599639892578,0.5700992941856384,0.5824248194694519,-45.378013610839844,0.3449616448817667,-0.1873754654426525,0.3409818708896637,-0.1623942255973816,-0.003979772329330444,0.024981245398521423,0.025296268686398237
534,2670,2684,0.5979456305503845,0.3691164255142212,-35.11148452758789,0.8026146292686462,0.023956650868058205,-62.302852630615234,0.6045541763305664,0.6032545566558838,-27.191368103027344,0.3659515703774578,-0.16463326927124222,0.415844589471817,-0.1343022584915161,0.04989302158355713,0.030331015586853027,0.05838907525614033
535,2675,2689,0.6878902912139893,0.2561723291873932,-51.467430114746094,0.8962312936782837,-0.11316733062267303,-54.23191833496094,0.6352846026420593,0.6545823216438293,-2.7644882202148438,0.4187054621979771,-0.06710799158700542,0.38454681634902954,-0.013488732278347015,-0.03415864706039429,0.05361925810575485,0.0635754513063662
536,2680,2694,0.7516343593597412,0.12107150256633759,-64.93521118164062,0.9571840763092041,-0.27049413323402405,-70.38871765136719,0.7081315517425537,0.7957534790039062,-5.4535064697265625,0.4417712828363706,0.020308994787730933,0.3852230906486511,-0.11360178142786026,-0.05654817819595337,-0.13391077518463135,0.145360903161167
537,2685,2699,0.8266663551330566,-0.01659982092678547,-61.16452407836914,0.9661114811897278,-0.4387964606285095,-88.11276245117188,0.7483372092247009,0.7962281107902527,-26.948238372802734,0.43710156670875805,-0.08146873711738914,0.40523284673690796,-0.1744823157787323,-0.03186872601509094,-0.09301357716321945,0.09832162139897366
538,2690,2704,0.9086232781410217,-0.13420450687408447,-54.957096099853516,0.9495974183082581,-0.6125996112823486,-96.14556121826172,0.6575253009796143,0.822880744934082,-41.1884651184082,0.4151996740824126,-0.24114308351287342,0.4145273268222809,-0.16559329628944397,-0.0006723403930664062,0.07554978132247925,0.07555277294367549
539,2695,2709,0.9613438844680786,-0.29410624504089355,-73.78819274902344,0.9453873038291931,-0.7738274931907654,-90.62065887451172,0.66765958070755,0.747114360332489,-16.83246612548828,0.4561907933090126,-0.1492549781154716,0.4237506091594696,-0.14421197772026062,-0.032440185546875,0.005042999982833862,0.03282982618203362
540,2700,2714,0.965614378452301,-0.46384474635124207,-89.04717254638672,1.0139389038085938,-0.9553866386413574,-64.8543701171875,0.6801069974899292,0.7699771523475647,24.19280242919922,0.4922775230682257,0.04014389005653182,0.4737361967563629,0.017890214920043945,-0.018541336059570312,-0.022253673523664474,0.0289656197615685
541,2705,2719,0.9468587636947632,-0.63799649477005,-96.52484893798828,1.1490967273712158,-1.098441481590271,-42.36503601074219,0.8252464532852173,0.7818794250488281,54.159812927246094,0.4344813998536482,0.2532502576920423,0.4300345480442047,0.1612226963043213,-0.004446864128112793,-0.09202757477760315,0.09213495058891188
542,2710,2724,0.9544517993927002,-0.8286581039428711,-87.2998275756836,1.2575759887695312,-1.2659595012664795,-59.17163848876953,0.9092315435409546,0.9484186768531799,28.128189086914062,0.4510958919855867,0.28218660939220563,0.4489850103855133,0.09862305223941803,-0.0021108686923980713,-0.18356354534626007,0.18357568179561537
543,2715,2729,1.0440595149993896,-1.002646803855896,-61.1562385559082,1.3182265758514404,-1.4667352437973022,-74.76717376708984,0.9342340230941772,0.9843700528144836,-13.61093521118164,0.5387773702190222,0.016266612535346087,0.41655147075653076,-0.05388111621141434,-0.12222588062286377,-0.07014773041009903,0.14092505091616067
544,2720,2734,1.169206142425537,-1.1178843975067139,-41.293670654296875,1.319462537765503,-1.6467654705047607,-90.34178161621094,0.7821261882781982,0.8177582621574402,-49.04811096191406,0.4619116910559662,-0.29821093773023,0.44787904620170593,-0.212701678276062,-0.014032632112503052,0.0855092704296112,0.08665304434011094
545,2725,2739,1.2712019681930542,-1.2940469980239868,-62.47377014160156,1.25980806350708,-1.8513051271438599,-109.03279113769531,0.8019561767578125,0.8427663445472717,-46.55902099609375,0.48891040244247513,-0.26764353516890926,0.45456942915916443,-0.29394957423210144,-0.03434097766876221,-0.02630603313446045,0.04325864221768588
546,2730,2744,1.3203494548797607,-1.4980847835540771,-77.3464584350586,1.1562126874923706,-2.0324866771698,-120.85176849365234,0.9923192262649536,0.8306186199188232,-43.50531005859375,0.48546760135206424,-0.27721376290856425,0.45617982745170593,-0.20548900961875916,-0.029287785291671753,0.07172474265098572,0.0774739509489557
547,2735,2749,1.309777855873108,-1.706451654434204,-94.0440902709961,1.0766078233718872,-2.23453426361084,-109.85392761230469,0.9828068017959595,1.0218398571014404,-15.809837341308594,0.5432118299810279,-0.1953469066560478,0.504413366317749,-0.09696017950773239,-0.03879845142364502,0.0983867272734642,0.10576042708147489
548,2740,2754,1.2336593866348267,-1.9028351306915283,-111.80513000488281,1.1185427904129028,-2.4563589096069336,-77.7270278930664,0.9916147589683533,1.0581620931625366,34.078102111816406,0.5566807474337832,0.09872664274184813,0.4910103976726532,0.08565288037061691,-0.06567034125328064,-0.013073764741420746,0.06695906992212743
549,2745,2759,1.1397061347961426,-2.059788227081299,-121.16658020019531,1.2006069421768188,-2.6290178298950195,-63.089595794677734,0.837984561920166,0.8827365636825562,58.07698440551758,0.45555269930101655,0.3467030245305657,0.4326028525829315,0.1219298243522644,-0.02294984459877014,-0.22477319836616516,0.22594177584250136
550,2750,2764,1.0776458978652954,-2.2683627605438232,-102.0878677368164,1.2408192157745361,-2.8481600284576416,-82.73936462402344,0.86980140209198,0.8798830509185791,19.34850311279297,0.532771399980332,0.2809715980679103,0.4082498252391815,0.10359128564596176,-0.12452158331871033,-0.1773802936077118,0.21672423323790202
551,2755,2769,1.127966284751892,-2.4858996868133545,-75.45661926269531,1.2199883460998535,-3.0730443000793457,-98.00924682617188,0.8812375068664551,0.8835785984992981,-22.552627563476562,0.5914391343637184,-0.05836614605311695,0.4809567630290985,0.01661764830350876,-0.1104823648929596,0.07498379051685333,0.13352498564919008
552,2760,2774,1.2206006050109863,-2.6894640922546387,-64.6434326171875,1.1323350667953491,-3.2753243446350098,-114.7337646484375,1.0455719232559204,1.0283132791519165,-50.09033203125,0.4916188453123963,-0.33065684854452104,0.4572282135486603,-0.18156945705413818,-0.03439062833786011,0.14908739924430847,0.1530025095575385
553,2765,2779,1.2423722743988037,-2.9139606952667236,-85.69606018066406,0.990577757358551,-3.4329748153686523,-133.12261962890625,1.0660711526870728,1.0028034448623657,-47.42655944824219,0.49865398989645027,-0.2900350565656921,0.37300747632980347,-0.28391334414482117,-0.12564650177955627,0.006121724843978882,0.12579554413613156
554,2770,2784,1.2105621099472046,-3.1055102348327637,-101.0258560180664,0.8302183151245117,-3.5166008472442627,-154.78965759277344,0.9042783975601196,0.8172791600227356,-53.76380157470703,0.4762437764408035,-0.2947011355159494,0.4607035219669342,-0.24387013912200928,-0.015540242195129395,0.050830990076065063,0.05315344466350516
555,2775,2789,1.1152101755142212,-3.2998950481414795,-119.22769927978516,0.6287842392921448,-3.5318028926849365,-179.9810791015625,0.8513096570968628,0.7542170882225037,-60.753379821777344,0.4398955973009903,-0.3112608283506306,0.4397084414958954,-0.29204460978507996,-0.00018715858459472656,0.019216209650039673,0.019217121055196205
556,2780,2794,0.9646607637405396,-3.4533073902130127,-137.6275177001953,0.45379799604415894,-3.4121832847595215,-179.9810791015625,0.8316949009895325,0.7542170882225037,-42.35356140136719,0.34969924446772027,-0.3746763908848029,0.48294010758399963,-0.15473264455795288,0.13324084877967834,0.21994373202323914,0.2571543681134729
557,2785,2799,0.7659146189689636,-3.5317575931549072,-159.76292419433594,0.2788116931915283,-3.2925631999969482,-179.9810791015625,1.0003306865692139,0.7542170882225037,-20.218154907226562,0.37429512569509554,-0.3929203187670937,0.46514949202537537,-0.21706831455230713,0.09085437655448914,0.1758520007133484,0.19793545385805036
558,2790,2804,0.5937869548797607,-3.5078790187835693,-179.9810791015625,0.13195741176605225,-3.1315600872039795,142.44015502929688,0.7542170882225037,0.9136582612991333,-37.578765869140625,0.4617052453899132,-0.3764714219396484,0.43186482787132263,-0.34058162569999695,-0.029840409755706787,0.03588980436325073,0.0466747052654957
559,2795,2809,0.4188007116317749,-3.388258934020996,-179.9810791015625,0.07299438118934631,-2.9071617126464844,102.08460998535156,0.7542170882225037,1.0699219703674316,-77.934326171875,0.34564743790401703,-0.4812113914473791,0.4107941687107086,-0.3101593255996704,0.06514674425125122,0.17105206847190857,0.1830379971892624
560,2800,2814,0.24381445348262787,-3.268639087677002,-179.9810791015625,0.07017944753170013,-2.7052433490753174,89.83444213867188,0.7542170882225037,0.9340379238128662,-90.18447875976562,0.17344894519902587,-0.5634530477115743,0.44370171427726746,-0.2546361982822418,0.2702527642250061,0.3088168203830719,0.4103710334840499
561,2805,2819,0.11372064054012299,-3.097382068634033,139.8546600341797,0.05617387965321541,-2.4687507152557373,95.381103515625,0.9264806509017944,0.9305161833763123,-44.47355651855469,0.44928609967456873,-0.44343095153362533,0.4817430078983307,-0.18767935037612915,0.0324569046497345,0.2557516098022461,0.2578029025745876
562,2810,2824,0.06968875229358673,-2.875067710876465,100.84521484375,-0.06886755675077438,-2.2895593643188477,131.0000457763672,1.1027772426605225,0.8149921894073486,30.154830932617188,0.6011208834227376,0.02591439972387838,0.5072595477104187,0.06608949601650238,-0.09386134147644043,0.040175095200538635,0.10209794169389165
563,2815,2829,0.07204000651836395,-2.6371898651123047,89.19336700439453,-0.22182780504226685,-2.153351068496704,139.87281799316406,1.1116420030593872,0.9470486044883728,50.67945098876953,0.4796537960240812,0.30065015632708314,0.5018165111541748,0.2260996699333191,0.022162705659866333,-0.07455047965049744,0.07777505730171533
564,2820,2834,0.028347589075565338,-2.4013924598693848,101.96821594238281,-0.32273349165916443,-1.9728115797042847,118.29749298095703,1.1474417448043823,0.9766154885292053,16.32927703857422,0.49206807282298115,0.25457514130354375,0.4679793417453766,0.15133458375930786,-0.024088740348815918,-0.10324054956436157,0.10601357689439626
565,2825,2839,-0.09016813337802887,-2.2643256187438965,131.7700653076172,-0.3663633465766907,-1.7898014783859253,102.64634704589844,0.8432220220565796,0.8566852807998657,-29.12371826171875,0.5378970457889762,-0.1101078196091306,0.44059428572654724,-0.1459181010723114,-0.09730276465415955,-0.035810284316539764,0.1036831928143331
566,2830,2844,-0.23855817317962646,-2.1291584968566895,136.7802734375,-0.3584575355052948,-1.5802911520004272,85.30970001220703,0.7798747420310974,0.8360134959220886,-51.47057342529297,0.4632378943508956,-0.31787084259650733,0.393229216337204,-0.22719857096672058,-0.07000866532325745,0.09067228436470032,0.11455425078213792
567,2835,2849,-0.33226218819618225,-1.9417836666107178,114.41761016845703,-0.30527594685554504,-1.3744057416915894,73.88642120361328,0.8228417038917542,0.8445394039154053,-40.53118896484375,0.5054740525503856,-0.2591176356513028,0.39083772897720337,-0.20591533184051514,-0.11463630199432373,0.053202301263809204,0.12638024606202863
568,2840,2854,-0.37088674306869507,-1.7317845821380615,99.14350128173828,-0.2662842273712158,-1.1715346574783325,80.40606689453125,1.007014513015747,0.9794313311576843,-18.73743438720703,0.5365089307401758,-0.19230140823069058,0.42853155732154846,-0.04634496569633484,-0.10797736048698425,0.14595644176006317,0.18155548261893625
569,2845,2859,-0.34789329767227173,-1.5219258069992065,82.63628387451172,-0.30435478687286377,-0.9848310947418213,102.99420928955078,1.0002503395080566,0.9144347906112671,20.357925415039062,0.5382452629751445,0.025658697205647417,0.450099378824234,0.1664598137140274,-0.08814588189125061,0.14080111682415009,0.16611637785996378
570,2850,2864,-0.2959635555744171,-1.3471224308013916,72.40296173095703,-0.3640251159667969,-0.832050085067749,112.05593872070312,0.8378824591636658,0.7428732514381409,39.652976989746094,0.4703937901597259,0.22059369782876928,0.428514689207077,0.13442084193229675,-0.041879087686538696,-0.08617284893989563,0.09581032240773887
571,2855,2869,-0.26697060465812683,-1.1468344926834106,84.89744567871094,-0.3725830912590027,-0.6520000100135803,89.09339141845703,0.8003345131874084,0.7071492075920105,4.195945739746094,0.48348046635827435,0.1492038914208485,0.4136642515659332,0.04103539139032364,-0.06981620192527771,-0.10816850513219833,0.12874287379814686
572,2860,2874,-0.3133055567741394,-0.9572333693504333,107.86385345458984,-0.35086262226104736,-0.4734293520450592,82.75804138183594,0.7455644011497498,0.6842589378356934,-25.105812072753906,0.4719997787272489,-0.11266352209226697,0.4371262490749359,-0.09150850027799606,-0.034873515367507935,0.021155022084712982,0.04078844240091188
573,2865,2879,-0.37461745738983154,-0.7805564999580383,108.62340545654297,-0.3136882483959198,-0.3038807511329651,77.46229553222656,0.8804938197135925,0.8093793988227844,-31.161109924316406,0.4322585436200058,-0.2099635432499642,0.3963523507118225,-0.05549735575914383,-0.035906195640563965,0.1544661819934845,0.15858453980455575
574,2870,2884,-0.36654579639434814,-0.5968475937843323,86.43916320800781,-0.2981976568698883,-0.14538750052452087,85.16964721679688,0.8643747568130493,0.7595201730728149,-1.2695159912109375,0.45483349944001356,-0.04017675658591517,0.4898468554019928,-0.015704289078712463,0.035013347864151,0.024472467601299286,0.04271810153965987
575,2875,2889,-0.34563401341438293,-0.4475313723087311,81.76882934570312,-0.3086578845977783,-0.0035500999074429274,95.45907592773438,0.6905359029769897,0.6307574510574341,13.69024658203125,0.44470135817068873,0.02696841539643559,0.37935522198677063,0.10152001678943634,-0.0653461217880249,0.07455159723758698,0.09913655371965867
576,2880,2894,-0.3098260164260864,-0.2829916179180145,78.31088256835938,-0.2746511399745941,0.11664295941591263,72.8507308959961,0.6606652140617371,0.5860905051231384,-5.460151672363281,0.39847314805010886,0.04652108836066925,0.39873194694519043,0.052471138536930084,0.0002588033676147461,0.005950048565864563,0.005955674363095726
577,2885,2899,-0.29774752259254456,-0.11771310865879059,87.92828369140625,-0.19492465257644653,0.2405925691127777,54.484901428222656,0.65467369556427,0.5756195783615112,-33.443382263183594,0.36178857716338925,-0.0898027696350297,0.3838736116886139,-0.09306346625089645,0.022085040807724,-0.003260694444179535,0.02232445196946921
578,2890,2904,-0.3060722053050995,0.014818799681961536,91.84194946289062,-0.07465363293886185,0.3388075828552246,37.269317626953125,0.6655521988868713,0.6147449612617493,-54.5726318359375,0.3163830063678767,-0.24171282926923582,0.3639262616634369,-0.21048611402511597,0.04754325747489929,0.031226709485054016,0.05688118068912186
579,2895,2909,-0.25572237372398376,0.15540480613708496,69.08183288574219,0.07009545713663101,0.3981275260448456,21.284255981445312,0.6995580792427063,0.7456901669502258,-47.797576904296875,0.3430532888041843,-0.21768328794766573,0.31634649634361267,-0.2818365693092346,-0.026706784963607788,-0.0641532838344574,0.06949025967599229
580,2900,2914,-0.16360139846801758,0.2711227834224701,50.422393798828125,0.23051919043064117,0.41547635197639465,5.332714557647705,0.7039976716041565,0.7658929824829102,-45.08967971801758,0.3623654906162291,-0.21180233901642617,0.3384287655353546,-0.2841893434524536,-0.023936718702316284,-0.07238700985908508,0.0762420205567317
581,2905,2919,-0.056236788630485535,0.34891262650489807,34.203948974609375,0.37037596106529236,0.3932898938655853,-9.602046012878418,0.6060628294944763,0.6524419188499451,-43.80599594116211,0.37777283174839404,-0.20311438880626714,0.3800019323825836,-0.22889870405197144,0.0022290945053100586,-0.025784313678741455,0.025880488677715054
582,2910,2924,0.09186861664056778,0.40253427624702454,17.21417808532715,0.518711507320404,0.32782796025276184,-25.994524002075195,0.6209882497787476,0.6336999535560608,-43.208702087402344,0.3856136202226405,-0.19768163605301636,0.378494530916214,-0.18455341458320618,-0.007119089365005493,0.013128221035003662,0.014934243232612991
583,2915,2929,0.2534120976924896,0.41307714581489563,1.4075191020965576,0.6435489654541016,0.21871276199817657,-43.63020706176758,0.6365629434585571,0.6593725085258484,-45.03772735595703,0.38524490902632197,-0.2038888161537932,0.35018980503082275,-0.18137547373771667,-0.03505510091781616,0.022513344883918762,0.041661862635035254
584,2920,2934,0.4151492714881897,0.3783263862133026,-13.690024375915527,0.734626293182373,0.08622635155916214,-55.79164123535156,0.7792354822158813,0.7662858366966248,-42.10161590576172,0.37953180981738444,-0.2081912758136284,0.4146748185157776,-0.14997845888137817,0.03514301776885986,0.05821281671524048,0.06799826268239934
585,2925,2939,0.5567745566368103,0.301434189081192,-29.41704559326172,0.8496845960617065,-0.043284911662340164,-48.0978889465332,0.7709351181983948,0.8207007050514221,-18.680843353271484,0.4244577279249917,-0.1564071434530722,0.39663729071617126,-0.05741999298334122,-0.027820438146591187,0.0989871546626091,0.10282233982392931
586,2930,2944,0.6562973856925964,0.20144768059253693,-46.802894592285156,0.9236871600151062,-0.17050163447856903,-61.31040573120117,0.6418099999427795,0.6664170622825623,-14.507511138916016,0.45418329322193673,-0.05967512507053349,0.3909595012664795,-0.06363547593355179,-0.06322377920150757,-0.003960352391004562,0.063347696466264
587,2935,2949,0.7500276565551758,0.06777632981538773,-54.32911682128906,0.9597794413566589,-0.33779874444007874,-80.30574035644531,0.6320776343345642,0.6779983639717102,-25.97662353515625,0.4517932927228062,-0.06610421084832677,0.379824697971344,-0.138333261013031,-0.07196858525276184,-0.0722290500998497,0.10196329212815095
588,2940,2954,0.8655193448066711,-0.06421011686325073,-48.00009536743164,0.9547103047370911,-0.5127114057540894,-92.22763061523438,0.6948155760765076,0.7019164562225342,-44.227535247802734,0.3929822023531879,-0.23382348492760802,0.40296730399131775,-0.17533284425735474,0.009985089302062988,0.058490633964538574,0.05933680367144666
589,2945,2959,0.9390215277671814,-0.21628659963607788,-65.58849334716797,0.9404999017715454,-0.6950787901878357,-94.12039184570312,0.7989798784255981,0.8669314384460449,-28.531898498535156,0.4365994870849858,-0.19653252962340578,0.41810527443885803,-0.1400662064552307,-0.018494218587875366,0.056466326117515564,0.0594178601633022
590,2950,2964,0.959670901298523,-0.38518667221069336,-84.44767761230469,0.9779840111732483,-0.888259768486023,-77.68609619140625,0.803297758102417,0.9357227087020874,6.7615814208984375,0.5024846862583489,-0.030447500146638176,0.46507468819618225,-0.01391136646270752,-0.03740999102592468,0.016536133363842964,0.040901725332638056
591,2955,2969,0.9518255591392517,-0.5378623008728027,-93.34226989746094,1.0941693782806396,-1.0500874519348145,-53.06538391113281,0.6906646490097046,0.9455448389053345,40.276885986328125,0.5030551745262727,0.17196470454892238,0.4495643079280853,0.12906569242477417,-0.05349084734916687,-0.04289901256561279,0.0685681852555285
592,2960,2974,0.9417005181312561,-0.722042441368103,-91.37677001953125,1.2070368528366089,-1.1862112283706665,-51.577789306640625,0.7357585430145264,0.8115894794464111,39.798980712890625,0.4576595893743058,0.2764122529774032,0.4396938383579254,0.08807998150587082,-0.017965763807296753,-0.18833225965499878,0.18918723185230407
593,2965,2979,0.9908637404441833,-0.9126702547073364,-71.33269500732422,1.2834035158157349,-1.3870710134506226,-70.99409484863281,0.7773154973983765,0.839255690574646,0.33860015869140625,0.5430779101798914,0.12530755581881403,0.4409758746623993,-0.030833199620246887,-0.10210201144218445,-0.1561407595872879,0.18656033218515453
594,2970,2984,1.115334391593933,-1.070603609085083,-50.176517486572266,1.2957344055175781,-1.5994856357574463,-89.29976654052734,0.9458274841308594,0.8413286805152893,-39.12324905395508,0.5217251553459519,-0.200158001188961,0.4392419159412384,-0.18767055869102478,-0.08248326182365417,0.012487441301345825,0.08342316627486662
595,2975,2989,1.2337095737457275,-1.242797613143921,-57.559024810791016,1.2430583238601685,-1.8055120706558228,-105.64415740966797,0.9961859583854675,1.003769040107727,-48.08513259887695,0.4799147327790978,-0.29396736057457706,0.47720393538475037,-0.3008310794830322,-0.002710789442062378,-0.006863713264465332,0.007379630016199607
596,2980,2994,1.2938649654388428,-1.4465281963348389,-74.7947769165039,1.145477056503296,-1.9885526895523071,-119.13200378417969,1.0104130506515503,0.9676827192306519,-44.33722686767578,0.48413086155039253,-0.2853538709399124,0.44051095843315125,-0.20597150921821594,-0.043619900941848755,0.07938235998153687,0.09057734172747069
597,2985,2999,1.2922725677490234,-1.6297694444656372,-91.2905502319336,1.074298620223999,-2.1644067764282227,-110.4388427734375,0.8443918228149414,0.8640893697738647,-19.148292541503906,0.5394110210355877,-0.20587731519781077,0.49457040429115295,-0.12441930919885635,-0.044840604066848755,0.08145800977945328,0.09298433809147323
598,2990,3004,1.2311298847198486,-1.834867000579834,-109.41503143310547,1.1049456596374512,-2.391507387161255,-78.44725036621094,0.8495175838470459,0.9120806455612183,30.96778106689453,0.5669320184329906,0.06602321643675167,0.5334622263908386,0.117336705327034,-0.0334697961807251,0.05131348967552185,0.06126419410274788
599,2995,3009,1.1291615962982178,-2.0171902179718018,-120.10066223144531,1.177322506904602,-2.6096277236938477,-69.91228485107422,0.9720569849014282,0.9282721877098083,50.188377380371094,0.48839102019860586,0.3387858953468403,0.473148912191391,0.1092810332775116,-0.01524209976196289,-0.22950485348701477,0.23001043319651773
600,3000,3014,1.0717343091964722,-2.229034185409546,-103.09138488769531,1.1906403303146362,-2.8359262943267822,-88.13080596923828,1.032620906829834,1.077473759651184,14.960578918457031,0.5641862137021773,0.25327966754669656,0.5280990600585938,0.013486489653587341,-0.03608715534210205,-0.23979316651821136,0.24249339267187395
601,3005,3019,1.1193547248840332,-2.451117992401123,-76.9640884399414,1.1346584558486938,-3.0576672554016113,-105.20228576660156,1.071168303489685,1.0760369300842285,-28.238197326660156,0.5943697448782176,-0.12190495888714623,0.5033803582191467,-0.1197238489985466,-0.09098941087722778,0.002181112766265869,0.09101554891711715
602,3010,3024,1.1842503547668457,-2.6401262283325195,-71.0205078125,1.0382956266403198,-3.221177339553833,-121.45157623291016,0.9057218432426453,0.8756556510925293,-50.431068420410156,0.5019934806554099,-0.3269949875662894,0.5044295787811279,-0.241596519947052,0.0024361014366149902,0.08539846539497375,0.08543320479781856
603,3015,3029,1.1859614849090576,-2.868870496749878,-91.9617919921875,0.872879683971405,-3.3567986488342285,-143.82290649414062,0.8920497298240662,0.8378689885139465,-51.861114501953125,0.4983599082432294,-0.2961950329269771,0.43530145287513733,-0.27125129103660583,-0.06305846571922302,0.02494373917579651,0.06781268482321423
604,3020,3034,1.1213679313659668,-3.085358142852783,-108.84246826171875,0.685348391532898,-3.4106407165527344,-167.28713989257812,0.8840290307998657,0.7827826738357544,-58.444671630859375,0.4486707658734672,-0.3075976848411276,0.49872609972953796,-0.2962968349456787,0.05005532503128052,0.011300861835479736,0.051315154118561704
605,3025,3039,0.9958478212356567,-3.2668750286102295,-125.7345199584961,0.4753791391849518,-3.3822593688964844,-179.82977294921875,1.041960597038269,0.8173779249191284,-54.095252990722656,0.3976306756712947,-0.3550930466320532,0.45599064230918884,-0.2732917070388794,0.05835998058319092,0.08180132508277893,0.10048554184045035
606,3030,3044,0.824183464050293,-3.3793201446533203,-148.48538208007812,0.2830580770969391,-3.2891829013824463,156.9637451171875,0.954200804233551,0.9601859450340271,-54.550872802734375,0.4141969275822683,-0.35969757361551147,0.4518803060054779,-0.16168519854545593,0.03768336772918701,0.19801238179206848,0.20156621628234486
607,3035,3049,0.6532782316207886,-3.412738084793091,-170.9365997314453,0.13310417532920837,-3.1165997982025146,129.5199737548828,0.7858297824859619,1.083217740058899,-59.543426513671875,0.46702960211970507,-0.3743824960688725,0.49304094910621643,-0.3765661120414734,0.026011347770690918,-0.0021836161613464355,0.026102842611254444
608,3040,3054,0.43096402287483215,-3.3690218925476074,-179.82977294921875,0.05473649874329567,-2.9335055351257324,112.3279037475586,0.8173779249191284,0.9366415739059448,-67.84231567382812,0.37493194038389455,-0.43663221408783565,0.4206533133983612,-0.3344278633594513,0.0457213819026947,0.1022043526172638,0.11196505908990562
609,3045,3059,0.25843191146850586,-3.268526554107666,145.74203491210938,0.021224860101938248,-2.703503370285034,96.70808410644531,0.8525515794754028,0.9396179914474487,-49.03395080566406,0.5141171151915805,-0.3334696044761837,0.4114483892917633,-0.2888721525669098,-0.10266873240470886,0.04459744691848755,0.11193659314646408
610,3050,3064,0.11943402886390686,-3.091035842895508,126.84514617919922,0.013870700262486935,-2.4617137908935547,91.54747009277344,1.048861026763916,1.163140058517456,-35.29767608642578,0.5669222213154194,-0.2928976890716688,0.4700498878955841,-0.26539650559425354,-0.09687235951423645,0.027501195669174194,0.1007003962310461
611,3055,3069,0.04118077829480171,-2.873173475265503,108.1377182006836,-0.05010956898331642,-2.2384979724884033,108.0760269165039,1.0897411108016968,1.1061707735061646,-0.0616912841796875,0.6315579912685311,-0.11082159084033019,0.477413147687912,-0.05448620766401291,-0.15414485335350037,0.05633538216352463,0.16411676056662372
612,3060,3074,0.019581740722060204,-2.673116683959961,95.40332794189453,-0.1888056844472885,-2.0710840225219727,130.1235809326172,0.9077871441841125,1.0365023612976074,34.720252990722656,0.6189805660707894,0.1507703581762425,0.4727979600429535,0.15242013335227966,-0.14618262648582458,0.0016497820615768433,0.14619193571173755
613,3065,3079,0.012294280342757702,-2.4296936988830566,92.2359619140625,-0.3058697581291199,-1.9285024404525757,128.275390625,0.9479172229766846,0.8447376489639282,36.0394287109375,0.5132228321977852,0.2983678352619378,0.47539982199668884,0.23876556754112244,-0.037822991609573364,-0.05960226058959961,0.07059042542504186
614,3070,3084,-0.06735806167125702,-2.2151873111724854,114.83869171142578,-0.3759121000766754,-1.7289793491363525,107.04179382324219,0.896033525466919,0.832495927810669,-7.796897888183594,0.5708435768485093,0.07577200624273611,0.4665353000164032,0.02680402249097824,-0.10430827736854553,-0.048967987298965454,0.11523055370736127
615,3075,3089,-0.21073050796985626,-2.0490760803222656,131.80511474609375,-0.38535061478614807,-1.5158295631408691,89.98351287841797,1.030478835105896,0.8426703214645386,-41.82160186767578,0.5138923416077842,-0.22529689529039434,0.4343566596508026,-0.19561293721199036,-0.07953569293022156,0.02968396246433258,0.0848944290131832
616,3080,3094,-0.33155229687690735,-1.8736960887908936,123.15754699707031,-0.3380727767944336,-1.3087794780731201,76.04667663574219,1.00845468044281,0.9981600046157837,-47.110870361328125,0.47649745611190686,-0.3035184805610568,0.40438714623451233,-0.2189839482307434,-0.07211029529571533,0.08453452587127686,0.1111124689308848
617,3085,3099,-0.3853946924209595,-1.6690423488616943,103.7666244506836,-0.2735670804977417,-1.1158570051193237,71.48776245117188,1.02205491065979,0.9550349116325378,-32.27886199951172,0.5106826621107318,-0.24025540147790797,0.4612422287464142,-0.14577621221542358,-0.0494404137134552,0.09447918832302094,0.10663335094769584
618,3090,3104,-0.3818341791629791,-1.4849079847335815,87.14592742919922,-0.28192204236984253,-0.9457191228866577,95.61724090576172,0.8306689858436584,0.776492178440094,8.4713134765625,0.5434949086954262,-0.07294071593082932,0.4378616511821747,0.049897175282239914,-0.10563322901725769,0.12283788621425629,0.16201088038214898
619,3095,3109,-0.32869988679885864,-1.2805147171020508,73.4794692993164,-0.3566155731678009,-0.7743489146232605,115.68770599365234,0.8210825324058533,0.7345722317695618,42.20823669433594,0.47733214267285634,0.17069601845323396,0.4582225978374481,0.22469517588615417,-0.01910954713821411,0.0539991557598114,0.0572807438376982
620,3100,3114,-0.2681029736995697,-1.0862215757369995,74.74964141845703,-0.4116937816143036,-0.6076543927192688,103.87391662597656,0.8031735420227051,0.6896705627441406,29.12427520751953,0.42394503236886816,0.26441535187823634,0.42341843247413635,0.2034730315208435,-0.0005266070365905762,-0.06094232201576233,0.060944597198142644
621,3105,3119,-0.298722505569458,-0.8947079181671143,100.81645202636719,-0.40279871225357056,-0.4355297386646271,85.9109878540039,0.914754331111908,0.8237613439559937,-14.905464172363281,0.47055143777366304,0.016056205595064765,0.40242478251457214,-0.009485617280006409,-0.06812664866447449,-0.025541823357343674,0.07275730202990274
622,3110,3124,-0.3816258907318115,-0.7293907403945923,117.35346984863281,-0.38991111516952515,-0.27182143926620483,85.89368438720703,0.8705542683601379,0.7665879130363464,-31.45978546142578,0.4102148224263212,-0.2028844738782295,0.4145823121070862,-0.026477813720703125,0.00436750054359436,0.17640666663646698,0.1764607239438507
623,3115,3129,-0.4134785830974579,-0.584923267364502,99.7215347290039,-0.38737285137176514,-0.13964535295963287,88.90865325927734,0.6710092425346375,0.6119871735572815,-10.812881469726562,0.4344755606396898,-0.10092041796795706,0.4259377419948578,0.03271136432886124,-0.008537828922271729,0.13363178074359894,0.13390424693567893
624,3120,3134,-0.39989173412323,-0.41084325313568115,82.70732879638672,-0.33276602625846863,0.00605025002732873,67.81571197509766,0.6876829266548157,0.6328997611999512,-14.891616821289062,0.42204191528380897,-0.013663189833651938,0.36914244294166565,0.03435068577528,-0.05289947986602783,0.048013873398303986,0.07144009384655543
625,3125,3139,-0.3894921541213989,-0.25089555978775024,87.64122772216797,-0.2354211062192917,0.12743782997131348,48.74596405029297,0.628868043422699,0.6048264503479004,-38.895263671875,0.38435388734018033,-0.1383695446791996,0.355551540851593,-0.10633528977632523,-0.028802335262298584,0.0320342555642128,0.04307862632576795
626,3130,3144,-0.37621596455574036,-0.1005040779709816,83.72409057617188,-0.10255429148674011,0.217148557305336,33.034339904785156,0.7035735845565796,0.7574350833892822,-50.68975067138672,0.34566465613190317,-0.2372969832077938,0.3401200473308563,-0.2261359989643097,-0.005544602870941162,0.011160984635353088,0.012462351263988538
627,3135,3149,-0.3079341650009155,0.04476428031921387,63.30794143676758,0.060148030519485474,0.2655693292617798,15.4336519241333,0.7456969618797302,0.8168737292289734,-47.874290466308594,0.3626154065343741,-0.22967246078178,0.3394593298435211,-0.2375100553035736,-0.023156076669692993,-0.00783759355545044,0.02444650812433421
628,3140,3154,-0.21800723671913147,0.1420741230249405,46.1954345703125,0.21889328956604004,0.26429483294487,-1.8805705308914185,0.611779510974884,0.7540298700332642,-48.07600402832031,0.3906301491871018,-0.23071206805811872,0.35783514380455017,-0.19721552729606628,-0.0327950119972229,0.033496543765068054,0.046877833312804824
629,3145,3159,-0.08301863074302673,0.2260441780090332,29.414113998413086,0.3549293577671051,0.22705738246440887,-16.029218673706055,0.6255738735198975,0.6478280425071716,-45.44333267211914,0.3819909680685663,-0.21420169825979093,0.3744765520095825,-0.18828478455543518,-0.0075144171714782715,0.025916919112205505,0.02698431325225103
630,3150,3164,0.08187078684568405,0.26879382133483887,11.69497013092041,0.4996892809867859,0.14428013563156128,-31.216753005981445,0.6490159034729004,0.65843266248703,-42.91172409057617,0.38390573960500457,-0.20662122070616634,0.3770464360713959,-0.17113715410232544,-0.006859302520751953,0.035484060645103455,0.03614095448292109
631,3155,3169,0.24172186851501465,0.259581595659256,-4.203219413757324,0.6596639156341553,0.0685894712805748,-24.25107765197754,0.7619054317474365,0.7062408924102783,-20.04785919189453,0.43081655484997744,-0.15984567415482856,0.3728547692298889,-0.16230112314224243,-0.05796179175376892,-0.0024554431438446045,0.05801377857319697
632,3160,3174,0.39730745553970337,0.2063256949186325,-20.53300666809082,0.8061370849609375,-0.02710019052028656,-34.897464752197266,0.7794812917709351,0.8317395448684692,-14.364458084106445,0.46473021041911766,-0.0752006742619345,0.40451526641845703,-0.11260246485471725,-0.06021493673324585,-0.03740178793668747,0.07088534648747752
633,3165,3179,0.5425878763198853,0.12133102864027023,-30.12965202331543,0.9150165915489197,-0.1634533405303955,-51.39224624633789,0.7926732897758484,0.7677581310272217,-21.26259422302246,0.46506043931677854,-0.05936393582964347,0.407125860452652,-0.009481258690357208,-0.057934582233428955,0.0498826764523983,0.07645061954370673
634,3170,3184,0.6821054816246033,0.059417299926280975,-23.249794006347656,0.967737078666687,-0.3036060631275177,-71.00106811523438,0.7028179168701172,0.6787825226783752,-47.75127410888672,0.4057362521269414,-0.2207928225082376,0.38823947310447693,-0.11601724475622177,-0.017496764659881592,0.104775570333004,0.10622644168082422
635,3175,3189,0.8230426907539368,-0.043330978602170944,-38.929168701171875,0.9735564589500427,-0.47832658886909485,-90.68623352050781,0.6779240369796753,0.6873608231544495,-51.75706481933594,0.39042166448626486,-0.2438165478198081,0.41591206192970276,-0.21196511387825012,0.025490403175354004,0.03185144066810608,0.040795525816883144
636,3180,3194,0.9275592565536499,-0.1869141310453415,-53.94850158691406,0.9527317881584167,-0.6588143706321716,-97.74817657470703,0.781416118144989,0.715989351272583,-43.79967498779297,0.39634017829179014,-0.25736732791364536,0.4102838337421417,-0.15181705355644226,0.013943642377853394,0.10555028915405273,0.10646731283950775
637,3185,3199,0.9750532507896423,-0.3533608615398407,-74.77839660644531,0.9632493257522583,-0.8514009118080139,-86.33453369140625,0.8349398374557495,0.9135713577270508,-11.556137084960938,0.4774684375871258,-0.14215173381116947,0.44863298535346985,-0.09993540495634079,-0.028835445642471313,0.04221632331609726,0.05112436679049605
638,3190,3204,0.9702825546264648,-0.5298230051994324,-92.47537231445312,1.0665415525436401,-1.0281002521514893,-58.02678298950195,0.8407502174377441,0.9646819233894348,34.44858932495117,0.4936548715858139,0.1176897500623289,0.4886014759540558,0.05308600515127182,-0.005053400993347168,-0.06460374593734741,0.06480108680212775
639,3195,3209,0.9526301622390747,-0.6856368184089661,-96.46581268310547,1.1914700269699097,-1.1454877853393555,-43.37949752807617,0.7229284048080444,0.7872958183288574,53.0863151550293,0.43003011813857195,0.28910463549584176,0.42256709933280945,0.14038747549057007,-0.007463008165359497,-0.14871716499328613,0.14890430368030508
640,3200,3214,0.9736649990081787,-0.8793119788169861,-80.35111999511719,1.2858030796051025,-1.3306248188018799,-64.99064636230469,0.7732765674591064,0.8222115635871887,15.3604736328125,0.4972457187488993,0.232077909504228,0.4158591330051422,0.042827922850847244,-0.08138659596443176,-0.18924999237060547,0.20600810084788387
641,3205,3219,1.0874295234680176,-1.0471720695495605,-52.3143424987793,1.3251157999038696,-1.5398914813995361,-82.12869262695312,0.8009755611419678,0.8400375247001648,-29.814350128173828,0.5352311108983268,-0.1131142906368123,0.4175952076911926,-0.09194184094667435,-0.11763590574264526,0.021172448992729187,0.11952605956962792
642,3210,3224,1.2226024866104126,-1.1951484680175781,-49.02638626098633,1.2967764139175415,-1.7500686645507812,-98.73033142089844,0.9472119212150574,1.0016828775405884,-49.70394515991211,0.4676078932215165,-0.30786531829608027,0.46450719237327576,-0.24136027693748474,-0.0031006932258605957,0.06650504469871521,0.06657728793559411
643,3215,3229,1.3041990995407104,-1.3885964155197144,-68.64437103271484,1.207258701324463,-1.9408515691757202,-116.04035949707031,0.9943433403968811,0.9895293712615967,-47.39598846435547,0.47903487478968154,-0.29139111908426,0.4544983208179474,-0.24952289462089539,-0.024536550045013428,0.04186820983886719,0.048528231816365036
644,3220,3234,1.3244199752807617,-1.5700546503067017,-85.1445541381836,1.0953885316848755,-2.1269657611846924,-120.18761444091797,0.8369569182395935,1.0253770351409912,-35.043060302734375,0.5355268812741422,-0.2753476838612669,0.4496358335018158,-0.12373020499944687,-0.08589103817939758,0.15161746740341187,0.17425592346132568
645,3225,3239,1.286241888999939,-1.7792011499404907,-103.47016906738281,1.0848674774169922,-2.318498373031616,-89.955810546875,0.8389914035797119,0.8874489068984985,13.514358520507812,0.5713698426504015,-0.07021147615477583,0.5098023414611816,-0.02441634237766266,-0.061567485332489014,0.04579513520002365,0.07673167310931449
646,3230,3244,1.189132809638977,-1.965816855430603,-119.55896759033203,1.1469537019729614,-2.5329957008361816,-72.6554946899414,0.8283944129943848,0.8789066076278687,46.903472900390625,0.5141673930946365,0.24311069840172012,0.5195661783218384,0.184165820479393,0.005398809909820557,-0.058944880962371826,0.059191605317904336
647,3235,3249,1.0847430229187012,-2.157144069671631,-117.43209838867188,1.2111245393753052,-2.7415311336517334,-76.6246109008789,1.0299409627914429,0.87261962890625,40.80748748779297,0.46045348507138356,0.38139627205148774,0.42407289147377014,0.13956701755523682,-0.0363805890083313,-0.24182924628257751,0.24455046843993705
648,3240,3254,1.0993143320083618,-2.380460739135742,-83.79376220703125,1.2022955417633057,-2.967332124710083,-93.61327362060547,1.0557247400283813,1.051446557044983,-9.819511413574219,0.5945649000956228,0.03893240735968452,0.517570436000824,0.024244703352451324,-0.07699447870254517,-0.014687705785036087,0.07838289642456742
649,3245,3259,1.1744221448898315,-2.587176561355591,-68.73894500732422,1.129111409187317,-3.180328369140625,-110.54438018798828,1.0405172109603882,1.0514174699783325,-41.80543518066406,0.5363501806006685,-0.257314231277999,0.5056447386741638,-0.10303377360105515,-0.03070545196533203,0.15428045392036438,0.15730633567110064
650,3250,3264,1.214343547821045,-2.7765400409698486,-80.34070587158203,1.0199766159057617,-3.3259198665618896,-128.309814453125,0.8939632773399353,0.8220273852348328,-47.96910858154297,0.5089785845460458,-0.2837912920848797,0.4139096140861511,-0.31343451142311096,-0.09506899118423462,-0.029643207788467407,0.09958329605299442
651,3255,3269,1.1961981058120728,-3.001319646835327,-96.7000961303711,0.8431267142295837,-3.4441075325012207,-149.33900451660156,0.8988932371139526,0.8421422839164734,-52.63890838623047,0.48095753317775,-0.29899894736610894,0.4580552875995636,-0.22507712244987488,-0.022902250289916992,0.07392182946205139,0.07738830621843724
652,3260,3274,1.1126285791397095,-3.2086434364318848,-113.00786590576172,0.6417223215103149,-3.480032444000244,-173.7588653564453,1.0601953268051147,0.7982189059257507,-60.750999450683594,0.4338575797352726,-0.32737180301564195,0.4671972692012787,-0.27243706583976746,0.03333967924118042,0.05493474006652832,0.06426009553433475
653,3265,3279,0.9748377203941345,-3.3660244941711426,-132.71719360351562,0.4391010105609894,-3.432009220123291,166.6663818359375,0.9809185266494751,0.9162319898605347,-60.616424560546875,0.41191285109903025,-0.3488489321882703,0.4885672628879547,-0.2066643238067627,0.07665440440177917,0.14218461513519287,0.1615313050010258
654,3270,3284,0.7859928607940674,-3.464254856109619,-154.19821166992188,0.25064849853515625,-3.3019256591796875,143.81741333007812,1.0138646364212036,1.1142975091934204,-61.984375,0.41131802944985685,-0.37915937681640355,0.4601885974407196,-0.1752699613571167,0.04887056350708008,0.20388942956924438,0.20966456893707963
655,3275,3289,0.6106744408607483,-3.4776885509490967,-177.36753845214844,0.13672611117362976,-3.1487629413604736,125.29044342041016,0.8061837553977966,0.8783431649208069,-57.342010498046875,0.45834096541122443,-0.35034645036358464,0.46329042315483093,-0.36893248558044434,0.004949450492858887,-0.018586039543151855,0.01923377045929543
656,3280,3294,0.4141746759414673,-3.421532392501831,164.05099487304688,0.06041762977838516,-2.929426908493042,106.80662536621094,0.8992125988006592,0.9283711314201355,-57.24436950683594,0.4753613358470313,-0.375956727236886,0.4364129602909088,-0.33154943585395813,-0.038948386907577515,0.044407278299331665,0.05906761556603287
657,3285,3299,0.22898751497268677,-3.2791144847869873,140.15542602539062,0.04349086061120033,-2.6938679218292236,92.52851104736328,0.9455596804618835,0.9429588913917542,-47.626914978027344,0.5173932966709169,-0.33049466890592766,0.44521448016166687,-0.27580660581588745,-0.07217881083488464,0.054688066244125366,0.0905569728019875
658,3290,3304,0.109223373234272,-3.0910117626190186,121.4373550415039,0.03561330959200859,-2.456273078918457,92.1151351928711,1.0671560764312744,1.1200722455978394,-29.322219848632812,0.5799584942722857,-0.2682532078563096,0.4828714430332184,-0.24553295969963074,-0.09708705544471741,0.022720247507095337,0.09971010972669374
659,3295,3309,0.051054518669843674,-2.8651480674743652,103.98686218261719,-0.06746412813663483,-2.2606379985809326,120.6613540649414,1.1127088069915771,1.035234808921814,16.67449188232422,0.6152329414343845,-0.031105010712255757,0.5065887570381165,0.012690328061580658,-0.10864418745040894,0.04379533976316452,0.11713919605209272
660,3300,3314,0.04312954097986221,-2.6597838401794434,91.56608581542969,-0.2250884771347046,-2.1157243251800537,138.17813110351562,0.9444825053215027,1.016294240951538,46.61204528808594,0.5511866758372927,0.2532487028305428,0.4761909544467926,0.21656596660614014,-0.0749957263469696,-0.036682724952697754,0.0834864137465781
661,3305,3319,0.028523370623588562,-2.4225480556488037,95.08980560302734,-0.32385918498039246,-1.9665607213974,121.27379608154297,0.9488717913627625,0.8272968530654907,26.183990478515625,0.48545166315883287,0.31053918710236705,0.47637084126472473,0.2004857063293457,-0.009080827236175537,-0.11005347967147827,0.11042748666475095
662,3310,3324,-0.0873858630657196,-2.2389392852783203,126.7079849243164,-0.38337481021881104,-1.7604128122329712,103.89310455322266,0.8511850833892822,0.8366033434867859,-22.81488037109375,0.5605545220214618,-0.04874084614886323,0.45545831322669983,-0.054447971284389496,-0.10509619116783142,-0.00570712611079216,0.10525103651000238
663,3315,3329,-0.24577315151691437,-2.0951220989227295,139.08419799804688,-0.3813806474208832,-1.5481925010681152,88.08312225341797,0.9988914132118225,0.9968820214271545,-51.001075744628906,0.46068603534345476,-0.32448382824770194,0.42268940806388855,-0.23917734622955322,-0.03799661993980408,0.08530649542808533,0.09338598015265386
664,3320,3334,-0.34685155749320984,-1.908072590827942,116.9923095703125,-0.32669612765312195,-1.343597650527954,74.05479431152344,1.0078433752059937,0.9999793767929077,-42.93751525878906,0.49383728380781355,-0.27415859771313844,0.39398106932640076,-0.2152213156223297,-0.09985622763633728,0.058937281370162964,0.11595201306172208
665,3325,3339,-0.3874434232711792,-1.7293423414230347,101.87615203857422,-0.2670258581638336,-1.1494303941726685,73.3484115600586,0.832995593547821,0.9666823744773865,-28.527740478515625,0.542717214084889,-0.23718406794308533,0.44975224137306213,-0.1189051941037178,-0.09296497702598572,0.118278868496418,0.15044061182484933
666,3330,3344,-0.3766438066959381,-1.5184167623519897,85.20401763916016,-0.2863306999206543,-0.9834246039390564,98.15084075927734,0.8239357471466064,0.7712670564651489,12.946823120117188,0.5406698987528354,-0.04526728842477374,0.4391712248325348,0.07849599421024323,-0.10149869322776794,0.12376327812671661,0.16006040653333214
667,3335,3349,-0.31739020347595215,-1.3178203105926514,72.86357116699219,-0.3623603880405426,-0.8135841488838196,115.365478515625,0.8145618438720703,0.7291539907455444,42.50190734863281,0.46860066270615575,0.19154592970350529,0.4445010721683502,0.22169041633605957,-0.02409958839416504,0.030144482851028442,0.03859378197487417
668,3340,3354,-0.26644888520240784,-1.1222383975982666,76.51773071289062,-0.399562269449234,-0.6424363255500793,97.29048156738281,0.9535973072052002,0.6848141551017761,20.772750854492188,0.4355450961244328,0.24130824819996444,0.4262255132198334,0.16400951147079468,-0.009319573640823364,-0.07729873061180115,0.0778585140305319
669,3345,3359,-0.3055671453475952,-0.933376669883728,104.01325988769531,-0.3811916410923004,-0.4662506878376007,83.30144500732422,0.9026868939399719,0.836053729057312,-20.711814880371094,0.4715363812573286,-0.039739006151929324,0.4070581793785095,0.009331107139587402,-0.06447818875312805,0.04907011240720749,0.08102661758052095
670,3350,3364,-0.38376176357269287,-0.7659413814544678,115.50404357910156,-0.37883260846138,-0.30102208256721497,90.68086242675781,0.8687237501144409,0.7792583107948303,-24.82318115234375,0.41749282104564556,-0.20463136471048293,0.43856415152549744,-0.03245481848716736,0.02107134461402893,0.1721765398979187,0.17346112663955218
671,3355,3369,-0.3989229202270508,-0.617222785949707,94.58758544921875,-0.38909146189689636,-0.16971024870872498,93.72437286376953,0.6794815063476562,0.6080840826034546,-0.8632125854492188,0.4452924619615906,-0.04559333154030626,0.43080416321754456,0.03067132830619812,-0.014488309621810913,0.07626466453075409,0.07762866849100221
672,3360,3374,-0.37714898586273193,-0.44269540905952454,82.63980865478516,-0.34938931465148926,-0.021322429180145264,71.27920532226562,0.6762161254882812,0.6067520976066589,-11.360603332519531,0.42145723493571235,0.02644970015950723,0.38920554518699646,0.07740701735019684,-0.03225168585777283,0.05095731467008591,0.06030604579189897
673,3365,3379,-0.3819097876548767,-0.2800374925136566,93.4861068725586,-0.26445892453193665,0.10495934635400772,53.02876281738281,0.6309211850166321,0.6019285321235657,-40.45734405517578,0.3771426455796542,-0.1406438421499403,0.33775749802589417,-0.04918677359819412,-0.03938513994216919,0.0914570614695549,0.0995770221532568
674,3370,3384,-0.38479679822921753,-0.12580446898937225,90.41799926757812,-0.14272169768810272,0.20515009760856628,38.365108489990234,0.7330638766288757,0.7475836873054504,-52.05289077758789,0.32917971001653057,-0.24448310392384692,0.3655475378036499,-0.1994348168373108,0.036367833614349365,0.04504828155040741,0.05789617424705864
675,3375,3389,-0.330278605222702,0.017522389069199562,68.30565643310547,0.007664499804377556,0.2650286555290222,20.59490394592285,0.7189410328865051,0.7618034482002258,-47.71075439453125,0.35489753091077497,-0.22251434834297346,0.36246344447135925,-0.23626646399497986,0.007565915584564209,-0.01375211775302887,0.01569598105649734
676,3380,3394,-0.24929608404636383,0.1207858994603157,50.31825256347656,0.1493627429008484,0.2785480320453644,4.377295970916748,0.6157324910163879,0.6617293357849121,-45.940956115722656,0.3759669101847819,-0.20607431595591502,0.34951499104499817,-0.22112593054771423,-0.026451915502548218,-0.015051618218421936,0.03043443846610418
677,3385,3399,-0.12199316918849945,0.21630670130252838,34.00637435913086,0.31155288219451904,0.2501378655433655,-12.483509063720703,0.6284972429275513,0.6563370823860168,-46.48988342285156,0.37832027150997405,-0.21443066811675132,0.3786298334598541,-0.1945582628250122,0.0003095567226409912,0.019872412085533142,0.019874822954224672
678,3390,3404,0.029399260878562927,0.2693651616573334,16.7052001953125,0.4582328498363495,0.17529304325580597,-28.5548095703125,0.6316448450088501,0.6750788688659668,-45.260009765625,0.3836944955655278,-0.21336906367118713,0.37957361340522766,-0.18621063232421875,-0.004120886325836182,0.027158424258232117,0.027469286708988173
679,3395,3409,0.19504013657569885,0.2759329378604889,0.9314670562744141,0.6056462526321411,0.09727992862462997,-27.299882888793945,0.7664847373962402,0.7840345501899719,-28.23134994506836,0.4076475928298847,-0.18530439187954426,0.36171844601631165,-0.16960561275482178,-0.045929133892059326,0.01569877564907074,0.048537994364771284
680,3400,3414,0.3504214882850647,0.23396344482898712,-15.648438453674316,0.7605278491973877,0.008744340389966965,-31.075414657592773,0.7832533121109009,0.8212986588478088,-15.426976203918457,0.4556549645248274,-0.10625170064958031,0.40703728795051575,-0.13235914707183838,-0.04861769080162048,-0.02610744535923004,0.055184042639762766
681,3405,3419,0.4789721965789795,0.16266095638275146,-29.76608657836914,0.8779346346855164,-0.116653673350811,-47.98063659667969,0.6622304320335388,0.8171433806419373,-18.214550018310547,0.4849917314621115,-0.04439272438817951,0.41629207134246826,-0.04155106097459793,-0.0686996579170227,0.0028416626155376434,0.06875840344522613
682,3410,3424,0.6326309442520142,0.08582185953855515,-24.72019386291504,0.94200199842453,-0.25037682056427,-65.86731719970703,0.6784483790397644,0.6791827082633972,-41.147125244140625,0.4216145568471238,-0.1760146929294533,0.3830057382583618,-0.09627103060483932,-0.038608819246292114,0.07974366098642349,0.08859848977894881
683,3415,3429,0.7784835696220398,-0.00627712020650506,-35.256591796875,0.9631434082984924,-0.42207616567611694,-85.75924682617188,0.680838406085968,0.6800999641418457,-50.502655029296875,0.390804122241839,-0.23293828647605175,0.3982591927051544,-0.1917327344417572,0.00745508074760437,0.04120555520057678,0.04187452696259483
684,3420,3434,0.8915138840675354,-0.1376817524433136,-49.84542465209961,0.9504243731498718,-0.6017269492149353,-94.7334976196289,0.8206549286842346,0.7020423412322998,-44.8880729675293,0.3926617737520796,-0.25421471594816036,0.4065059721469879,-0.17445656657218933,0.013844192028045654,0.07975813746452332,0.08095073900045138
685,3425,3439,0.9539994597434998,-0.29876017570495605,-70.32439422607422,0.9474374651908875,-0.7899601459503174,-89.65596008300781,0.8178366422653198,0.8892644643783569,-19.331565856933594,0.4603113727146673,-0.17156313908031345,0.4348846971988678,-0.13787364959716797,-0.02542668581008911,0.033689484000205994,0.042207791739027556
686,3430,3444,0.9609577059745789,-0.4745182394981384,-89.4398422241211,1.0269238948822021,-0.9775884747505188,-65.32847595214844,0.8235456943511963,0.9617175459861755,24.111366271972656,0.5036911078547739,0.06104479948293824,0.4839179813861847,0.021946512162685394,-0.019773155450820923,-0.039098288863897324,0.04381385475585419
687,3435,3449,0.9464666247367859,-0.6282786130905151,-96.23208618164062,1.1457442045211792,-1.106122374534607,-45.829620361328125,0.7117296457290649,0.80330890417099,50.4024658203125,0.4533870698232776,0.24997275666125252,0.4091176688671112,0.1789906919002533,-0.044269412755966187,-0.07098206877708435,0.08365545405789651
688,3440,3454,0.9539355635643005,-0.8186925053596497,-85.718017578125,1.2475230693817139,-1.2883782386779785,-64.2670669555664,0.7553873658180237,0.8188567161560059,21.450950622558594,0.49029543479289317,0.25769885191074077,0.4434797465801239,0.09675809741020203,-0.046815693378448486,-0.1609407663345337,0.16761157303376123
689,3445,3459,1.0439730882644653,-1.001360535621643,-59.87407684326172,1.2923537492752075,-1.4958572387695312,-80.34616088867188,0.8006642460823059,0.8371971249580383,-20.472084045410156,0.5523650572901393,-0.033358442306634456,0.4347784221172333,-0.01881834864616394,-0.1175866425037384,0.014540094882249832,0.11848220480091855
690,3450,3464,1.182881474494934,-1.154260277748108,-47.215518951416016,1.2704622745513916,-1.7059197425842285,-97.10648345947266,0.9758733510971069,0.9982545375823975,-49.89096450805664,0.46435913754615665,-0.3104338142973373,0.47729459404945374,-0.20475634932518005,0.012935459613800049,0.10567745566368103,0.10646619534373115
691,3455,3469,1.2668275833129883,-1.3457951545715332,-67.29588317871094,1.188956618309021,-1.9048662185668945,-113.47071075439453,0.9946516156196594,1.018431544303894,-46.174827575683594,0.48569281029234374,-0.287622731747475,0.47475120425224304,-0.2632547914981842,-0.01094159483909607,0.024367928504943848,0.026711691021816433
692,3460,3474,1.2929164171218872,-1.5258132219314575,-82.81796264648438,1.1044684648513794,-2.0709829330444336,-116.93415069580078,0.8344065546989441,0.8598080277442932,-34.116188049316406,0.5173321037118731,-0.2551276917525832,0.4571310579776764,-0.14232859015464783,-0.060201019048690796,0.11279910802841187,0.12785852129015948
693,3465,3479,1.26270592212677,-1.7350170612335205,-100.54118347167969,1.0888625383377075,-2.291541337966919,-88.06187438964844,0.8256970047950745,0.8667656779289246,12.47930908203125,0.5789354828041021,-0.06909775272210168,0.5027920007705688,-0.0016835108399391174,-0.07614350318908691,0.06741423904895782,0.10169814503940826
694,3470,3484,1.1752800941467285,-1.9316115379333496,-115.30769348144531,1.1488749980926514,-2.5133228302001953,-72.49613952636719,0.8510273098945618,0.9064887166023254,42.811553955078125,0.5371692733609938,0.22479863968718866,0.5291135907173157,0.1800549030303955,-0.008055686950683594,-0.04474373161792755,0.04546312364262429
695,3475,3489,1.083532691001892,-2.134037733078003,-113.34076690673828,1.20449960231781,-2.7368979454040527,-78.23480224609375,1.061631441116333,1.073250651359558,35.10596466064453,0.5055980167286073,0.3499200976211885,0.45847007632255554,0.11033997684717178,-0.04712793231010437,-0.23958012461662292,0.2441714113387199
696,3480,3494,1.0993032455444336,-2.356138229370117,-83.3971176147461,1.182337999343872,-2.9668009281158447,-96.51031494140625,1.0508521795272827,1.081231713294983,-13.113197326660156,0.6161600897240205,0.012265635296857869,0.5324103236198425,-0.06995508819818497,-0.08374977111816406,-0.08222072571516037,0.11736384408953424
697,3485,3499,1.1647109985351562,-2.545861005783081,-69.57862854003906,1.0926119089126587,-3.173475503921509,-114.26317596435547,0.9257580041885376,1.0694332122802734,-44.684547424316406,0.5630131912513395,-0.28655607387547377,0.5303725600242615,-0.221713125705719,-0.03264063596725464,0.06484293937683105,0.07259488896178729
698,3490,3504,1.204627513885498,-2.7714810371398926,-84.00009155273438,0.9715707302093506,-3.311039447784424,-133.08363342285156,0.909132182598114,0.8393684029579163,-49.08354187011719,0.5122420462443852,-0.2881784672283623,0.4256856143474579,-0.33942121267318726,-0.08655640482902527,-0.05124273896217346,0.10058742224190637
699,3495,3509,1.1725138425827026,-2.996208667755127,-100.85025024414062,0.7914920449256897,-3.4084904193878174,-154.97340393066406,0.8890414237976074,0.8067643046379089,-54.12315368652344,0.47663578561648673,-0.2966010466752531,0.5011227130889893,-0.25133198499679565,0.024486929178237915,0.04526907205581665,0.05146745170857752
700,3500,3514,1.075814962387085,-3.199577808380127,-116.83960723876953,0.5836436152458191,-3.4239890575408936,-178.40185546875,1.0459789037704468,0.8434619307518005,-61.56224822998047,0.4224489408787318,-0.3378312242040127,0.4923138916492462,-0.31846940517425537,0.06986495852470398,0.019361823797225952,0.07249822515354036
701,3505,3519,0.924404501914978,-3.3464372158050537,-137.38818359375,0.37748295068740845,-3.355435848236084,159.748291015625,0.9822549223899841,1.018473505973816,-62.863525390625,0.4086033283100404,-0.3636584643271172,0.4759500324726105,-0.16041851043701172,0.06734669208526611,0.20323994755744934,0.21410757393885532
702,3510,3524,0.7369406819343567,-3.4197120666503906,-159.95721435546875,0.20916613936424255,-3.2146332263946533,138.37872314453125,0.9608822464942932,1.0448819398880005,-61.6640625,0.42552595543653055,-0.37353847353836833,0.46326693892478943,-0.24960798025131226,0.03774097561836243,0.12393048405647278,0.12954978239695147
703,3515,3529,0.55121248960495,-3.4195339679718018,177.5166015625,0.10993467271327972,-3.0509819984436035,120.02045440673828,0.8388662934303284,0.8713825941085815,-57.49614715576172,0.4568326854639436,-0.3490853051397185,0.43126246333122253,-0.3053742051124573,-0.025570213794708252,0.0437110960483551,0.05064085061741769
704,3520,3534,0.3511848747730255,-3.34081768989563,154.96897888183594,0.04631656035780907,-2.823560953140259,102.46979522705078,0.8573678135871887,0.9298828840255737,-52.499183654785156,0.49509065084692805,-0.33968289039295135,0.3994227349758148,-0.2894172668457031,-0.09566792845726013,0.050265610218048096,0.10806934859568731
705,3525,3539,0.1892002373933792,-3.1881608963012695,135.2562713623047,0.03548666834831238,-2.588865280151367,91.53083801269531,1.0624269247055054,0.9155265092849731,-43.725433349609375,0.531043322968241,-0.31745249404582127,0.4525030553340912,-0.253287672996521,-0.07854029536247253,0.06416481733322144,0.10141844890861869
706,3530,3544,0.08282289654016495,-2.9886422157287598,116.38504791259766,-0.001670394092798233,-2.35262131690979,100.45648956298828,1.0905705690383911,1.1154628992080688,-15.928558349609375,0.6073141187767541,-0.20695714933390227,0.4622597396373749,-0.16528141498565674,-0.14505437016487122,0.04167573153972626,0.15092261892539108
707,3535,3549,0.039933640509843826,-2.755265235900879,99.07185363769531,-0.12538392841815948,-2.164479970932007,124.73876190185547,1.1285316944122314,1.0631335973739624,25.666908264160156,0.6094614717895644,0.07009879508944188,0.5095640420913696,0.05881115049123764,-0.09989744424819946,-0.011287644505500793,0.10053313028949552
708,3540,3554,0.0351376011967659,-2.5520646572113037,90.5564193725586,-0.24304714798927307,-2.0274951457977295,131.47052001953125,0.93767249584198,0.8147384524345398,40.914100646972656,0.5272462823968448,0.27307742590299594,0.4859480559825897,0.2240988314151764,-0.041298240423202515,-0.048978596925735474,0.06406596302925839
709,3545,3559,-0.015236400067806244,-2.3233234882354736,105.3237075805664,-0.34334176778793335,-1.8359044790267944,114.31298828125,0.9217230081558228,0.8656880855560303,8.989280700683594,0.556799467412213,0.18762934489321056,0.4782659709453583,0.1038067415356636,-0.07853350043296814,-0.08382260054349899,0.1148640024208194
710,3550,3564,-0.14494749903678894,-2.138491630554199,128.2611846923828,-0.3787620961666107,-1.622443675994873,96.97650146484375,0.8659247159957886,0.8679795265197754,-31.284683227539062,0.54998786583119,-0.135970969968954,0.44612494111061096,-0.15876588225364685,-0.10386291146278381,-0.022794917225837708,0.10633490785654004
711,3555,3569,-0.278537780046463,-1.9793426990509033,130.49874877929688,-0.3545541763305664,-1.409524917602539,82.41372680664062,0.9994344711303711,1.0219779014587402,-48.08502197265625,0.48266835960156096,-0.3122531844486073,0.40846893191337585,-0.21402275562286377,-0.07419943809509277,0.09823042154312134,0.12310472099057299
712,3560,3574,-0.35959360003471375,-1.7790896892547607,110.59664916992188,-0.2914602756500244,-1.2097901105880737,71.9616928100586,1.013381004333496,0.9962196946144104,-38.63495635986328,0.508941601474046,-0.26405038619704757,0.4285087287425995,-0.18614178895950317,-0.08043286204338074,0.07790860533714294,0.11197855188413634
713,3565,3579,-0.37908515334129333,-1.5937126874923706,95.2153091430664,-0.2654353082180023,-1.0161058902740479,84.26820373535156,0.8516806960105896,0.9323328733444214,-10.947105407714844,0.564884969674069,-0.16568304236005224,0.43283382058143616,-0.06627551466226578,-0.13205114006996155,0.09940753132104874,0.16528569471409765
714,3570,3584,-0.3475479483604431,-1.3820183277130127,79.43194580078125,-0.3182355761528015,-0.8613739609718323,110.46294403076172,0.8497751951217651,0.7454031705856323,31.03099822998047,0.517189057249769,0.06667271439546521,0.4536930024623871,0.18803492188453674,-0.06349608302116394,0.12136220932006836,0.1369691148035886
715,3575,3589,-0.2823651134967804,-1.1847734451293945,70.95753479003906,-0.392689049243927,-0.6979065537452698,114.62062072753906,0.8224990367889404,0.6842350363731384,43.6630859375,0.4242288206166024,0.2631361785901517,0.4254986345767975,0.19347912073135376,0.0012698173522949219,-0.06965705752372742,0.06966863066669288
716,3580,3594,-0.2708548307418823,-0.9883497953414917,88.36063385009766,-0.40253135561943054,-0.5241868495941162,91.7627944946289,0.922552227973938,0.8163579106330872,3.40216064453125,0.4602059024813833,0.14490160361432888,0.4178209602832794,0.057479724287986755,-0.042384952306747437,-0.08742187917232513,0.09715487193170433
717,3585,3599,-0.34086036682128906,-0.8110026717185974,113.13301849365234,-0.3845900893211365,-0.35350003838539124,84.58716583251953,0.8879876136779785,0.8054789304733276,-28.545852661132812,0.43789721802615933,-0.13952410036148616,0.4217059314250946,-0.05011090636253357,-0.0161912739276886,0.08941319584846497,0.09086735906384316
718,3590,3604,-0.3979654312133789,-0.672545313835144,109.90562438964844,-0.3895285427570343,-0.19287246465682983,92.29419708251953,0.6813095808029175,0.7491344213485718,-17.611427307128906,0.4481421323912037,-0.17124792699922375,0.4119020700454712,0.019401859492063522,-0.036240071058273315,0.19064979255199432,0.19406361366940267
719,3595,3609,-0.398404985666275,-0.49929770827293396,87.49362182617188,-0.3605462610721588,-0.06610851734876633,75.94169616699219,0.6756606698036194,0.5941253900527954,-11.551925659179688,0.4344303620226592,-0.018878883951850983,0.41121888160705566,0.04467077553272247,-0.02321147918701172,0.06354966014623642,0.06765598325906755
720,3600,3614,-0.3840761184692383,-0.3289695382118225,86.51602935791016,-0.8681139945983887,-0.338880717754364,-148.9978485107422,0.6587989330291748,3.365349292755127,124.48611450195312,-0.03930750203405439,0.4825410006324707,0.32429593801498413,-0.01429140567779541,0.3636034429073334,-0.49683240056037903,0.6156702834640108
721,3605,3619,-0.38678598403930664,-0.17089593410491943,90.80886840820312,-0.1648796945810318,0.17334093153476715,39.32771301269531,0.7603744864463806,0.6349204778671265,-51.48115539550781,0.3410699083040711,-0.22674375042538658,0.34940922260284424,-0.19333481788635254,0.00833931565284729,0.033408939838409424,0.03443401583731244
722,3610,3624,-0.34364086389541626,-0.0237186998128891,71.7794418334961,-0.02121015079319477,0.23895996809005737,23.2524471282959,0.7316914796829224,0.7426212430000305,-48.52699279785156,0.35032421600995955,-0.22413074403186944,0.3261857330799103,-0.2176210582256317,-0.02413848042488098,0.006509691476821899,0.025000846392587792
723,3615,3629,-0.2541764974594116,0.10018018633127213,53.291343688964844,0.13999544084072113,0.26252231001853943,7.460141658782959,0.7247613668441772,0.7672277688980103,-45.83120346069336,0.36576212351850557,-0.21896247448395062,0.3472161293029785,-0.2005476951599121,-0.018545985221862793,0.018414780497550964,0.026135372746959942
724,3620,3634,-0.14526493847370148,0.18565554916858673,36.95363998413086,0.2815724015235901,0.24102643132209778,-9.30504035949707,0.6373830437660217,0.6873067021369934,-46.25868225097656,0.3743824184084911,-0.21235310563372317,0.3687467873096466,-0.2000086009502411,-0.005635619163513184,0.012344509363174438,0.013570081605268939
725,3625,3639,0.0016802491154521704,0.2444106489419937,18.660776138305664,0.43617308139801025,0.17183205485343933,-26.194494247436523,0.6256953477859497,0.6743984222412109,-44.85527038574219,0.3884287685957324,-0.20778537074065392,0.3810288906097412,-0.18376189470291138,-0.007399886846542358,0.024023473262786865,0.025137334642906475
726,3630,3644,0.15825189650058746,0.26123207807540894,3.032977819442749,0.590343713760376,0.09378586709499359,-25.567651748657227,0.6102204322814941,0.6871795654296875,-28.600629806518555,0.4226268766050568,-0.19007395445709596,0.34120500087738037,-0.15843474864959717,-0.0814218819141388,0.03163920342922211,0.08735308837170934
727,3635,3649,0.3261479437351227,0.22595800459384918,-13.579421997070312,0.7426273822784424,0.022592009976506233,-25.915054321289062,0.794906735420227,0.7950639724731445,-12.33563232421875,0.4525858336374328,-0.09989451658808557,0.4019845128059387,-0.11849746853113174,-0.05060133337974548,-0.018602952361106873,0.05391256603388264
728,3640,3654,0.4776367247104645,0.14770779013633728,-28.02854347229004,0.876634418964386,-0.10265777260065079,-44.741119384765625,0.7942555546760559,0.8434352278709412,-16.712575912475586,0.4698503132082872,-0.033507528585250745,0.41237449645996094,-0.042897723615169525,-0.05747580528259277,-0.009390193969011307,0.058237822209095146
729,3645,3659,0.6126065254211426,0.08576896786689758,-23.843122482299805,0.9503378868103027,-0.23044294118881226,-61.365692138671875,0.6865229606628418,0.6764007806777954,-37.52256774902344,0.43673145491282056,-0.15270258735254943,0.37444692850112915,-0.019911296665668488,-0.06228452920913696,0.13279128074645996,0.14667272009848656
730,3650,3664,0.7677094340324402,0.005287319887429476,-30.64255142211914,0.9849653244018555,-0.39978519082069397,-81.24317932128906,0.6831350922584534,0.6863186955451965,-50.60062789916992,0.39337665725234217,-0.23777860707664666,0.4092242419719696,-0.17459863424301147,0.015847593545913696,0.06317996978759766,0.06513719984431506
731,3655,3669,0.8914027810096741,-0.12250214070081711,-48.68032455444336,0.9733496308326721,-0.5792863368988037,-95.21450805664062,0.690180242061615,0.7149161100387573,-46.534183502197266,0.39716822491734455,-0.2400509995845559,0.42273977398872375,-0.20014256238937378,0.025571554899215698,0.03990843892097473,0.04739818474448967
732,3660,3674,0.9659678936004639,-0.27645453810691833,-65.5521469116211,0.9549391269683838,-0.7630172371864319,-95.1869888305664,0.8100409507751465,0.8749271035194397,-29.634841918945312,0.4383722512806303,-0.21141112349192528,0.41587749123573303,-0.13871079683303833,-0.022494763135910034,0.07270032167434692,0.07610092732742627
733,3665,3679,0.9851632714271545,-0.4498395323753357,-85.2165298461914,1.0071123838424683,-0.948753833770752,-71.28752136230469,0.8264005780220032,0.9137352108955383,13.929008483886719,0.499006906554527,-0.019731976170113498,0.4587879478931427,0.0030705779790878296,-0.04021894931793213,0.022802554070949554,0.04623332517131957
734,3670,3684,0.9693207740783691,-0.6045910120010376,-96.29148864746094,1.139815330505371,-1.097952961921692,-47.32215881347656,0.7109324932098389,0.9395775198936462,48.969329833984375,0.4717066238058985,0.22353359581591067,0.4599246084690094,0.1096988171339035,-0.011782020330429077,-0.11383478343486786,0.11444288498080564
735,3675,3689,0.9538134932518005,-0.7914019227027893,-93.22979736328125,1.2477821111679077,-1.2342584133148193,-53.45711135864258,0.7425615787506104,0.7996479868888855,39.77268600463867,0.4255906446998419,0.31845254393815436,0.44537684321403503,0.1013815701007843,0.019786208868026733,-0.21707096695899963,0.21797086676407995
736,3680,3694,1.0240123271942139,-0.9723610281944275,-63.691287994384766,1.3223850727081299,-1.4290562868118286,-71.00208282470703,0.7731226086616516,0.832109272480011,-7.310794830322266,0.5416313681063196,0.06505624944925292,0.41513562202453613,-0.10851263254880905,-0.12649571895599365,-0.17356887459754944,0.21477271973705966
737,3685,3699,1.1612130403518677,-1.1174499988555908,-44.699310302734375,1.338273286819458,-1.6396199464797974,-88.0478286743164,0.9392437934875488,0.8358167409896851,-43.34851837158203,0.49314293649921676,-0.2466208208200596,0.4111807644367218,-0.17385432124137878,-0.08196216821670532,0.0727664977312088,0.10960273815397824
738,3690,3704,1.2731342315673828,-1.2860045433044434,-58.58409881591797,1.2870371341705322,-1.8431497812271118,-105.30018615722656,0.9688608050346375,0.9946320652961731,-46.716087341308594,0.4827180226931674,-0.27854518019146957,0.4478379189968109,-0.2587031424045563,-0.034880101680755615,0.019842028617858887,0.04012888726256662
739,3695,3709,1.3330965042114258,-1.487741470336914,-74.66738891601562,1.1805287599563599,-2.0236291885375977,-121.05203247070312,0.9899979829788208,0.9895174503326416,-46.3846435546875,0.4764716371299262,-0.288837916687097,0.44205453991889954,-0.2406412661075592,-0.03441709280014038,0.048196643590927124,0.05922375140299989
740,3700,3714,1.3347570896148682,-1.6687172651290894,-90.67872619628906,1.0896018743515015,-2.1873650550842285,-117.27862548828125,0.8294082880020142,0.8564872741699219,-26.599899291992188,0.5215154424459919,-0.2389942528316092,0.4931163489818573,-0.0986199900507927,-0.02839908003807068,0.14037427306175232,0.14321817023207686
741,3705,3719,1.2733304500579834,-1.8694984912872314,-110.21974182128906,1.1058202981948853,-2.410867929458618,-81.32456970214844,0.8081989884376526,0.903816282749176,28.895172119140625,0.565902117964697,0.029921772111142414,0.50373375415802,0.06175479665398598,-0.06216835975646973,0.03183302283287048,0.06984444356917663
742,3710,3724,1.1609734296798706,-2.0489585399627686,-123.93841552734375,1.1807769536972046,-2.624845027923584,-68.24533081054688,0.8371843099594116,0.8908892869949341,55.693084716796875,0.4667210595517634,0.3379480420866895,0.4756852090358734,0.18776756525039673,0.00896415114402771,-0.15018048882484436,0.1504477824010782
743,3715,3729,1.0810332298278809,-2.248417854309082,-109.57581329345703,1.2114570140838623,-2.844419479370117,-84.16973114013672,1.0146849155426025,1.0521726608276367,25.406082153320312,0.5178531279773427,0.32257780211776416,0.4372744858264923,0.1326465606689453,-0.08057865500450134,-0.1899312436580658,0.2063172240987989
744,3720,3734,1.120741844177246,-2.4744014739990234,-78.62342834472656,1.1766034364700317,-3.0609638690948486,-100.5952377319336,1.0773429870605469,1.03490149974823,-21.97180938720703,0.58605662893913,-0.06093921980579637,0.5114216804504395,-0.018203087151050568,-0.07463496923446655,0.04273613169789314,0.08600439282460771
745,3725,3739,1.1920239925384521,-2.6541049480438232,-66.5094223022461,1.080689787864685,-3.24601149559021,-111.1813735961914,0.8906382322311401,0.9958227276802063,-44.67195129394531,0.4984750496142108,-0.33804036899567674,0.45805856585502625,-0.2123773694038391,-0.04041647911071777,0.12566301226615906,0.1320025925332981
746,3730,3744,1.2112010717391968,-2.8760080337524414,-87.1908187866211,0.9451140761375427,-3.392462968826294,-130.055419921875,0.8717338442802429,0.881775975227356,-42.864601135253906,0.5027934336522502,-0.29107860152651605,0.39081358909606934,-0.31677207350730896,-0.11197984218597412,-0.02569347620010376,0.11488968524302332
747,3735,3749,1.1667922735214233,-3.091189384460449,-103.67253112792969,0.7618004679679871,-3.4714014530181885,-159.91810607910156,0.8496140837669373,0.7648270726203918,-56.245574951171875,0.46516668890660584,-0.30364375701478263,0.45468148589134216,-0.24138593673706055,-0.010485202074050903,0.06225782632827759,0.06313458958174714
748,3740,3754,1.058201789855957,-3.280161142349243,-111.1813735961914,0.5518813729286194,-3.4736406803131104,-178.29037475585938,0.9958227276802063,0.8596339821815491,-67.10900115966797,0.3633527466832309,-0.402205765356411,0.4397335946559906,-0.2524113655090332,0.07638084888458252,0.14979439973831177,0.1681439748230384
749,3745,3759,0.8924055099487305,-3.4236536026000977,-142.65675354003906,0.35513970255851746,-3.393676519393921,155.4615936279297,0.9914220571517944,1.0020571947097778,-61.88165283203125,0.4089510550759653,-0.3497315768370446,0.4594927132129669,-0.13620403409004211,0.05054166913032532,0.21352753043174744,0.21942758844493576
750,3750,3764,0.721901535987854,-3.475874900817871,-159.91810607910156,0.1919577270746231,-3.2341930866241455,133.6436767578125,0.7648270726203918,1.064642310142517,-66.438232421875,0.4147401541132607,-0.4089512932820958,0.46720126271247864,-0.27378568053245544,0.05246111750602722,0.13516560196876526,0.14498934031700356
751,3755,3769,0.5208768844604492,-3.469341516494751,179.51011657714844,0.09264882653951645,-3.0593581199645996,121.87511444091797,0.8834187388420105,0.9683949947357178,-57.63500213623047,0.43171774559537635,-0.4063070720256832,0.4069998860359192,-0.31339186429977417,-0.024717867374420166,0.09291520714759827,0.09614680799080394
752,3760,3774,0.32555511593818665,-3.37427020072937,151.2716064453125,0.04780026152729988,-2.829469919204712,98.69889068603516,0.8620537519454956,0.9086683392524719,-52.572715759277344,0.5054281431217907,-0.3442346464699825,0.4189944565296173,-0.31260767579078674,-0.08643367886543274,0.03162696957588196,0.09203828576612298
753,3765,3779,0.1679794192314148,-3.196402072906494,133.6436767578125,0.04935520887374878,-2.5943763256073,88.69403076171875,1.064642310142517,0.9062809348106384,-44.94964599609375,0.5175245301404674,-0.3296590123097223,0.4576123058795929,-0.25155016779899597,-0.05991223454475403,0.07810884714126587,0.09844017396308916
754,3770,3784,0.07278727740049362,-2.9927818775177,116.27283477783203,0.014543459750711918,-2.3612258434295654,100.33097076416016,0.9871505498886108,1.0974202156066895,-15.941864013671875,0.5920954208991437,-0.22732879084336788,0.46362295746803284,-0.10671744495630264,-0.1284724771976471,0.12061134725809097,0.17621655564875782
755,3775,3789,0.04559965059161186,-2.7591118812561035,95.55352783203125,-0.12436780333518982,-2.2009685039520264,132.38671875,1.1098121404647827,1.0003536939620972,36.83319091796875,0.5719722864220481,0.11515498189071824,0.4956595003604889,0.10206873714923859,-0.07631281018257141,-0.013086244463920593,0.07742670593619921
756,3780,3794,0.050326138734817505,-2.5575220584869385,87.76708221435547,-0.25194448232650757,-2.075866222381592,134.53994750976562,0.9186943769454956,0.8146480321884155,46.772865295410156,0.46951307466679126,0.3208073339686546,0.50980544090271,0.23934516310691833,0.04029235243797302,-0.08146217465400696,0.09088211905730281
757,3785,3799,-0.0017551345517858863,-2.3353090286254883,107.68672180175781,-0.33960264921188354,-1.8831602334976196,112.18811798095703,0.9051439762115479,0.8353943824768066,4.501396179199219,0.5334188052901265,0.1845097424448794,0.47913864254951477,0.06944452226161957,-0.05428019165992737,-0.11506521701812744,0.12722556100904886
758,3790,3804,-0.14805370569229126,-2.18143892288208,135.13047790527344,-0.3676099181175232,-1.6699745655059814,94.89569091796875,0.9991639852523804,0.8425413370132446,-40.23478698730469,0.5164382105402265,-0.20758683478165893,0.4309506118297577,-0.21263441443443298,-0.08548757433891296,-0.0050475746393203735,0.08563646055326364
759,3795,3809,-0.2822416126728058,-2.0238025188446045,128.3175811767578,-0.33852308988571167,-1.457456111907959,81.16382598876953,0.9807528853416443,1.004852533340454,-47.15375518798828,0.4792431805291355,-0.3069883242790086,0.41150185465812683,-0.2461601197719574,-0.06774133443832397,0.060828208923339844,0.09104372242118805
760,3800,3814,-0.3545364439487457,-1.822605013847351,108.21138000488281,-0.27420639991760254,-1.255760908126831,72.0049819946289,1.0293655395507812,0.9975515007972717,-36.206398010253906,0.5133458488206367,-0.2534584693056467,0.45169851183891296,-0.18620768189430237,-0.06164732575416565,0.06725078821182251,0.09123081325819485
761,3805,3819,-0.36658766865730286,-1.6379882097244263,92.43082427978516,-0.2595285177230835,-1.0797362327575684,86.90631103515625,0.851166307926178,0.8089003562927246,-5.524513244628906,0.5532089208555331,-0.1306400454379044,0.4547319710254669,-0.0009433329105377197,-0.09847697615623474,0.12969671189785004,0.16284640588600519
762,3810,3824,-0.3302387297153473,-1.4282617568969727,78.57273864746094,-0.3227185010910034,-0.8998384475708008,112.45808410644531,0.8534420132637024,0.7525349855422974,33.885345458984375,0.519438319455219,0.09732204251516399,0.4438040554523468,0.18037113547325134,-0.07563427090644836,0.08304909616708755,0.1123285151229205
763,3815,3829,-0.26746585965156555,-1.2265946865081787,72.58596801757812,-0.3899447023868561,-0.7294281125068665,108.70075225830078,0.8292438387870789,0.7027251124382019,36.114784240722656,0.43772517792476484,0.26565454604186867,0.4072948396205902,0.17230862379074097,-0.030430346727371216,-0.09334591031074524,0.09818077700695654
764,3820,3834,-0.27045050263404846,-1.0262861251831055,93.2027587890625,-0.3843066990375519,-0.5503475069999695,86.81826782226562,0.9509710669517517,0.8461809754371643,-6.384490966796875,0.48155633571360174,0.0870878709788854,0.40467673540115356,-0.08716780692338943,-0.0768795907497406,-0.17425566911697388,0.19046130760144403
765,3825,3839,-0.3489789664745331,-0.8504509329795837,114.95573425292969,-0.33841028809547424,-0.37952205538749695,74.44625091552734,0.9058366417884827,0.8328653573989868,-40.509483337402344,0.4225010284280136,-0.20827526423004117,0.3632337749004364,-0.07008372992277145,-0.059267252683639526,0.13819152116775513,0.15036456950799443
766,3830,3844,-0.39284592866897583,-0.7039614319801331,103.97966766357422,-0.31319543719291687,-0.21108075976371765,82.11569213867188,0.7119344472885132,0.8056488037109375,-21.863975524902344,0.4590405224610169,-0.19636027239642928,0.40983957052230835,-0.06081641465425491,-0.04920095205307007,0.1355438530445099,0.14419732931327192
767,3835,3849,-0.37901508808135986,-0.5254066586494446,82.828857421875,-0.26841089129447937,-0.08699400722980499,68.37638854980469,0.708700954914093,0.6112036108970642,-14.452468872070312,0.448790383669554,-0.055010415951157146,0.4161602854728699,-0.07798845320940018,-0.032630085945129395,-0.0229780375957489,0.03990880505024149
768,3840,3854,-0.3332887887954712,-0.3561776876449585,74.24612426757812,-0.1690109670162201,0.034540411084890366,48.01265335083008,0.68997722864151,0.604001522064209,-26.233470916748047,0.42064384968156715,-0.05202489826757162,0.4065859019756317,-0.07908997684717178,-0.014057934284210205,-0.027065079659223557,0.030498263119385822
769,3845,3859,-0.30936238169670105,-0.19030128419399261,81.90750885009766,-0.031796980649232864,0.12666861712932587,32.626007080078125,0.7790650129318237,0.7900805473327637,-49.28150177001953,0.3528868433104833,-0.2301811022170336,0.37687399983406067,-0.08458054810762405,0.023987144231796265,0.1456005573272705,0.14756322503391142
770,3850,3864,-0.24247583746910095,-0.04708683118224144,63.19789123535156,0.126205176115036,0.17082585394382477,14.961894035339355,0.7405127286911011,0.7755275368690491,-48.23599624633789,0.36074425976900837,-0.23081423002831725,0.3534516990184784,-0.15104922652244568,-0.007292568683624268,0.07976500689983368,0.08009767714319743
771,3855,3869,-0.15278097987174988,0.04921872913837433,46.2747917175293,0.2920815050601959,0.16865406930446625,-1.2605005502700806,0.6204944849014282,0.7805638313293457,-47.53529357910156,0.3938006535978198,-0.23893194890249753,0.36935165524482727,-0.2294609248638153,-0.02444899082183838,0.009471029043197632,0.026219335295606376
772,3860,3874,-0.010019459761679173,0.13442166149616241,28.128597259521484,0.4333416819572449,0.12702225148677826,-17.66286277770996,0.6524969339370728,0.6698614358901978,-45.79145812988281,0.38750802127194367,-0.21554901825867226,0.3899082839488983,-0.1884848177433014,0.0024002492427825928,0.027064204216003418,0.02717043147012972
773,3865,3879,0.1501951515674591,0.17177605628967285,10.591222763061523,0.586442232131958,0.043093789368867874,-30.329334259033203,0.6528089046478271,0.6886987686157227,-40.920555114746094,0.4051630642312999,-0.20667252711085438,0.3941304683685303,-0.12918803095817566,-0.011032581329345703,0.07748450338840485,0.0782659959122501
774,3870,3884,0.31729021668434143,0.16397613286972046,-3.9350576400756836,0.7257662415504456,-0.06425634771585464,-39.38005065917969,0.7950872778892517,0.6910520195960999,-35.44499206542969,0.423175653205832,-0.19966244318235588,0.3372116684913635,-0.16147062182426453,-0.08596399426460266,0.03819182515144348,0.09406606092700528
775,3875,3889,0.47836196422576904,0.10632505267858505,-20.728721618652344,0.8252076506614685,-0.20867326855659485,-57.08024978637695,0.8056105971336365,0.8246746063232422,-36.35152816772461,0.43588490971136246,-0.17184359970563756,0.3436092436313629,-0.17050623893737793,-0.09227567911148071,0.0013373643159866333,0.09228536990660346
776,3880,3894,0.6286477446556091,0.015461070463061333,-31.28371810913086,0.8804823160171509,-0.3794335424900055,-73.34306335449219,0.8406675457954407,0.8457801342010498,-42.05934524536133,0.42027884135839144,-0.2067077450918873,0.36025044322013855,-0.1416608691215515,-0.060028403997421265,0.06504687666893005,0.08851274174298646
777,3885,3899,0.7437202334403992,-0.08280804008245468,-41.57699203491211,0.9280261397361755,-0.5337820649147034,-72.49388122558594,0.6902362704277039,0.7463355660438538,-30.916889190673828,0.4371507558949619,-0.21504754839181967,0.4030890464782715,-0.07498069852590561,-0.034061700105667114,0.14006686210632324,0.14414896903689658
778,3890,3904,0.8364032506942749,-0.23210814595222473,-60.58140563964844,1.0007448196411133,-0.7176271080970764,-66.18877410888672,0.7006235718727112,0.7776058912277222,-5.607368469238281,0.5036358072983521,-0.09532988772184436,0.4602009356021881,0.14230018854141235,-0.04343488812446594,0.23763006925582886,0.24156704932774853
779,3895,3909,0.8872073292732239,-0.4043695330619812,-74.02947235107422,1.1206341981887817,-0.8862719535827637,-52.553977966308594,0.7101328372955322,0.8202269077301025,21.475494384765625,0.5275283387341978,0.0918253661460034,0.45949140191078186,0.16248494386672974,-0.06803694367408752,0.0706595778465271,0.0980907826758477
780,3900,3914,0.943665087223053,-0.5882786512374878,-72.93411254882812,1.204376220703125,-1.076525092124939,-67.73625946044922,0.9073234796524048,0.9836899042129517,5.197853088378906,0.5432591432089046,0.10594520036157448,0.4568094313144684,0.1296152025461197,-0.08644971251487732,0.023670002818107605,0.08963158944989294
781,3905,3919,1.029959797859192,-0.7678719758987427,-63.56245040893555,1.223699688911438,-1.2800222635269165,-85.33003997802734,0.9457443952560425,0.969609260559082,-21.767589569091797,0.5448469789440376,-0.05454202084735099,0.41698482632637024,-0.04734399914741516,-0.1278621256351471,0.007198020815849304,0.12806457228915238
782,3910,3924,1.136614203453064,-0.9110059142112732,-53.15868377685547,1.1907647848129272,-1.4557082653045654,-102.27369689941406,0.8264144062995911,0.820827305316925,-49.115013122558594,0.4683935930165749,-0.28326732739445004,0.4495750367641449,-0.2532837688922882,-0.018818557262420654,0.029983550310134888,0.035399878342155286
783,3915,3929,1.2093466520309448,-1.104314923286438,-72.13221740722656,1.1210756301879883,-1.6522928476333618,-110.99598693847656,0.8153139352798462,0.8241490721702576,-38.86376953125,0.49446390270683593,-0.2521448547733771,0.4373984634876251,-0.18391484022140503,-0.05706542730331421,0.06823000311851501,0.08894827889769653
784,3920,3934,1.2224907875061035,-1.3098781108856201,-88.9284439086914,1.0535506010055542,-1.8576569557189941,-106.09392547607422,0.8078758716583252,0.8582838177680969,-17.165481567382812,0.5445236829650965,-0.17915470452085058,0.4860577881336212,-0.1736585795879364,-0.0584658682346344,0.005496129393577576,0.058723633970834764
785,3925,3939,1.1747655868530273,-1.5123964548110962,-104.39884185791016,1.0956590175628662,-2.0798537731170654,-76.83726501464844,0.9726627469062805,1.0650615692138672,27.56157684326172,0.5693039106006907,0.06448809796095661,0.48394134640693665,0.08115679025650024,-0.08536258339881897,0.016668692231178284,0.08697480063339075
786,3930,3944,1.0968101024627686,-1.70772123336792,-112.6629409790039,1.2033425569534302,-2.277773141860962,-60.24848556518555,0.9980802536010742,1.0618324279785156,52.41445541381836,0.4849888347728755,0.3179530977707449,0.4463113248348236,0.10812067240476608,-0.03867751359939575,-0.20983242988586426,0.21336728589462253
787,3935,3949,1.0515620708465576,-1.8912938833236694,-102.59732818603516,1.26225745677948,-2.4920904636383057,-76.75433349609375,0.8720880150794983,1.0475109815597534,25.842994689941406,0.5403813783081324,0.3366556735731442,0.40306028723716736,0.1040416806936264,-0.1373210847377777,-0.23261399567127228,0.270122844823822
788,3940,3954,1.1075383424758911,-2.1101608276367188,-71.89070892333984,1.2587453126907349,-2.6941616535186768,-91.90290832519531,0.8950402140617371,0.912356436252594,-20.01219940185547,0.6020722908494753,-0.03780832003179324,0.539991557598114,-0.09549842029809952,-0.0620807409286499,-0.0576900988817215,0.0847476601637647
789,3945,3959,1.2186187505722046,-2.3067007064819336,-58.560218811035156,1.1852037906646729,-2.908611297607422,-111.17807006835938,0.8909778594970703,0.9044457077980042,-52.61785125732422,0.4961140893025782,-0.34246712199878415,0.39007076621055603,-0.18520686030387878,-0.10604330897331238,0.15726026892662048,0.18967333908823977
790,3950,3964,1.2642536163330078,-2.5283701419830322,-79.34832000732422,1.0488725900650024,-3.0807623863220215,-131.46771240234375,1.0613449811935425,0.863712728023529,-52.11939239501953,0.5030634188689618,-0.3137728074228174,0.4020939767360687,-0.3019678294658661,-0.10096946358680725,0.011804968118667603,0.10165721739891542
791,3955,3969,1.2446123361587524,-2.75527286529541,-96.5069808959961,0.8745858669281006,-3.1812849044799805,-152.0421142578125,1.0532896518707275,0.9391389489173889,-55.535133361816406,0.4652006726059699,-0.31936527624093947,0.4009070098400116,-0.21628937125205994,-0.06429365277290344,0.10307589173316956,0.12148379827561684
792,3960,3974,1.1528632640838623,-2.9630887508392334,-115.0965576171875,0.665600597858429,-3.2065494060516357,-174.5789031982422,1.07001531124115,0.9998655915260315,-59.48234558105469,0.4271466083276291,-0.33799966202316445,0.4073907732963562,-0.23295271396636963,-0.019755840301513672,0.10504695773124695,0.10688852396122464
793,3965,3979,1.0254102945327759,-3.1012322902679443,-134.57582092285156,0.49074864387512207,-3.1587395668029785,163.51744079589844,0.8485366702079773,0.8461472392082214,-61.90673828125,0.4162173378969861,-0.3404897871778096,0.4301491677761078,-0.2354343831539154,0.013931840658187866,0.10505539178848267,0.10597514580295102
794,3970,3984,0.846581220626831,-3.1893744468688965,-157.62774658203125,0.30836978554725647,-3.0330305099487305,142.34214782714844,0.7704734802246094,0.8758270740509033,-60.03009033203125,0.4381925024872832,-0.3494314500813379,0.41984251141548157,-0.17102080583572388,-0.01835000514984131,0.17841064929962158,0.1793518398916269
795,3975,3989,0.6382715106010437,-3.2023890018463135,178.79371643066406,0.17437432706356049,-2.8457272052764893,123.07560729980469,0.8129878640174866,0.9237395524978638,-55.718109130859375,0.47130282729370987,-0.34681676024403196,0.4214424788951874,-0.31740763783454895,-0.049860358238220215,0.02940911054611206,0.05788740024182373
796,3980,3994,0.4344368278980255,-3.1303181648254395,158.6594696044922,0.09539607912302017,-2.6222736835479736,108.67691802978516,1.0249096155166626,1.1247289180755615,-49.98255157470703,0.500676672084585,-0.34982952901207676,0.39865994453430176,-0.21166744828224182,-0.10201674699783325,0.13816207647323608,0.17174450804440955
797,3985,3999,0.26603367924690247,-2.9864633083343506,138.1106414794922,0.047184668481349945,-2.3908236026763916,100.8665771484375,1.0530314445495605,1.1088858842849731,-37.24406433105469,0.5606242209430407,-0.2972911503900939,0.50119549036026,-0.2315642237663269,-0.05942875146865845,0.06572693586349487,0.08861042037552662
798,3990,4004,0.16088217496871948,-2.8160009384155273,120.4577865600586,0.01741698943078518,-2.1879327297210693,98.50717163085938,0.9281113147735596,0.9439650774002075,-21.95061492919922,0.614119587974599,-0.19470251026465069,0.46896329522132874,-0.20199644565582275,-0.14515629410743713,-0.0072939395904541016,0.145339434682243
799,3995,4009,0.08519376814365387,-2.5888240337371826,106.82025909423828,-0.08627655357122421,-2.0007970333099365,125.02379608154297,0.9570087194442749,0.8261384963989258,18.203536987304688,0.6124879941981811,-0.006023194206577764,0.41713598370552063,-0.030695974826812744,-0.1953519880771637,-0.02467278018593788,0.19690389871153877
800,4000,4014,0.04280675947666168,-2.3576743602752686,98.96897888183594,-0.2558112144470215,-1.8946449756622314,151.02749633789062,0.9297757148742676,0.765820324420929,52.05851745605469,0.5039223210600118,0.22278058892864727,0.33980700373649597,0.14963583648204803,-0.16411533951759338,-0.07314474880695343,0.17967748591019206
801,4005,4019,-7.025910599622875e-05,-2.1238036155700684,101.31077575683594,-0.3924257755279541,-1.7622015476226807,133.55413818359375,1.1178174018859863,0.927356481552124,32.24336242675781,0.4315318634818823,0.3138138716183346,0.47387561202049255,0.24934440851211548,0.042343735694885254,-0.06446945667266846,0.07713172366975456
802,4010,4024,-0.13399673998355865,-1.9620914459228516,132.98846435546875,-0.482214093208313,-1.5726209878921509,114.1735610961914,0.9841018915176392,0.9936071634292603,-18.814903259277344,0.5223265288188469,-0.010842990142826525,0.48632726073265076,0.21985995769500732,-0.03599926829338074,0.2307029515504837,0.23349475191482064
803,4015,4029,-0.2762466073036194,-1.8843973875045776,152.06971740722656,-0.5128151178359985,-1.3711787462234497,97.03872680664062,0.7334006428718567,0.9681538343429565,-55.03099060058594,0.4494025756120973,-0.3426300613886187,0.4416556656360626,-0.10147055238485336,-0.007746905088424683,0.24115949869155884,0.24128389574858292
804,4020,4034,-0.4082351326942444,-1.737434983253479,128.62074279785156,-0.48859903216362,-1.2028385400772095,80.71446990966797,0.78445965051651,0.7861748933792114,-47.906272888183594,0.46783742336221074,-0.2708871696785395,0.39106684923171997,-0.24217933416366577,-0.07677057385444641,0.028707832098007202,0.08196255629071353
805,4025,4039,-0.4912446141242981,-1.5458800792694092,111.00104522705078,-0.4101420044898987,-1.0189197063446045,64.82546997070312,0.8131937384605408,0.7806911468505859,-46.175575256347656,0.4628904874037073,-0.26456996162398577,0.37760138511657715,-0.21481135487556458,-0.08528909087181091,0.04975861310958862,0.0987428407548099
806,4030,4044,-0.5116631984710693,-1.3439064025878906,94.66352081298828,-0.31202349066734314,-0.8502235412597656,59.9328498840332,0.9517850875854492,0.7561300992965698,-34.73067092895508,0.4758169548986383,-0.23911713851597732,0.4546789824962616,-0.14832815527915955,-0.021137982606887817,0.09078899025917053,0.09321724658542996
807,4035,4049,-0.4705216586589813,-1.1473811864852905,76.45406341552734,-0.30575844645500183,-0.6723546981811523,91.0136947631836,0.9354945421218872,0.8291887640953064,14.55963134765625,0.5004040563127257,-0.048916879623557175,0.4264211356639862,-0.04046782851219177,-0.07398292422294617,0.008449051529169083,0.07446381368369974
808,4040,4054,-0.38090208172798157,-0.9692025184631348,62.2100715637207,-0.3882610499858856,-0.518275260925293,119.73306274414062,0.9448908567428589,0.8541007041931152,57.52299118041992,0.39548765497988764,0.21674653575762018,0.40032127499580383,0.17021268606185913,0.004833608865737915,-0.04653385281562805,0.04678421990942539
809,4045,4059,-0.30309125781059265,-0.8230926990509033,63.0336799621582,-0.41752228140830994,-0.41193655133247375,104.36824798583984,0.7610308527946472,0.596993625164032,41.33456802368164,0.3145618164350448,0.2884349157251347,0.3676503002643585,0.10560328513383865,0.053088486194610596,-0.18283164501190186,0.19038329176740657
810,4050,4064,-0.311242938041687,-0.6531215310096741,97.86698913574219,-0.4141920208930969,-0.25996318459510803,85.64301300048828,0.6581490635871887,0.5921189785003662,-12.223976135253906,0.40354916823091436,0.04816708248918079,0.41362613439559937,-0.010071933269500732,0.010076969861984253,-0.05823901668190956,0.05910438550289715
811,4055,4069,-0.3905866742134094,-0.5170856714248657,121.85395812988281,-0.3590121567249298,-0.11228922754526138,67.09667205810547,0.7100443243980408,0.6187517642974854,-54.757286071777344,0.3271688703647465,-0.2404530046150324,0.4042039215564728,-0.08205557614564896,0.07703503966331482,0.15839743614196777,0.17613672278169945
812,4060,4074,-0.4223708510398865,-0.3673100471496582,99.49067687988281,-0.2635467052459717,0.0072434102185070515,50.382686614990234,0.722775399684906,0.7308948636054993,-49.10799026489258,0.3432386951431769,-0.21840927334652013,0.404639333486557,-0.1175602450966835,0.061400651931762695,0.10084902495145798,0.11807017358886734
813,4065,4079,-0.402794748544693,-0.2159203439950943,81.59722900390625,-0.13609983026981354,0.0994340032339096,34.89284133911133,0.7180103063583374,0.7451741695404053,-46.70438766479492,0.35094146138667215,-0.217748998807193,0.37089604139328003,-0.07470855861902237,0.019954591989517212,0.14304044842720032,0.14442560585894268
814,4070,4084,-0.34828490018844604,-0.09512446075677872,65.25630187988281,-0.004156929906457663,0.14695531129837036,18.96971893310547,0.619635283946991,0.6536269187927246,-46.286582946777344,0.36389238841710847,-0.21120845311407094,0.3575180768966675,-0.13296979665756226,-0.0063742995262146,0.07823865115642548,0.07849788678191749
815,4075,4089,-0.24722878634929657,0.021929999813437462,47.43943786621094,0.1569039225578308,0.1602647751569748,2.3156368732452393,0.6099768280982971,0.6347973942756653,-45.123802185058594,0.37523515867354607,-0.20410376224681342,0.3489350974559784,-0.23350468277931213,-0.02630007266998291,-0.029400914907455444,0.03944752995869092
816,4080,4094,-0.1165439710021019,0.10832378268241882,30.585826873779297,0.3191596269607544,0.12727245688438416,-13.928401947021484,0.6047073602676392,0.6412710547447205,-44.51422882080078,0.38472488209940037,-0.2053860976743134,0.3724929094314575,-0.203961580991745,-0.012231975793838501,0.0014245212078094482,0.012314645447293637
817,4085,4099,0.04158046096563339,0.1556013822555542,15.423965454101562,0.4779817461967468,0.06381528824567795,-22.33013343811035,0.7710339426994324,0.8012451529502869,-37.75409698486328,0.39627258578577634,-0.2045453496335865,0.3923068940639496,-0.14388331770896912,-0.003965705633163452,0.060662031173706055,0.06079151953429516
818,4090,4104,0.20599308609962463,0.1553378850221634,-0.9369868040084839,0.6439175009727478,-0.002989117056131363,-22.135738372802734,0.7787542343139648,0.8406252861022949,-21.19875144958496,0.44045494347380937,-0.1511445477644595,0.42340973019599915,-0.1266123652458191,-0.017045199871063232,0.02453218400478363,0.029872510619113616
819,4095,4109,0.3432254195213318,0.11916570365428925,-15.473284721374512,0.7761976718902588,-0.11186032742261887,-40.86273956298828,0.6724025011062622,0.798831045627594,-25.389453887939453,0.4789143629973424,-0.10714022507379749,0.3721812963485718,-0.1260826289653778,-0.1067330539226532,-0.018942400813102722,0.10840091949896104
820,4100,4114,0.5023418664932251,0.05460168048739433,-22.358274459838867,0.8632857203483582,-0.23929962515830994,-57.544464111328125,0.6663593649864197,0.6940388679504395,-35.186187744140625,0.4456084506334762,-0.13450481497281871,0.37848857045173645,-0.092197485268116,-0.06711986660957336,0.04230732470750809,0.0793409491851052
821,4105,4119,0.6663541793823242,-0.01683589071035385,-26.13638687133789,0.9107745289802551,-0.4106234908103943,-77.10875701904297,0.719391942024231,0.7011023163795471,-50.97237014770508,0.39289501360827706,-0.24585256497336672,0.3756345212459564,-0.16412535309791565,-0.017260491847991943,0.08172720670700073,0.08352999996985168
822,4110,4124,0.7955670952796936,-0.13282041251659393,-42.536922454833984,0.9314512014389038,-0.5952478051185608,-84.60302734375,0.8496058583259583,0.8817221522331238,-42.066104888916016,0.4127561416734383,-0.24886931804621404,0.4413704574108124,-0.21326544880867004,0.028614312410354614,0.03560386598110199,0.045677282619674804
823,4115,4129,0.8823351263999939,-0.28636327385902405,-61.649383544921875,0.9158388376235962,-0.7864945530891418,-95.33697509765625,0.8356935381889343,0.9094880223274231,-33.687591552734375,0.456054370319647,-0.20801003973922144,0.4258224070072174,-0.12471441179513931,-0.030231952667236328,0.08329562097787857,0.08861225330711561
824,4120,4134,0.9163728356361389,-0.43564537167549133,-78.09822082519531,0.945428192615509,-0.9843918085098267,-78.96675109863281,0.699876070022583,0.9570353031158447,-0.8685302734375,0.5429420532483759,-0.08473974999876353,0.48645421862602234,-0.07648328691720963,-0.056487828493118286,0.008256465196609497,0.057088037147994236
825,4125,4139,0.9312196373939514,-0.6218499541282654,-86.41285705566406,1.0522289276123047,-1.1183044910430908,-51.28557586669922,0.7365822196006775,0.8418236374855042,35.127281188964844,0.5030530152471929,0.08971075405530221,0.42904195189476013,0.07599931955337524,-0.07401105761528015,-0.013711437582969666,0.07527044685614662
826,4130,4144,0.9121270775794983,-0.8136016726493835,-97.21305084228516,1.1866074800491333,-1.272228717803955,-52.62386703491211,0.7669354677200317,0.8128251433372498,44.58918380737305,0.4205339853422429,0.3298930509411747,0.45721396803855896,0.1434367597103119,0.036679983139038086,-0.18645629286766052,0.1900299195206663
827,4135,4149,0.9564999341964722,-0.9988768100738525,-73.82283020019531,1.2618893384933472,-1.4694346189498901,-71.16608428955078,0.897618293762207,0.8275221586227417,2.6567459106445312,0.5370100339254735,0.16219606411494567,0.46284207701683044,0.051975544542074203,-0.07416793704032898,-0.1102205216884613,0.13285121860974694
828,4140,4154,1.0968945026397705,-1.1547876596450806,-45.312767028808594,1.275771975517273,-1.679738998413086,-87.49754333496094,0.9625919461250305,0.9916101694107056,-42.184776306152344,0.4990105366737712,-0.2419907904568221,0.45039692521095276,-0.1526269018650055,-0.04861360788345337,0.08936388790607452,0.10173095562873481
829,4145,4159,1.2133173942565918,-1.3270318508148193,-57.872314453125,1.2258909940719604,-1.8850724697113037,-105.10194396972656,0.9822180867195129,0.985668957233429,-47.22962951660156,0.47927183493137004,-0.2861222395973546,0.4606485068798065,-0.2793709933757782,-0.018623322248458862,0.00675123929977417,0.019809274687700155
830,4150,4164,1.267899990081787,-1.4996181726455688,-73.745849609375,1.146063208580017,-2.053960084915161,-116.05007934570312,0.8346372842788696,0.8509242534637451,-42.304229736328125,0.49808269473257,-0.2721264159051081,0.4687313735485077,-0.20755308866500854,-0.02935132384300232,0.06457331776618958,0.07093104805844963
831,4155,4169,1.2725825309753418,-1.7120492458343506,-91.28471374511719,1.0588842630386353,-2.2530388832092285,-111.06593322753906,0.8349251747131348,0.866450846195221,-19.781219482421875,0.545644891641114,-0.20151523439211086,0.4874793589115143,-0.140053391456604,-0.058165520429611206,0.061461836099624634,0.08462142201348687
832,4160,4174,1.2140066623687744,-1.9149638414382935,-108.71814727783203,1.087188959121704,-2.4726648330688477,-78.22537231445312,0.8358834385871887,0.8730272650718689,30.492774963378906,0.5689008990432051,0.05886334165164707,0.5051531791687012,0.08181939274072647,-0.06374770402908325,0.02295605093240738,0.06775507393096755
833,4165,4179,1.1155095100402832,-2.1060309410095215,-118.0014877319336,1.1854575872421265,-2.6720783710479736,-61.98809814453125,1.0125648975372314,1.0586812496185303,56.013389587402344,0.46694307861996354,0.3275157826521982,0.43653765320777893,0.15767525136470795,-0.030405431985855103,-0.16984052956104279,0.17254070759047532
834,4170,4184,1.054797649383545,-2.317272663116455,-104.22550201416016,1.2261003255844116,-2.8958306312561035,-81.40143585205078,1.0486010313034058,1.0583038330078125,22.824066162109375,0.5187213828471509,0.3082240359683147,0.39864614605903625,0.11112111806869507,-0.12007525563240051,-0.19710290431976318,0.23079779441422757
835,4175,4189,1.0950548648834229,-2.502140760421753,-76.78357696533203,1.2097420692443848,-3.088484048843384,-95.76343536376953,0.8970260620117188,0.8877677321434021,-18.9798583984375,0.5970339804886586,-0.022406089866211606,0.42731770873069763,0.0036209970712661743,-0.1697162687778473,0.02602708712220192,0.1717003819213609
836,4180,4194,1.1973316669464111,-2.7055745124816895,-62.64155578613281,1.1286834478378296,-3.2949843406677246,-113.66277313232422,0.8937373161315918,0.8831011056900024,-51.021217346191406,0.4919360234652864,-0.33183651451615814,0.4527938663959503,-0.09970966726541519,-0.03914216160774231,0.2321268618106842,0.2354038843974396
837,4185,4199,1.2259513139724731,-2.9278876781463623,-84.87718963623047,0.993453323841095,-3.456930637359619,-133.1431121826172,0.8909695148468018,0.8270384669303894,-48.26592254638672,0.5061698095973953,-0.27880798403271495,0.3755508363246918,-0.2374599575996399,-0.13061895966529846,0.041348040103912354,0.13700720070302733
838,4190,4204,1.1931262016296387,-3.1479201316833496,-99.88878631591797,0.8119643330574036,-3.5535149574279785,-154.69007873535156,1.0478047132492065,0.9479458332061768,-54.801292419433594,0.46502821311993936,-0.3058435772200717,0.38290396332740784,-0.2305123209953308,-0.082124263048172,0.07533127069473267,0.11144144168884589
839,4195,4209,1.0962802171707153,-3.34721302986145,-117.69320678710938,0.5962097644805908,-3.5732076168060303,-170.86846923828125,1.0191547870635986,0.9382462501525879,-53.175262451171875,0.4325078960127646,-0.33775868733249337,0.3432743549346924,-0.2426450550556183,-0.08923354744911194,0.09511363506317139,0.1304194370685714
840,4200,4214,0.9677736163139343,-3.4798312187194824,-135.1085968017578,0.41402456164360046,-3.5042107105255127,174.6154022216797,0.8718897104263306,0.8576198220252991,-50.2760009765625,0.40950737909212687,-0.37354533144468877,0.4464258849620819,-0.15203192830085754,0.03691849112510681,0.22151339054107666,0.22456882503134343
841,4205,4219,0.7748549580574036,-3.559161424636841,-154.69007873535156,0.256533682346344,-3.3839848041534424,140.0342559814453,0.9479458332061768,0.916244387626648,-65.27566528320312,0.3936763283159579,-0.37995097281411316,0.42671850323677063,-0.22345387935638428,0.03304216265678406,0.15649709105491638,0.15994725387354472
842,4210,4224,0.5597727298736572,-3.559408187866211,-170.86846923828125,0.13038739562034607,-3.196413993835449,121.21719360351562,0.9382462501525879,0.9072011113166809,-67.91433715820312,0.36633587232654996,-0.4265378984552436,0.46948471665382385,-0.3769659399986267,0.10314884781837463,0.04957196116447449,0.11444240533976195
843,4215,4229,0.3842129409313202,-3.490990400314331,171.68394470214844,0.06382680684328079,-2.9701883792877197,103.86127471923828,0.8645937442779541,0.9258963465690613,-67.82266998291016,0.39234278476077467,-0.46898738153767844,0.4289797246456146,-0.3429499864578247,0.036636948585510254,0.1260373890399933,0.13125429302569855
844,4220,4234,0.2158760279417038,-3.337476968765259,136.6463623046875,0.05794757977128029,-2.733990430831909,90.31706237792969,1.0693206787109375,1.1084239482879639,-46.32929992675781,0.529127701541585,-0.33039563079174694,0.43620607256889343,-0.29878175258636475,-0.09292164444923401,0.03161388635635376,0.09815227871884744
845,4225,4239,0.10415749251842499,-3.1336307525634766,117.29966735839844,0.04962965101003647,-2.493901491165161,92.97602844238281,1.0777626037597656,1.1325098276138306,-24.323638916015625,0.5934850382626059,-0.24495371552036377,0.48186221718788147,-0.18779152631759644,-0.11162284016609192,0.057162195444107056,0.12540803417140067
846,4230,4244,0.059062790125608444,-2.935518980026245,101.18268585205078,-0.04611451178789139,-2.3304879665374756,122.86705780029297,0.9311919212341309,0.8703691959381104,21.684371948242188,0.6139416425473216,-0.01415806779599224,0.4955781400203705,0.07002025842666626,-0.11836352944374084,0.08417832851409912,0.14524433239822784
847,4235,4249,0.06032015010714531,-2.6995346546173096,88.83132934570312,-0.20256249606609344,-2.1892833709716797,140.79525756835938,0.9438526630401611,0.844517707824707,51.96392822265625,0.5047834586451221,0.27323491716461484,0.4640745222568512,0.21617314219474792,-0.04070892930030823,-0.05706176161766052,0.07009466144927308
848,4240,4254,0.0397658497095108,-2.4634063243865967,97.08130645751953,-0.3226989209651947,-2.0171098709106445,121.59483337402344,0.942431628704071,0.8512776494026184,24.513526916503906,0.48757602667639344,0.304681577024658,0.4781210720539093,0.2027851939201355,-0.009454965591430664,-0.10189637541770935,0.10233409841104724
849,4245,4259,-0.08357881754636765,-2.2863404750823975,127.37752532958984,-0.3875996768474579,-1.808569312095642,105.72907257080078,1.0040167570114136,1.040147304534912,-21.648452758789062,0.5642223643105553,-0.04844673521955106,0.4572093188762665,-0.013765476644039154,-0.10701301693916321,0.034681256860494614,0.1124925569619841
850,4250,4264,-0.24160945415496826,-2.1489455699920654,140.3521728515625,-0.39038020372390747,-1.5911675691604614,89.5927505493164,0.9674217700958252,1.0310537815093994,-50.759422302246094,0.4704503401648825,-0.3345527037370213,0.42190197110176086,-0.25388389825820923,-0.048548370599746704,0.08066880702972412,0.09415094643968916
851,4255,4269,-0.33633196353912354,-1.990605354309082,119.62451934814453,-0.3433690369129181,-1.4092884063720703,74.5786361694336,0.8392327427864075,0.8741440176963806,-45.04588317871094,0.5088077374069114,-0.2812358453599578,0.40345337986946106,-0.22526311874389648,-0.10535433888435364,0.05597272515296936,0.11929996933280862
852,4260,4274,-0.39171266555786133,-1.7786271572113037,102.41545867919922,-0.2744027078151703,-1.209574818611145,71.1949462890625,0.8622390627861023,0.8333650827407837,-31.22051239013672,0.5305231511340355,-0.2369121701447922,0.47051140666007996,-0.13001275062561035,-0.060011714696884155,0.10689942538738251,0.12259238577094737
853,4265,4279,-0.38563239574432373,-1.5625014305114746,86.143798828125,-0.29532483220100403,-1.0100185871124268,100.0295181274414,0.8397511839866638,0.7788794040679932,13.885719299316406,0.5573054305840867,-0.05294719373973757,0.4523680508136749,0.0741739422082901,-0.10493740439414978,0.12712113559246063,0.16483822965349418
854,4270,4284,-0.3232453465461731,-1.3530076742172241,72.21931457519531,-0.3760622441768646,-0.8358321189880371,115.69971466064453,1.0127660036087036,0.9094588160514832,43.48040008544922,0.47634239040402954,0.20822609516130275,0.4068199396133423,0.16849446296691895,-0.0695224404335022,-0.03973163664340973,0.0800747942500872
855,4275,4289,-0.2706618905067444,-1.1494688987731934,76.97770690917969,-0.4154132902622223,-0.6593331694602966,100.0274887084961,0.9953740835189819,0.8487735390663147,23.049781799316406,0.4449137916619004,0.25147110941276407,0.39817237854003906,0.12583883106708527,-0.04674142599105835,-0.12563227117061615,0.13404562082800323
856,4280,4294,-0.30435478687286377,-0.9848310947418213,103.39430236816406,-0.3897879123687744,-0.4827568531036377,80.1964340209961,0.7844495177268982,0.844496488571167,-23.19786834716797,0.5082079627451149,-0.033196831942477134,0.42502251267433167,-0.14629560708999634,-0.08318546414375305,-0.11309877038002014,0.14039641486264579
857,4285,4299,-0.3885425627231598,-0.8112982511520386,117.43630981445312,-0.3237270414829254,-0.3434055745601654,62.972904205322266,0.7343071699142456,0.7074871063232422,-54.46340560913086,0.3854012268304091,-0.27311261955385,0.39615949988365173,-0.18657171726226807,0.010758280754089355,0.08654090762138367,0.08720704843484081
858,4290,4304,-0.4159321188926697,-0.634059488773346,94.94353485107422,-0.2228580266237259,-0.1993170976638794,55.538787841796875,0.695026695728302,0.6908278465270996,-39.404747009277344,0.41648723895425604,-0.22981934540267365,0.3680914640426636,-0.15909570455551147,-0.048395782709121704,0.07072363793849945,0.08569705215049396
859,4295,4309,-0.382179856300354,-0.45799168944358826,77.97489166259766,-0.15177975594997406,-0.04828590899705887,66.71624755859375,0.8416326642036438,0.6436060070991516,-11.258644104003906,0.44871699608259974,-0.13998605753597393,0.38135209679603577,-0.09322036057710648,-0.067364901304245,0.04676569253206253,0.08200646270711887
860,4300,4314,-0.29393142461776733,-0.30287966132164,59.01324462890625,-0.05068809166550636,0.07650314271450043,49.34734344482422,0.8367393612861633,0.7642406225204468,-9.665901184082031,0.45047106004538695,-0.013207785259084448,0.3627619743347168,-0.14779728651046753,-0.08770909905433655,-0.13458950817584991,0.1606462628508382
861,4305,4319,-0.19803571701049805,-0.15577496588230133,57.50593566894531,0.08846188336610794,0.1642909198999405,30.965980529785156,0.8237705230712891,0.7815298438072205,-26.539955139160156,0.4238686559690251,-0.0697022559246818,0.33332559466362,-0.20882201194763184,-0.09054306149482727,-0.13911975920200348,0.1659890158573136
862,4310,4324,-0.14121194183826447,-0.0289166197180748,66.50895690917969,0.22492650151252747,0.20453117787837982,15.482592582702637,0.6372328996658325,0.6675415635108948,-51.026363372802734,0.3600450745454429,-0.2427401607288661,0.3287716209888458,-0.21493136882781982,-0.031273454427719116,0.027808785438537598,0.041849223402701814
863,4315,4329,-0.03338189050555229,0.09117822349071503,45.55572509765625,0.3949829041957855,0.2051766961812973,-2.2854957580566406,0.6363559365272522,0.6708123087882996,-47.84122085571289,0.3813346831980438,-0.22599977639558214,0.34851765632629395,-0.17073169350624084,-0.03281703591346741,0.05526807904243469,0.06427688859291976
864,4320,4334,0.10795967280864716,0.17213167250156403,27.317829132080078,0.5592889189720154,0.15246796607971191,-21.16938591003418,0.6326259970664978,0.6628412008285522,-48.487213134765625,0.39197031171798996,-0.22459744226878753,0.3815246522426605,-0.17568665742874146,-0.010445654392242432,0.04891078174114227,0.05001376076853079
865,4325,4339,0.27311405539512634,0.21004055440425873,11.943643569946289,0.6998580098152161,0.050226978957653046,-37.114315032958984,0.799553394317627,0.8169936537742615,-49.057960510253906,0.38443230587907584,-0.2446683185641903,0.3919084072113037,-0.1669817566871643,0.007476091384887695,0.07768656313419342,0.078045461328627
866,4330,4344,0.4469051659107208,0.1959896832704544,-6.200289726257324,0.8002079725265503,-0.09214159846305847,-55.93476104736328,0.8280119895935059,0.8227223753929138,-49.73447036743164,0.3823555756816383,-0.24828759737079842,0.3797427713871002,-0.12122712284326553,-0.0026127994060516357,0.12706047296524048,0.12708733418750615
867,4335,4349,0.5814038515090942,0.13985967636108398,-23.271188735961914,0.8473503589630127,-0.23217590153217316,-73.47893524169922,0.7015728950500488,0.6765578985214233,-50.20774841308594,0.3912956269068098,-0.23669756509391812,0.3821430802345276,-0.19163388013839722,-0.00915256142616272,0.04506368935108185,0.045983752332649945
868,4340,4354,0.7164194583892822,0.031775400042533875,-41.30777359008789,0.8591039180755615,-0.4099043607711792,-87.2613754272461,0.680758535861969,0.7139259576797485,-45.9536018371582,0.3987353445631746,-0.23759209647543728,0.41217711567878723,-0.2127094268798828,0.013441771268844604,0.02488267421722412,0.028281242742221324
869,4345,4359,0.8123701214790344,-0.11424384266138077,-58.452049255371094,0.8720841407775879,-0.6011582612991333,-84.19926452636719,0.6963602304458618,0.7689030766487122,-25.747215270996094,0.4461928226257149,-0.20387100694070281,0.44373181462287903,-0.13053250312805176,-0.0024610161781311035,0.07333850860595703,0.07337978907829497
870,4350,4364,0.8529018759727478,-0.28024789690971375,-77.12220001220703,0.9473761320114136,-0.7887209057807922,-66.58839416503906,0.818322479724884,0.9788156151771545,10.533805847167969,0.5167394383328875,-0.021226610262431125,0.4807880222797394,0.03856031596660614,-0.0359514057636261,0.059786926954984665,0.06976374567855112
871,4355,4369,0.8579546213150024,-0.46207356452941895,-88.74818420410156,1.0833964347839355,-0.951962411403656,-48.249244689941406,0.8581076860427856,1.0081490278244019,40.498939514160156,0.4946970578204318,0.21468561790613575,0.42483243346214294,0.1558341085910797,-0.06986463069915771,-0.05885151028633118,0.09134860089630183
872,4360,4374,0.8766640424728394,-0.6254056692123413,-82.47329711914062,1.2027443647384644,-1.121049404144287,-56.88136672973633,0.7542164325714111,0.978163480758667,25.591930389404297,0.5340859184694954,0.2583472861067797,0.46619150042533875,0.1268821358680725,-0.06789442896842957,-0.1314651370048523,0.1479619401489914
873,4365,4379,0.9613386392593384,-0.815211832523346,-63.7651252746582,1.2565293312072754,-1.2971489429473877,-74.12847137451172,0.8263266682624817,0.8445194959640503,-10.363346099853516,0.5627821225071206,0.05174172013914016,0.4295211136341095,0.02943871170282364,-0.13326099514961243,-0.022303007543087006,0.13511445878858422
874,4370,4384,1.1055728197097778,-0.9720944762229919,-43.945037841796875,1.2638992071151733,-1.5135228633880615,-91.10250854492188,0.8485408425331116,0.8468396663665771,-47.157470703125,0.4897299027894765,-0.27995814989176815,0.46126487851142883,-0.14373153448104858,-0.02846503257751465,0.136226624250412,0.13916878685359696
875,4375,4389,1.2145365476608276,-1.1494536399841309,-60.41635513305664,1.2038516998291016,-1.7194592952728271,-107.32539367675781,0.9943673014640808,1.0159975290298462,-46.90903854370117,0.4904223339709082,-0.2907000986873072,0.48158547282218933,-0.28707045316696167,-0.008836865425109863,0.0036296546459198,0.009553249886303053
876,4380,4394,1.2668617963790894,-1.3595805168151855,-77.16064453125,1.1092793941497803,-1.9147818088531494,-116.37564086914062,1.0396257638931274,1.0223098993301392,-39.214996337890625,0.5063018774554129,-0.27701822513709873,0.4481230080127716,-0.1490640640258789,-0.058178871870040894,0.1279541552066803,0.14055976297193257
877,4385,4399,1.2588629722595215,-1.5431137084960938,-93.56997680664062,1.0714975595474243,-2.1394739151000977,-97.67753601074219,0.8505698442459106,1.0710763931274414,-4.1075592041015625,0.6068697495492832,-0.1498679451501722,0.509970486164093,-0.05997937172651291,-0.09689927101135254,0.08988858014345169,0.13217195452416253
878,4390,4404,1.1918549537658691,-1.7482566833496094,-109.93377685546875,1.1190109252929688,-2.3408584594726562,-76.6125717163086,0.8527540564537048,0.9292237758636475,33.321205139160156,0.581932398011034,0.13355823334215677,0.5136512517929077,0.16226407885551453,-0.06828117370605469,0.02870585024356842,0.07406986243326358
879,4395,4409,1.0975145101547241,-1.9464784860610962,-115.1287841796875,1.1982957124710083,-2.5551393032073975,-70.68899536132812,0.870993435382843,0.8779137134552002,44.439788818359375,0.5082572929912089,0.3497132613881942,0.46415266394615173,0.14049404859542847,-0.04410460591316223,-0.20921921730041504,0.2138174388363906
880,4400,4414,1.0798932313919067,-2.176499605178833,-91.75933074951172,1.2039422988891602,-2.788801431655884,-90.58524322509766,1.0812042951583862,0.9164342880249023,1.1740875244140625,0.6082047237484483,0.14278904672328432,0.5415599346160889,-0.025085046887397766,-0.06664478778839111,-0.16787409782409668,0.18061904788702124
881,4405,4419,1.1455098390579224,-2.4044992923736572,-73.5733642578125,1.142338752746582,-3.0109074115753174,-106.50703430175781,1.1219902038574219,1.0772446393966675,-32.93367004394531,0.5807593826594873,-0.17452622231361106,0.4712508022785187,-0.10418403893709183,-0.10950860381126404,0.07034219056367874,0.13015436251616497
882,4410,4424,1.2056442499160767,-2.622185707092285,-75.95244598388672,1.0210142135620117,-3.1929080486297607,-124.9499740600586,1.0974326133728027,1.0251195430755615,-48.997528076171875,0.508839944132243,-0.3176383992996094,0.4919681251049042,-0.199064701795578,-0.01687183976173401,0.11857369542121887,0.11976802671326604
883,4415,4429,1.197989821434021,-2.823117256164551,-93.13378143310547,0.8733749389648438,-3.3024537563323975,-144.88172912597656,0.921094536781311,0.8250246047973633,-51.747947692871094,0.49636560256807943,-0.29792531094364116,0.3833450376987457,-0.26585468649864197,-0.11302056908607483,0.03207063674926758,0.1174826573501114
884,4420,4434,1.1277871131896973,-3.0401368141174316,-110.54447937011719,0.6703314185142517,-3.3587327003479004,-167.867431640625,0.901451587677002,0.8447830080986023,-57.32295227050781,0.45887015084153315,-0.3165552652865544,0.4661889970302582,-0.28416261076927185,0.007318854331970215,0.032392650842666626,0.03320917730609282
885,4425,4439,0.9960735440254211,-3.2161612510681152,-129.1505889892578,0.46986454725265503,-3.334470272064209,170.17410278320312,0.861269474029541,0.7872347831726074,-60.67529296875,0.42397509030289765,-0.3333737475211642,0.471975713968277,-0.2497989535331726,0.04800063371658325,0.0835748016834259,0.09637846395132867
886,4430,4444,0.8204975724220276,-3.3264505863189697,-149.67372131347656,0.27162736654281616,-3.2223780155181885,149.88076782226562,0.9678927659988403,1.063375473022461,-60.44549560546875,0.421216340795627,-0.3669692046231043,0.447438508272171,-0.23110780119895935,0.026222169399261475,0.13586139678955078,0.13836878732435046
887,4435,4449,0.610898494720459,-3.3588967323303223,-173.12957763671875,0.1375400274991989,-3.0621848106384277,132.91436767578125,0.9968580007553101,0.8728315234184265,-53.9560546875,0.4344654067951895,-0.35120649076471616,0.45496276021003723,-0.3414613604545593,0.02049735188484192,0.009745121002197266,0.022696008848220404
888,4440,4454,0.4388640522956848,-3.319396734237671,165.18301391601562,0.04529660940170288,-2.859200954437256,115.59130096435547,0.804839015007019,1.003983497619629,-49.591712951660156,0.4981673464510578,-0.34424523639715265,0.4178162217140198,-0.324954092502594,-0.08035111427307129,0.01929113268852234,0.08263443208088464
889,4445,4459,0.24567116796970367,-3.1999359130859375,144.39450073242188,0.00947801023721695,-2.6224451065063477,96.9638442993164,0.8918349146842957,0.9517026543617249,-47.43065643310547,0.5282513630633103,-0.3320140559461166,0.47565487027168274,-0.30872103571891785,-0.052596479654312134,0.023293018341064453,0.05752351150150376
890,4450,4464,0.11150994896888733,-3.018216371536255,132.91436767578125,0.0025288828182965517,-2.3822152614593506,91.70490264892578,0.8728315234184265,0.945422887802124,-41.20946502685547,0.5399952194142933,-0.35324134477130287,0.49908527731895447,-0.28688687086105347,-0.040909916162490845,0.06635448336601257,0.07795215650123137
891,4455,4469,0.030457500368356705,-2.7942054271698,106.9935531616211,-0.06722786277532578,-2.1620283126831055,109.46747589111328,1.035443663597107,1.0814759731292725,2.4739227294921875,0.6331247001645381,-0.09134248202568475,0.4863809049129486,-0.04689411073923111,-0.1467438042163849,0.0444483682513237,0.15332775846565416
892,4460,4474,0.007643070071935654,-2.5540342330932617,94.69729614257812,-0.21111835539340973,-1.9965614080429077,132.0039825439453,1.1323294639587402,1.0316120386123657,37.30668640136719,0.573515110915601,0.17237439230528961,0.4489918649196625,0.2035858929157257,-0.12452325224876404,0.031211495399475098,0.12837522267042334
893,4465,4479,-0.0016959687927737832,-2.347419023513794,93.0347900390625,-0.33003708720207214,-1.8218566179275513,122.7509765625,0.9471403956413269,1.0012770891189575,29.7161865234375,0.5422084816639713,0.3000561612272299,0.47381284832954407,0.24113750457763672,-0.06839564442634583,-0.058918654918670654,0.09027387259844635
894,4470,4484,-0.08560264110565186,-2.13594126701355,116.49209594726562,-0.37557002902030945,-1.6411386728286743,103.00308990478516,0.8988702893257141,0.8516726493835449,-13.489006042480469,0.5721933109022139,0.03880087917682318,0.475843220949173,-0.06166497617959976,-0.09635010361671448,-0.10046585649251938,0.13920032610495967
895,4475,4489,-0.23154987394809723,-1.9749664068222046,132.47303771972656,-0.3699904680252075,-1.4263677597045898,85.85418701171875,0.8169211745262146,0.8521654605865479,-46.61885070800781,0.49812478260850934,-0.26832438327316754,0.44304516911506653,-0.23589292168617249,-0.05507960915565491,0.032431453466415405,0.06391840516380216
896,4480,4494,-0.3407283127307892,-1.7920175790786743,118.57250213623047,-0.3139125108718872,-1.229857087135315,72.5500259399414,0.9922608733177185,0.8157095909118652,-46.02247619628906,0.48087122883164973,-0.2924147178465457,0.42156800627708435,-0.231206476688385,-0.059303224086761475,0.061208248138427734,0.08522512556318113
897,4485,4499,-0.38119179010391235,-1.5809015035629272,99.72593688964844,-0.26580294966697693,-1.0338668823242188,77.46443176269531,1.0125784873962402,0.9551108479499817,-22.261505126953125,0.5196788648783197,-0.2061439757304077,0.4423067271709442,-0.08447442203760147,-0.07737216353416443,0.12166955322027206,0.14418714183580345
898,4490,4504,-0.35838693380355835,-1.3713425397872925,82.63568878173828,-0.3037177622318268,-0.8514124155044556,103.22303771972656,0.9886307120323181,0.8947725892066956,20.58734893798828,0.5226487002305543,0.0124253210991856,0.4390098750591278,0.05118951201438904,-0.08363881707191467,0.038764189928770065,0.09218521650472468
899,4495,4509,-0.30349433422088623,-1.2033836841583252,71.49156188964844,-0.37538057565689087,-0.7172260284423828,119.77218627929688,0.8079604506492615,0.6944629549980164,48.28062438964844,0.4381922030703446,0.22249604735224887,0.3916138708591461,0.17975488305091858,-0.04657831788063049,-0.042741164565086365,0.06321666587988374
900,4500,4514,-0.2665046155452728,-1.0097850561141968,82.26193237304688,-0.41851112246513367,-0.5503311157226562,100.42768859863281,0.7617985606193542,0.6632042527198792,18.165756225585938,0.43480328353667036,0.21248530799333126,0.36917153000831604,0.12310924381017685,-0.06563174724578857,-0.0893760696053505,0.11088556292248118
901,4505,4519,-0.3126828670501709,-0.826825737953186,106.97244262695312,-0.40171244740486145,-0.3873569667339325,81.50654602050781,0.7337995171546936,0.6222854256629944,-25.465896606445312,0.4463166039203992,-0.043134164186343624,0.4096902906894684,-0.057428814470767975,-0.03662630915641785,-0.01429465040564537,0.03931696265787981
902,4510,4524,-0.3966863453388214,-0.6689221858978271,119.59913635253906,-0.33100026845932007,-0.23406179249286652,63.844322204589844,0.8360527753829956,0.8031209707260132,-55.75481414794922,0.3456679152282135,-0.2719042621765377,0.41638022661209106,-0.16384083032608032,0.07071229815483093,0.10806342959403992,0.12914307540849307
903,4515,4529,-0.41842323541641235,-0.4992589056491852,95.97795867919922,-0.21812668442726135,-0.11295107007026672,45.82758331298828,0.80512934923172,0.7876037955284119,-50.15037536621094,0.3633470479751178,-0.23943971035646044,0.37503716349601746,-0.16612684726715088,0.011690109968185425,0.07331286370754242,0.07423903727870505
904,4520,4534,-0.39536845684051514,-0.36513108015060425,78.7035140991211,-0.09662944078445435,-0.03405407816171646,32.2477912902832,0.6327961087226868,0.6616213321685791,-46.45572280883789,0.3831817377665143,-0.22809809673857306,0.36191698908805847,-0.11611675471067429,-0.021264761686325073,0.1119813397526741,0.11398250103581702
905,4525,4539,-0.3179117739200592,-0.2156612128019333,59.96765899658203,0.05164831876754761,0.04330366104841232,27.72787857055664,0.6608210802078247,0.6496359705924988,-32.23978042602539,0.40915770047252276,-0.1903350737009815,0.35962143540382385,-0.17225053906440735,-0.04953625798225403,0.018084540963172913,0.05273415853821036
906,4530,4544,-0.19836856424808502,-0.09824120998382568,41.87186050415039,0.2154659926891327,0.08313055336475372,11.191516876220703,0.6558910012245178,0.6550080180168152,-30.680343627929688,0.42921719960596033,-0.141164318973474,0.33916595578193665,-0.2561701238155365,-0.09005123376846313,-0.11500580608844757,0.14606697141132213
907,4535,4549,-0.05290379002690315,-0.011652329936623573,30.149517059326172,0.3842792212963104,0.07547180354595184,-3.9007856845855713,0.7998273968696594,0.7916247844696045,-34.0503044128418,0.42179869974857764,-0.1442410009753508,0.37416234612464905,-0.1930868923664093,-0.04763635993003845,-0.048845887184143066,0.06822861190285352
908,4540,4554,0.09863830357789993,0.06001602113246918,24.580154418945312,0.5464432835578918,0.0166211798787117,-21.28864097595215,0.7843533754348755,0.8210998177528381,-45.868797302246094,0.3891742364757056,-0.22573398653877003,0.3600345253944397,-0.15457642078399658,-0.029139697551727295,0.0711575597524643,0.07689291438963455
909,4545,4559,0.24068088829517365,0.08526332676410675,8.86719799041748,0.6840977668762207,-0.08735352754592896,-38.61613082885742,0.6631504893302917,0.8045635223388672,-47.48332977294922,0.4115093151545772,-0.23890417191483904,0.3436099588871002,-0.18354567885398865,-0.06789934635162354,0.05535849928855896,0.08760641916240565
910,4550,4564,0.40733954310417175,0.07082369923591614,-7.3702569007873535,0.774487316608429,-0.21306101977825165,-55.62507247924805,0.6570967435836792,0.7063068747520447,-48.25481414794922,0.40053131116391366,-0.23444121138524004,0.35699462890625,-0.1806374490261078,-0.04353669285774231,0.05380375683307648,0.06921190558236505
911,4555,4569,0.5697993040084839,0.003942419774830341,-24.730833053588867,0.8304052352905273,-0.3835298717021942,-75.2912368774414,0.6969558596611023,0.7029545903205872,-50.560401916503906,0.39880531270971853,-0.24290853952732577,0.367798388004303,-0.17908993363380432,-0.031006932258605957,0.06381860375404358,0.07095240681756612
912,4560,4574,0.7019809484481812,-0.10706867277622223,-41.20866012573242,0.8781911730766296,-0.5627868175506592,-76.10929107666016,0.8208819031715393,0.733018159866333,-34.900630950927734,0.43279422725238825,-0.2267559066016371,0.4055180251598358,-0.19800415635108948,-0.027276188135147095,0.02875174582004547,0.03963146889637629
913,4565,4579,0.7979535460472107,-0.25990840792655945,-59.24094009399414,0.9067675471305847,-0.7529504895210266,-82.4749755859375,0.8518680334091187,0.9006696343421936,-23.23403549194336,0.479334292018044,-0.15864935408106223,0.4282030165195465,-0.17492243647575378,-0.05113127827644348,-0.016273081302642822,0.053658371138765704
914,4570,4584,0.8461955189704895,-0.43340837955474854,-75.26950073242188,0.9078590273857117,-0.9486530423164368,-90.0736312866211,0.8531907200813293,0.9203476905822754,-14.804130554199219,0.5139892307511339,-0.0713759164308081,0.4611738622188568,-0.13578030467033386,-0.05281534790992737,-0.06440439075231552,0.083290975039458
915,4575,4589,0.8853219151496887,-0.590602695941925,-76.13160705566406,0.9112197160720825,-1.0908321142196655,-87.82428741455078,0.7420483827590942,0.6362783312797546,-11.692680358886719,0.49185466695183344,-0.09475839593832082,0.455470472574234,-0.15072518587112427,-0.03638419508934021,-0.05596678704023361,0.06675395796434867
916,4580,4594,0.9080740809440613,-0.7813172340393066,-84.44810485839844,0.9836814403533936,-1.2282707691192627,-59.085693359375,0.7588385939598083,0.6097936630249023,25.362411499023438,0.45217167320076934,0.03201114293707883,0.4713379442691803,-0.0388261079788208,0.019166260957717896,-0.07083725184202194,0.07338434306873219
917,4585,4599,0.9068277478218079,-0.9752285480499268,-91.59928131103516,1.0976227521896362,-1.3373092412948608,-40.10349655151367,0.7665796875953674,0.6214824914932251,51.495784759521484,0.3566147333333315,0.20082602939372318,0.4261030852794647,0.06291486322879791,0.06948834657669067,-0.13791117072105408,0.15442836954269124
918,4590,4604,0.9267205595970154,-1.1331499814987183,-81.49481201171875,1.1958757638931274,-1.465914249420166,-54.57907485961914,0.7295176982879639,0.7682574391365051,26.91573715209961,0.36891246045807646,0.2169796730658128,0.43652620911598206,0.14392779767513275,0.06761375069618225,-0.07305186986923218,0.09953991648879719
919,4595,4609,1.0111935138702393,-1.2645200490951538,-55.874168395996094,1.2613471746444702,-1.6271488666534424,-68.43896484375,0.7396149039268494,0.8238845467567444,-12.564796447753906,0.44052612266291324,0.0036398590702713673,0.4507615864276886,0.05937137454748154,0.010235458612442017,0.05573151633143425,0.05666362612477193
920,4600,4614,1.1149183511734009,-1.3520841598510742,-39.114070892333984,1.2866135835647583,-1.782256007194519,-82.03427124023438,0.6143380403518677,0.7281860113143921,-42.92020034790039,0.40459782432633373,-0.2254499315218158,0.4387076199054718,-0.02241012454032898,0.034109801054000854,0.20303981006145477,0.20588502373347886
921,4605,4619,1.2062978744506836,-1.4878334999084473,-58.64813995361328,1.271592140197754,-1.969096064567566,-97.40816497802734,0.6489353179931641,0.7399821877479553,-38.76002502441406,0.4449646780243882,-0.1946366681598663,0.4949164092540741,-0.1777350902557373,0.04995173215866089,0.01690158247947693,0.05273366131761721
922,4610,4624,1.2682658433914185,-1.651136040687561,-70.90042114257812,1.2076826095581055,-2.141258955001831,-112.24358367919922,0.6847257614135742,0.7295500040054321,-41.343162536621094,0.44331879581924516,-0.21762179263802967,0.47911617159843445,-0.28333157300949097,0.03579738736152649,-0.06570978462696075,0.07482799434458165
923,4615,4629,1.2889395952224731,-1.835676908493042,-84.65065002441406,1.1121617555618286,-2.307520866394043,-120.88766479492188,0.8703245520591736,0.9039274454116821,-36.23701477050781,0.4533082900495992,-0.2199970894695531,0.48691269755363464,-0.20413264632225037,0.03360441327095032,0.015864446759223938,0.037160964226740305
924,4620,4634,1.2578948736190796,-2.018484592437744,-100.83867645263672,1.0229792594909668,-2.4786858558654785,-116.3518295288086,0.8782151937484741,0.9227937459945679,-15.513153076171875,0.49616607395089396,-0.1441866002159263,0.40025681257247925,-0.0977092757821083,-0.09590926766395569,0.04647732526063919,0.10657733993311874
925,4625,4639,1.196532130241394,-2.1664793491363525,-112.71266174316406,1.0328203439712524,-2.6795921325683594,-85.44942474365234,0.7356078028678894,0.9322349429130554,27.26323699951172,0.536533058599522,0.047101534103932335,0.471628874540329,-0.10395433753728867,-0.06490418314933777,-0.15105587244033813,0.16440933546789394
926,4630,4644,1.0974540710449219,-2.3283400535583496,-122.65585327148438,1.0847865343093872,-2.854848861694336,-73.44391632080078,0.7487672567367554,0.8152514696121216,49.211936950683594,0.4501171695321347,0.27343468182383607,0.43017497658729553,0.06558908522129059,-0.01994219422340393,-0.20784558355808258,0.2088000903137828
927,4635,4649,1.019372582435608,-2.510629177093506,-109.7280502319336,1.0805834531784058,-3.065646171569824,-93.27336120605469,0.799077570438385,0.829658567905426,16.454689025878906,0.5017783895386739,0.24496751345146137,0.4627628028392792,-0.010752305388450623,-0.03901556134223938,-0.2557198405265808,0.2586790499166679
928,4640,4654,1.0425485372543335,-2.712766647338867,-81.54328918457031,1.0217376947402954,-3.263308525085449,-109.18353271484375,0.9542691707611084,0.80209881067276,-27.640243530273438,0.5414954904861558,-0.10154843229727444,0.502156138420105,-0.012836717069149017,-0.03933936357498169,0.08871171623468399,0.09704305293934075
929,4645,4659,1.089196801185608,-2.9150452613830566,-77.8780746459961,0.9042401313781738,-3.432011604309082,-126.78224182128906,0.9822584986686707,0.955175518989563,-48.90416717529297,0.46659996545555593,-0.2893918479526316,0.4242432415485382,-0.17396509647369385,-0.04235672950744629,0.11542674899101257,0.1229529459476315
930,4650,4664,1.0696587562561035,-3.12557053565979,-96.90682220458984,0.7451841831207275,-3.544321060180664,-146.88499450683594,0.9974578022956848,0.9159435629844666,-49.978172302246094,0.4547313691799667,-0.2717630075665273,0.3995361924171448,-0.19198033213615417,-0.05519518256187439,0.07978266477584839,0.09701433799585524
931,4655,4669,1.0082284212112427,-3.2929177284240723,-111.43384552001953,0.5846021175384521,-3.5846550464630127,-167.04110717773438,0.8169237971305847,0.795563280582428,-55.607261657714844,0.4263651650789233,-0.2877197489002931,0.37313857674598694,-0.27069833874702454,-0.053226590156555176,0.01702141761779785,0.05588200566741834
932,4660,4674,0.8846700191497803,-3.4533393383026123,-129.84434509277344,0.37211036682128906,-3.5311145782470703,-171.06019592285156,0.8027575016021729,0.9946116209030151,-41.215850830078125,0.3881139741625134,-0.3437061655008557,0.3480733633041382,-0.2312711775302887,-0.04004061222076416,0.112434983253479,0.11935190022041423
933,4665,4679,0.7255659699440002,-3.552217483520508,-149.85777282714844,0.19981025159358978,-3.4552433490753174,162.68748474121094,0.8754952549934387,0.868142306804657,-47.454742431640625,0.4059684539686819,-0.34786873507558425,0.3863513767719269,-0.13134562969207764,-0.019617080688476562,0.21652311086654663,0.21740995238043967
934,4670,4684,0.520996630191803,-3.587724447250366,-171.06019592285156,0.09741447120904922,-3.2881650924682617,159.78717041015625,0.9946116209030151,0.8731153011322021,-29.15264892578125,0.3718860188469064,-0.36174362156647083,0.33908984065055847,-0.18930888175964355,-0.03279617428779602,0.1724347472190857,0.17552587016284943
935,4675,4689,0.3348888158798218,-3.5169620513916016,-171.06019592285156,0.0005206018686294556,-3.106095552444458,159.78717041015625,0.9946116209030151,0.8731153011322021,-29.15264892578125,0.2664590764987703,-0.45783507184846556,0.38033080101013184,-0.2228122353553772,0.11387172341346741,0.23502284288406372,0.2611560952198139
936,4680,4694,0.17492957413196564,-3.4338207244873047,159.78717041015625,-0.05567830055952072,-2.9063961505889893,113.6165771484375,0.8731153011322021,0.9045706987380981,-46.17059326171875,0.39863562576465683,-0.41526654988867,0.4094317853450775,-0.3007582724094391,0.010796159505844116,0.11450827121734619,0.11501609121014739
937,4685,4699,0.07803569734096527,-3.25175142288208,159.78717041015625,-0.031961601227521896,-2.6830735206604004,81.6338882446289,0.8731153011322021,0.8969197869300842,-78.15328216552734,0.299706149217169,-0.4956512757055862,0.4324152171611786,-0.29372817277908325,0.1327090561389923,0.20192310214042664,0.24162912233279205
938,4690,4704,-0.01885817013680935,-3.0696816444396973,159.78717041015625,-0.003881300101056695,-2.4528961181640625,85.1094970703125,0.8731153011322021,0.9269417524337769,-74.67767333984375,0.19905001117464663,-0.583975842922913,0.511924147605896,-0.24455228447914124,0.3128741383552551,0.3394235670566559,0.46162602214889004
939,4695,4709,-0.05568886175751686,-2.844414472579956,95.27970123291016,-0.0928054079413414,-2.257587432861328,116.77819061279297,1.0431184768676758,1.0174989700317383,21.498489379882812,0.5877527278193478,-0.0170394684911171,0.47451451420783997,0.0037369653582572937,-0.11323818564414978,0.020776433870196342,0.11512839307634573
940,4700,4714,-0.018249189481139183,-2.6208174228668213,79.26422119140625,-0.2408675104379654,-2.112881660461426,136.16839599609375,1.0637279748916626,0.9774006605148315,56.9041748046875,0.45757581022370497,0.31334012820266177,0.440988689661026,0.18800592422485352,-0.016587108373641968,-0.12533420324325562,0.1264270329748375
941,4705,4719,-0.009456000290811062,-2.4227473735809326,88.3795166015625,-0.32950204610824585,-1.9809060096740723,121.50426483154297,0.9259910583496094,0.7289482355117798,33.12474822998047,0.43261407590613477,0.33241287319407675,0.4667793810367584,0.2150157392024994,0.03416529297828674,-0.11739712953567505,0.12226754789194161
942,4710,4724,-0.11267195641994476,-2.235952615737915,122.59102630615234,-0.38810810446739197,-1.7860056161880493,105.62992095947266,0.8311269283294678,0.8038105368614197,-16.961105346679688,0.5274575047224548,-0.010293831926974917,0.4571821391582489,-0.02337859570980072,-0.07027533650398254,-0.013084763661026955,0.07148310262441686
943,4715,4729,-0.2602437436580658,-2.0939064025878906,136.8333740234375,-0.3966621160507202,-1.5899170637130737,90.7123031616211,0.7851360440254211,0.743819534778595,-46.121070861816406,0.44428947587207335,-0.2742664537544726,0.43063536286354065,-0.24891790747642517,-0.013654112815856934,0.025348544120788574,0.028792073315961696
944,4720,4734,-0.34873268008232117,-1.9267487525939941,116.82713317871094,-0.3400721549987793,-1.3805043697357178,74.88111877441406,0.9227908253669739,0.9803822636604309,-41.946014404296875,0.48354480471366573,-0.25424860340494454,0.4089203178882599,-0.22554579377174377,-0.07462447881698608,0.02870279550552368,0.07995413252946164
945,4725,4739,-0.39498084783554077,-1.7251465320587158,101.50049591064453,-0.27758872509002686,-1.188639521598816,72.12043762207031,0.9770296812057495,0.950689435005188,-29.38005828857422,0.5023303272533546,-0.22200208349665235,0.46208104491233826,-0.15573006868362427,-0.040249258279800415,0.06627202033996582,0.07753698131869029
946,4730,4744,-0.38656413555145264,-1.5525858402252197,86.04476165771484,-0.2961823046207428,-0.9948550462722778,97.06005859375,0.7972553968429565,0.9147918820381165,11.015296936035156,0.5626366924705926,-0.051695900916012914,0.4536016881465912,0.02920176088809967,-0.10903498530387878,0.08089765906333923,0.13576840303305235
947,4735,4749,-0.3306574523448944,-1.3531440496444702,72.42880249023438,-0.358467161655426,-0.8480464816093445,114.34746551513672,0.7994239926338196,0.7269391417503357,41.918663024902344,0.47313551038700613,0.1789964300698815,0.4111248850822449,0.1775011569261551,-0.062010616064071655,-0.001495271921157837,0.06202864130999408
948,4740,4754,-0.27573925256729126,-1.1599197387695312,76.44815826416016,-0.4221333861351013,-0.6883416771888733,106.1180648803711,0.7939134240150452,0.6687572598457336,29.669906616210938,0.42414470950957256,0.25282083755553253,0.3756495714187622,0.1552712321281433,-0.04849514365196228,-0.09754961729049683,0.1089390049125971
949,4745,4759,-0.30397722125053406,-0.9684622287750244,100.36985778808594,-0.41762271523475647,-0.5146732330322266,86.32921600341797,0.9180576801300049,0.6779835224151611,-14.040641784667969,0.4668333235866991,0.030106460256416986,0.3954317271709442,-0.04148244112730026,-0.07140159606933594,-0.0715889036655426,0.10110963875557537
950,4750,4764,-0.38837724924087524,-0.8051543235778809,118.75485229492188,-0.3588702380657196,-0.35250183939933777,68.89027404785156,0.8753587007522583,0.8164277076721191,-49.86457824707031,0.3826393722582998,-0.2436227533283195,0.42019131779670715,-0.18967220187187195,0.037551939487457275,0.05395054817199707,0.06573286702501747
951,4755,4769,-0.4255148768424988,-0.6376900672912598,100.5135269165039,-0.2565884292125702,-0.21629488468170166,52.49966812133789,0.8136807084083557,0.8153690695762634,-48.013858795166016,0.3834971267494505,-0.24298147750461496,0.38602176308631897,-0.1459869146347046,0.002524644136428833,0.0969945639371872,0.0970274149989615
952,4760,4774,-0.4123321771621704,-0.49098169803619385,83.61497497558594,-0.17197108268737793,-0.09971009194850922,55.090187072753906,0.6790072917938232,0.6436913013458252,-28.52478790283203,0.4155749046838169,-0.19535714065216697,0.39933323860168457,-0.11145395785570145,-0.01624166965484619,0.08390318602323532,0.08546073050253422
953,4765,4779,-0.3468373417854309,-0.3339081406593323,64.68189239501953,-0.07189735770225525,0.024081440642476082,47.600337982177734,0.6614087224006653,0.6247637867927551,-17.081554412841797,0.44118008031952105,-0.09543935542503823,0.38133713603019714,-0.10831207782030106,-0.05984294414520264,-0.01287272572517395,0.06121180467492686
954,4770,4784,-0.2389484941959381,-0.19568492472171783,50.64185333251953,0.06497027724981308,0.10954809188842773,29.036853790283203,0.6866588592529297,0.635979950428009,-21.604999542236328,0.4287401680921735,-0.041420740727431654,0.33224886655807495,-0.1173207238316536,-0.09649130702018738,-0.07589998841285706,0.12276555124111933
955,4775,4789,-0.14849317073822021,-0.059802670031785965,57.403472900390625,0.21621909737586975,0.1495450884103775,13.487422943115234,0.7676330208778381,0.7322344183921814,-43.91604995727539,0.3728500450299672,-0.1944848704631581,0.3468548357486725,-0.1983773112297058,-0.025995194911956787,-0.0038924366235733032,0.02628499993112343
956,4780,4794,-0.03612828999757767,0.0534231998026371,43.67664337158203,0.39192935824394226,0.1454399675130844,-2.833571434020996,0.7568188905715942,0.8223789930343628,-46.510215759277344,0.3731377872051921,-0.2290603017211285,0.3471181392669678,-0.22955620288848877,-0.026019662618637085,-0.0004958957433700562,0.026024387704151518
957,4785,4799,0.08675724267959595,0.11849410086870193,26.522789001464844,0.5295431017875671,0.10059846937656403,-19.0081729888916,0.6350663304328918,0.6597745418548584,-45.53096008300781,0.3881943056408227,-0.2137399160674628,0.4190182387828827,-0.12923648953437805,0.030823945999145508,0.0845034271478653,0.08994967952523686
958,4790,4804,0.24258871376514435,0.15283165872097015,9.357370376586914,0.6699702739715576,0.0027987901121377945,-37.21570587158203,0.6321779489517212,0.6804641485214233,-46.57307434082031,0.3973004573098679,-0.21752521083554513,0.3403450846672058,-0.18082469701766968,-0.05695536732673645,0.03670051693916321,0.06775575112804287
959,4795,4809,0.41612520813941956,0.1396694779396057,-7.644083023071289,0.7763136625289917,-0.1362590491771698,-55.269588470458984,0.6764737367630005,0.7064717411994934,-47.62550354003906,0.3936913688975673,-0.22556458234381926,0.36538541316986084,-0.172511488199234,-0.02830594778060913,0.05305309593677521,0.06013200203082586
960,4800,4814,0.571443498134613,0.0776272565126419,-23.47766876220703,0.8299992084503174,-0.2953024208545685,-72.94094848632812,0.7928730249404907,0.8010715246200562,-49.463279724121094,0.38572334502615896,-0.23905043780355534,0.3680439889431,-0.21274304389953613,-0.017679363489151,0.02630738914012909,0.031696034716533664
961,4805,4819,0.7031340003013611,-0.030693959444761276,-40.88656234741211,0.86195969581604,-0.4740317761898041,-80.17240142822266,0.813623309135437,0.8597569465637207,-39.28583908081055,0.41026610963202836,-0.23120499672099568,0.40499645471572876,-0.22163653373718262,-0.005269646644592285,0.009568467736244202,0.01092358689160337
962,4810,4824,0.7872719168663025,-0.15606118738651276,-57.55514907836914,0.8904604315757751,-0.6620914936065674,-81.11140441894531,0.7039656043052673,0.9006717801094055,-23.556255340576172,0.48240250465732626,-0.18439733990035262,0.4203047454357147,-0.18934965133666992,-0.062097758054733276,-0.0049523115158081055,0.06229491909276227
963,4815,4829,0.8352784514427185,-0.32000619173049927,-76.49488830566406,0.9252069592475891,-0.8239534497261047,-76.90079498291016,0.6963093876838684,0.7554612755775452,-0.40590667724609375,0.511013851980099,-0.030245965710513953,0.44656774401664734,-0.11331536620855331,-0.06444612145423889,-0.08306939899921417,0.10513718476630975
964,4820,4834,0.8651574850082397,-0.5002996325492859,-81.59048461914062,0.9923609495162964,-1.0196096897125244,-70.5494155883789,0.7202967405319214,0.8101321458816528,11.041069030761719,0.5323296316095854,0.04988807637243185,0.45720580220222473,0.03761633113026619,-0.07512381672859192,-0.01227174699306488,0.07611953503623668
965,4825,4839,0.8940767645835876,-0.6901710033416748,-81.44976043701172,1.1102582216262817,-1.189937949180603,-52.300537109375,0.9027471542358398,0.8074692487716675,29.14922332763672,0.5263535918137593,0.13947515516043285,0.44952794909477234,0.13443005084991455,-0.07682564854621887,-0.005045101046562195,0.07699112493734044
966,4830,4844,0.9433120489120483,-0.8807193040847778,-75.31660461425781,1.2410341501235962,-1.360524296760559,-54.375877380371094,0.9366772770881653,1.0193240642547607,20.94072723388672,0.5396010506467036,0.16637904521723657,0.44900330901145935,0.15090665221214294,-0.0905977189540863,-0.015472397208213806,0.09190942147055628
967,4835,4849,1.020479440689087,-1.0737755298614502,-67.37165832519531,1.3057677745819092,-1.5656110048294067,-73.18187713623047,0.9914994835853577,1.0229583978652954,-5.810218811035156,0.5637392270305536,0.07409218446834887,0.43691959977149963,-0.01863977313041687,-0.1268196403980255,-0.09273196011781693,0.15710645313919125
968,4840,4854,1.1330848932266235,-1.2098764181137085,-48.263031005859375,1.3115853071212769,-1.755935549736023,-89.18448638916016,0.796138346195221,0.8781998157501221,-40.92145538330078,0.526303991443998,-0.230319520620365,0.44795140624046326,-0.21584174036979675,-0.07835260033607483,0.014477774500846863,0.07967895540180008
969,4845,4859,1.2519537210464478,-1.3875738382339478,-60.450653076171875,1.2565982341766357,-1.9628828763961792,-107.12664031982422,0.8354891538619995,0.8479356169700623,-46.675987243652344,0.5027698679536277,-0.2796864686953235,0.4709302484989166,-0.2926311790943146,-0.03183963894844055,-0.012944698333740234,0.034370449856215
970,4850,4864,1.3093127012252808,-1.5962790250778198,-76.94136047363281,1.1536751985549927,-2.1539173126220703,-118.87212371826172,0.845844566822052,0.8871546983718872,-41.930763244628906,0.5080513794814143,-0.2776099561971078,0.4715481102466583,-0.20858636498451233,-0.03650328516960144,0.06902357935905457,0.07808165172246902
971,4855,4869,1.3019989728927612,-1.8155492544174194,-92.89081573486328,1.0495126247406006,-2.346015691757202,-117.82451629638672,1.0381139516830444,1.0302821397781372,-24.933700561523438,0.5425250003752543,-0.22541211394910854,0.43835505843162537,-0.11062657088041306,-0.10416993498802185,0.11478554457426071,0.15500676307380362
972,4860,4874,1.2315603494644165,-2.0126662254333496,-111.03004455566406,1.0684561729431152,-2.5719168186187744,-83.80113220214844,0.9849014282226562,1.1171905994415283,27.228912353515625,0.5805313898371649,0.048451045300087314,0.5143512487411499,0.033784929662942886,-0.06618016958236694,-0.014666114002466202,0.06778576359298596
973,4865,4879,1.1369489431381226,-2.180349826812744,-120.22801208496094,1.148542046546936,-2.7436273097991943,-62.74980545043945,0.8731783628463745,0.8636329770088196,57.478206634521484,0.4808514909738683,0.2935945614523641,0.43614956736564636,0.12952736020088196,-0.04470193386077881,-0.16406720876693726,0.1700479693600227
974,4870,4884,1.0465227365493774,-2.369978904724121,-111.30176544189453,1.1894376277923584,-2.9514572620391846,-81.847412109375,0.8157144784927368,0.8089468479156494,29.45435333251953,0.48983366305425524,0.34439037254788074,0.3965330123901367,0.06462753564119339,-0.09330064058303833,-0.2797628343105316,0.2949105847450499
975,4875,4889,1.0766443014144897,-2.6040303707122803,-78.37019348144531,1.1610605716705322,-3.186744213104248,-99.37289428710938,0.9123417139053345,0.9469106197357178,-21.002700805664062,0.5877682895784416,-0.03478457366686326,0.4354346692562103,-0.09278685599565506,-0.15233364701271057,-0.0580022819340229,0.16300246845292554
976,4880,4894,1.1685800552368164,-2.8058624267578125,-65.24260711669922,1.0715758800506592,-3.387575626373291,-115.28313446044922,1.046120047569275,1.0428078174591064,-50.04052734375,0.48762433404033567,-0.3316964960052238,0.43587806820869446,-0.13236737251281738,-0.05174627900123596,0.19932913780212402,0.20593635562331364
977,4885,4899,1.1890993118286133,-3.0168771743774414,-85.68206787109375,0.9259812235832214,-3.542201280593872,-135.0379180908203,1.0084580183029175,0.9875182509422302,-49.35585021972656,0.5040226600625726,-0.3019233397361819,0.3771226406097412,-0.2474581003189087,-0.12690001726150513,0.05446523427963257,0.13809444639849047
978,4890,4904,1.1525530815124512,-3.2161364555358887,-101.49410247802734,0.7353478074073792,-3.624892473220825,-158.74627685546875,0.8998083472251892,0.9692096710205078,-57.252174377441406,0.4836937778823915,-0.32738670097087963,0.34735071659088135,-0.21681320667266846,-0.1363430619239807,0.11057350039482117,0.17554466532586502
979,4895,4909,1.0530253648757935,-3.415325164794922,-119.49121856689453,0.5550912022590637,-3.6297640800476074,-179.98609924316406,0.871623158454895,0.8376725912094116,-60.49488067626953,0.43178240135118506,-0.3278512415089753,0.3340049088001251,-0.22683969140052795,-0.09777748584747314,0.10101154446601868,0.14058367207490094
980,4900,4914,0.899582028388977,-3.5610129833221436,-139.7471923828125,0.3969719409942627,-3.496267795562744,-179.98609924316406,0.8405641317367554,0.8376725912094116,-40.23890686035156,0.34175658470309184,-0.37418080669777903,0.40284478664398193,-0.06162794679403305,0.0610882043838501,0.3125528395175934,0.3184667112986121
981,4905,4919,0.7073953151702881,-3.6297271251678467,-162.27561950683594,0.23885269463062286,-3.3627712726593018,-179.98609924316406,0.9462499022483826,0.8376725912094116,-17.710479736328125,0.36503024912973536,-0.3969263730651851,0.3650064468383789,-0.17046025395393372,-2.3812055587768555e-05,0.2264661192893982,0.22646612054127196
982,4910,4924,0.5234673619270325,-3.603064775466919,-179.98609924316406,0.08073344081640244,-3.2292747497558594,145.49351501464844,0.8376725912094116,0.8789309859275818,-34.5203857421875,0.44264321394687134,-0.37389742814387344,0.4077901542186737,-0.30687186121940613,-0.034853070974349976,0.0670255720615387,0.07554577332001833
983,4915,4929,0.36534810066223145,-3.4695684909820557,-179.98609924316406,0.019368330016732216,-2.988964557647705,104.3248062133789,0.8376725912094116,1.0912946462631226,-75.6890869140625,0.3458631685466033,-0.48068785871877456,0.43151822686195374,-0.3436747193336487,0.08565506339073181,0.13701313734054565,0.16158400195678257
984,4920,4934,0.2072288691997528,-3.3360719680786133,-179.98609924316406,0.02616935968399048,-2.788372278213501,87.09368133544922,0.8376725912094116,0.9239609837532043,-92.92022705078125,0.18092662458931283,-0.5477436013128282,0.4183764159679413,-0.3099035322666168,0.2374497950077057,0.23784008622169495,0.3360808113581386
985,4925,4939,0.06690940260887146,-3.194251298904419,141.0187530517578,0.047455888241529465,-2.5465426445007324,85.6255874633789,0.8595402836799622,0.9709010720252991,-55.393165588378906,0.42257371581220904,-0.491260007445484,0.49897149205207825,-0.24378108978271484,0.07639777660369873,0.2474789321422577,0.25900278400870685
986,4930,4944,0.017651589587330818,-2.956149101257324,101.68827819824219,-0.04072931036353111,-2.3442630767822266,119.18965148925781,1.0698333978652954,0.8635612726211548,17.501373291015625,0.6110253347590193,-0.06678979657946563,0.49674656987190247,0.025947846472263336,-0.11427876353263855,0.09273764491081238,0.14717304976847032
987,4935,4949,0.03399147838354111,-2.7225558757781982,85.27750396728516,-0.19341681897640228,-2.1990530490875244,137.5434112548828,1.109572172164917,0.9879999756813049,52.265907287597656,0.5030031253682989,0.26973615950100166,0.4716412127017975,0.21351400017738342,-0.031361907720565796,-0.05622217059135437,0.0643778045748427
988,4940,4954,0.0358453206717968,-2.481335401535034,90.9444351196289,-0.3090592920780182,-2.039876937866211,138.9449920654297,1.1273616552352905,0.9376708269119263,48.00055694580078,0.4470834699852548,0.3375812942057996,0.48312267661094666,0.22196176648139954,0.03603920340538025,-0.11561954021453857,0.12110616112120669
989,4945,4959,-0.06088307872414589,-2.3203132152557373,123.1561050415039,-0.3736785650253296,-1.8551664352416992,106.96294403076172,0.8466319441795349,0.868181049823761,-16.193161010742188,0.5604879758336675,0.007468231665405278,0.4607701003551483,0.02094307914376259,-0.0997178852558136,0.013474848121404648,0.10062419277582568
990,4950,4964,-0.2144079953432083,-2.1829352378845215,139.84857177734375,-0.38451406359672546,-1.6428481340408325,89.98591613769531,0.797374427318573,0.8363040089607239,-49.86265563964844,0.47827291350087864,-0.3031256742777077,0.4176924526691437,-0.24520298838615417,-0.06058046221733093,0.057922691106796265,0.08381545530222213
991,4955,4969,-0.32762500643730164,-2.006150007247925,128.25039672851562,-0.3377783000469208,-1.4311734437942505,75.61780548095703,0.9220870137214661,0.8493590354919434,-52.632591247558594,0.45782226320255787,-0.3479941281231741,0.4018290042877197,-0.23229771852493286,-0.05599325895309448,0.11569640040397644,0.12853366140675188
992,4960,4974,-0.38455143570899963,-1.7949033975601196,103.17036437988281,-0.2676370441913605,-1.2345103025436401,70.751953125,1.0174953937530518,0.9923218488693237,-32.41841125488281,0.519014386275341,-0.24152321363653612,0.47368499636650085,-0.15165576338768005,-0.04532936215400696,0.08986744284629822,0.10065241356779178
993,4965,4979,-0.3761367201805115,-1.5807626247406006,86.5066909790039,-0.2838672697544098,-1.0352891683578491,97.33829498291016,1.015305995941162,0.9365667700767517,10.83160400390625,0.5500820835824243,-0.058861230208848404,0.46330806612968445,0.04623328149318695,-0.08677402138710022,0.10509450733661652,0.13628861383114538
994,4970,4984,-0.3271147310733795,-1.4048469066619873,72.98018646240234,-0.3611418902873993,-0.8591889142990112,113.95869445800781,0.8311330080032349,0.9077163934707642,40.97850799560547,0.5118003022365945,0.1922522895164075,0.3666898310184479,0.1680016815662384,-0.14511045813560486,-0.024250611662864685,0.1471228643901015
995,4975,4989,-0.2621172070503235,-1.204179286956787,72.8756103515625,-0.3857852816581726,-0.7063568234443665,96.91404724121094,0.8158202767372131,0.7170941829681396,24.038436889648438,0.43933916580890847,0.2647680026761549,0.3992355763912201,0.006292104721069336,-0.04010358452796936,-0.2584758996963501,0.26156851533743436
996,4980,4994,-0.2941230535507202,-1.0100082159042358,102.68421936035156,-0.3532140851020813,-0.5278228521347046,77.1446304321289,0.7711573839187622,0.7142215371131897,-25.539588928222656,0.48339271946860934,-0.048228143320072595,0.4101836085319519,-0.20095941424369812,-0.07320910692214966,-0.1527312695980072,0.16937064104902566
997,4985,4999,-0.3700900077819824,-0.8357894420623779,113.59859466552734,-0.2765686511993408,-0.3717338442802429,63.04494857788086,0.887031078338623,0.8243957757949829,-50.553646087646484,0.3878087283786859,-0.2714741832353472,0.34248071908950806,-0.15510210394859314,-0.04532802104949951,0.11637207865715027,0.12488831083512116
998,4990,5004,-0.38210639357566833,-0.6544263958930969,92.47526550292969,-0.2264910787343979,-0.21082520484924316,73.648681640625,0.8563502430915833,0.7889865040779114,-18.826583862304688,0.4364665637817431,-0.17462841008619118,0.3832017183303833,-0.13684570789337158,-0.05326485633850098,0.0377826988697052,0.06530449643508454
999,4995,5009,-0.34451255202293396,-0.5053402781486511,74.63658142089844,-0.19316339492797852,-0.054643791168928146,76.55318450927734,0.6927037239074707,0.7527469396591187,1.9166030883789062,0.47468927351491663,-0.02653289303768852,0.3884213864803314,-0.14612305164337158,-0.08626788854598999,-0.119590163230896,0.14745831863877906
1000,5000,5014,-0.26687660813331604,-0.3484751582145691,62.889869689941406,-0.12291345000267029,0.057972848415374756,56.88703536987305,0.6853314638137817,0.612131655216217,-6.002834320068359,0.42739681917857314,0.05707304046957937,0.39274266362190247,-0.21653833985328674,-0.0346541702747345,-0.2736113667488098,0.27579719275507864
1001,5005,5019,-0.2249899059534073,-0.18775494396686554,78.48426818847656,-0.0028267372399568558,0.16183868050575256,38.666385650634766,0.6548014283180237,0.6255127191543579,-39.8178825378418,0.3869082797685127,-0.14789918896869464,0.3961324095726013,-0.2791697680950165,0.009224116802215576,-0.13127057254314423,0.13159425347098486
1002,5010,5024,-0.1837138682603836,-0.035248689353466034,73.3878173828125,0.1440514326095581,0.2257312387228012,20.691394805908203,0.74311363697052,0.627029538154602,-52.6964225769043,0.3437926049708069,-0.2394728511196476,0.35117432475090027,-0.285897821187973,0.007381707429885864,-0.04642497003078461,0.047008163620159436
1003,5015,5029,-0.09162647277116776,0.09078218042850494,52.516685485839844,0.3160651624202728,0.2443765252828598,4.972014904022217,0.7471224665641785,0.8294157385826111,-47.54467010498047,0.3699745460383425,-0.2300489543226677,0.3229633867740631,-0.23776522278785706,-0.04701116681098938,-0.007716268301010132,0.04764022041745654
1004,5020,5034,0.037399739027023315,0.18544922769069672,34.43815231323242,0.4795767068862915,0.2098555564880371,-13.553497314453125,0.7446421980857849,0.7820470333099365,-47.99164962768555,0.3784819329309045,-0.22992948100551722,0.3617958426475525,-0.15514051914215088,-0.016686081886291504,0.07478895783424377,0.07662775960869742
1005,5025,5039,0.16582974791526794,0.23130656778812408,18.901777267456055,0.6060590147972107,0.13994744420051575,-30.16592788696289,0.6265918016433716,0.6648690104484558,-49.06770324707031,0.3868945479314941,-0.22904345802269388,0.39824533462524414,-0.17261859774589539,0.011350780725479126,0.056424856185913086,0.05755523102793422
1006,5030,5044,0.3413461148738861,0.2431783229112625,1.3768417835235596,0.7199441194534302,0.020217889919877052,-49.16490936279297,0.6881773471832275,0.6532915830612183,-50.541751861572266,0.37313137940318525,-0.2319930493877302,0.3554254472255707,-0.17192620038986206,-0.017705917358398438,0.06006684899330139,0.06262208761680264
1007,5035,5049,0.5015447735786438,0.2006930112838745,-17.124813079833984,0.7919434905052185,-0.13164882361888885,-67.63289642333984,0.6639243364334106,0.6625833511352539,-50.50808334350586,0.37538352084871573,-0.23209853984658546,0.360994815826416,-0.21817532181739807,-0.014388710260391235,0.013923212885856628,0.020022258614411415
1008,5040,5054,0.6422755718231201,0.11008644104003906,-34.0704345703125,0.8166863322257996,-0.2987020015716553,-82.28588104248047,0.7883524894714355,0.8108891248703003,-48.21544647216797,0.3734811094177858,-0.24091277480697304,0.36888420581817627,-0.200100839138031,-0.004596889019012451,0.040811941027641296,0.04107001240682535
1009,5045,5059,0.7461000084877014,-0.02024270035326481,-52.94807434082031,0.844838559627533,-0.47612902522087097,-80.5250244140625,0.7872315049171448,0.8452236652374268,-27.576950073242188,0.42333200521552655,-0.19588686667112637,0.4245128929615021,-0.16084939241409302,0.001180887222290039,0.03503747284412384,0.035057367241914834
1010,5050,5064,0.7968961596488953,-0.15260188281536102,-70.79703521728516,0.9078539609909058,-0.629769504070282,-66.66158294677734,0.6494845747947693,0.7625404000282288,4.1354522705078125,0.48711343356541387,-0.05216379081453787,0.45702508091926575,0.027455829083919525,-0.030088365077972412,0.07961961627006531,0.08511517495757027
1011,5055,5069,0.8195407390594482,-0.32454851269721985,-84.06079864501953,1.025234580039978,-0.7987285256385803,-52.384246826171875,0.6670945286750793,0.8139777779579163,31.676551818847656,0.49291851075102155,0.15552486183690162,0.4713806211948395,0.11598042398691177,-0.0215378999710083,-0.03954444080591202,0.045029367459619496
1012,5060,5074,0.8529286980628967,-0.5024694800376892,-77.87458801269531,1.1706717014312744,-0.9481790661811829,-46.646514892578125,0.7225212454795837,0.8068645596504211,31.228073120117188,0.5025085015724814,0.21703192672309923,0.4460507929325104,0.13117700815200806,-0.056457728147506714,-0.0858549177646637,0.10275476617634308
1013,5065,5079,0.9349033236503601,-0.6814976930618286,-64.349853515625,1.257712483406067,-1.1360716819763184,-66.52458190917969,0.9383776783943176,0.976100742816925,-2.1747283935546875,0.5495135236329862,0.09422394793403385,0.45424094796180725,0.020964793860912323,-0.09527257084846497,-0.0732591524720192,0.12018222071918264
1014,5070,5084,1.0699607133865356,-0.841506838798523,-48.35811996459961,1.284459114074707,-1.3442822694778442,-84.03562927246094,0.9947558641433716,0.9946445226669312,-35.67750930786133,0.5182587304144504,-0.17378315781962972,0.40963315963745117,-0.14347350597381592,-0.10862559080123901,0.03030964732170105,0.11277496928700145
1015,5075,5089,1.187015175819397,-0.9732880592346191,-50.0357551574707,1.2458980083465576,-1.5506807565689087,-102.62490844726562,0.8042126893997192,0.9840371608734131,-52.58915328979492,0.48036098891768125,-0.3257343015824637,0.4252062737941742,-0.23431748151779175,-0.0551547110080719,0.09141680598258972,0.10676644867392743
1016,5080,5094,1.2656675577163696,-1.164416790008545,-69.9798355102539,1.1815197467803955,-1.7175716161727905,-111.86653900146484,0.816152036190033,0.8309760689735413,-41.88670349121094,0.49092081987033426,-0.26843595961039207,0.4504433572292328,-0.20828157663345337,-0.040477454662323,0.06015437841415405,0.07250499002367808
1017,5085,5099,1.2850031852722168,-1.3760907649993896,-87.39341735839844,1.0902212858200073,-1.917784333229065,-112.8124771118164,0.8295376300811768,0.8709527254104614,-25.41905975341797,0.5322748616416388,-0.2192153778364622,0.4713927209377289,-0.1602984368801117,-0.060882121324539185,0.05891694128513336,0.08472212619718512
1018,5090,5104,1.2377912998199463,-1.577355146408081,-104.44231414794922,1.1049822568893433,-2.1491875648498535,-82.64849090576172,0.9629933834075928,0.9395615458488464,21.7938232421875,0.5868853338829488,0.014005768033517857,0.5226307511329651,0.096751369535923,-0.06425458192825317,0.08274560421705246,0.10476395523279793
1019,5095,5109,1.1516181230545044,-1.7718160152435303,-114.63238525390625,1.1822127103805542,-2.3735010623931885,-69.81764221191406,0.997988224029541,1.1269676685333252,44.81474304199219,0.5341804504173712,0.278589610590618,0.4907602369785309,0.14505626261234283,-0.043420225381851196,-0.13353334367275238,0.14041534761070867
1020,5100,5114,1.0831235647201538,-1.9797624349594116,-106.70255279541016,1.2061710357666016,-2.6037449836730957,-85.95006561279297,1.0281494855880737,1.0901076793670654,20.752487182617188,0.5622922956256061,0.2971906383287293,0.4807906448841095,0.0364447757601738,-0.08150163292884827,-0.2607458531856537,0.27318659579778654
1021,5105,5119,1.11151921749115,-2.1811790466308594,-80.2129135131836,1.173134684562683,-2.794745445251465,-101.0682601928711,0.9299097061157227,0.8950240015983582,-20.8553466796875,0.6151105510251548,-0.04357982694129605,0.44612929224967957,-0.16617897152900696,-0.16898128390312195,-0.12259913980960846,0.20877074361989378
1022,5110,5124,1.192172884941101,-2.406038522720337,-68.46028900146484,1.0735434293746948,-2.9964113235473633,-118.61388397216797,0.943840742111206,0.887902557849884,-50.153594970703125,0.505588798570399,-0.32709778116714616,0.43063005805015564,-0.3336200416088104,-0.07495871186256409,-0.006522268056869507,0.0752419328878556
1023,5115,5129,1.2043756246566772,-2.635040760040283,-89.61151885986328,0.9219324588775635,-3.140918493270874,-138.25270080566406,0.9122768640518188,0.8224251866340637,-48.64118194580078,0.5039510774806157,-0.2858666374027848,0.43341782689094543,-0.2682764232158661,-0.07053324580192566,0.017590224742889404,0.07269356759617884
1024,5120,5134,1.1508562564849854,-2.85469126701355,-105.15837097167969,0.7280784249305725,-3.215811014175415,-160.92019653320312,1.0619653463363647,0.9795833826065063,-55.76182556152344,0.4591065270148653,-0.31363954389784726,0.47450295090675354,-0.2742409408092499,0.015396416187286377,0.03939861059188843,0.04230011995235235
1025,5125,5139,1.0334964990615845,-3.041353225708008,-123.76471710205078,0.5133746862411499,-3.212029218673706,176.87022399902344,1.0231486558914185,1.0111876726150513,-59.36505126953125,0.43096281184588237,-0.33753229408803664,0.43907931447029114,-0.3045310974121094,0.00811651349067688,0.03300118446350098,0.033984643108886076
1026,5130,5144,0.8964000940322876,-3.157590866088867,-141.38095092773438,0.34763094782829285,-3.1312801837921143,153.19139099121094,0.823809802532196,0.8614333868026733,-65.42767333984375,0.41233891606103046,-0.3630653018684207,0.4178808331489563,-0.20635810494422913,0.0055419206619262695,0.15670719742774963,0.15680516129988448
1027,5135,5149,0.696952760219574,-3.22206711769104,-165.25259399414062,0.1807132214307785,-2.980921745300293,134.47483825683594,0.813702404499054,0.8842344284057617,-60.2725830078125,0.43784776137756604,-0.3646144189494669,0.4059388041496277,-0.24107393622398376,-0.03190895915031433,0.1235404908657074,0.12759480615368465
1028,5140,5154,0.487420916557312,-3.2019195556640625,171.5382080078125,0.0740024596452713,-2.7784583568573,114.98925018310547,0.8314458727836609,0.9046870470046997,-56.54895782470703,0.47123033642179896,-0.35801702440948535,0.39402538537979126,-0.30386513471603394,-0.07720494270324707,0.05415189266204834,0.09430286664091218
1029,5145,5159,0.29334795475006104,-3.0956404209136963,150.7079315185547,0.019952550530433655,-2.5448126792907715,101.6316146850586,1.0310380458831787,1.1163184642791748,-49.076316833496094,0.5079371946758716,-0.34663534499881704,0.45753172039985657,-0.25720804929733276,-0.05040547251701355,0.08942729234695435,0.10265452876600743
1030,5150,5164,0.14349035918712616,-2.92754864692688,130.25917053222656,0.007472489960491657,-2.304302215576172,92.23776245117188,1.0702283382415771,1.143670678138733,-38.02140808105469,0.5635184781155783,-0.29897140503635833,0.5070769190788269,-0.222693532705307,-0.056441545486450195,0.07627788186073303,0.09488921602615848
1031,5155,5169,0.06087442860007286,-2.7436115741729736,112.88021850585938,-0.0513085201382637,-2.086765766143799,107.48235321044922,0.9168073534965515,1.0480248928070068,-5.397865295410156,0.6487823698336959,-0.15202915927634778,0.48041895031929016,-0.10479607433080673,-0.16836342215538025,0.047233082354068756,0.17486339236254403
1032,5160,5174,0.015591810457408428,-2.5120837688446045,99.55267333984375,-0.17542143166065216,-1.9580901861190796,135.40237426757812,0.9186037182807922,0.8074716329574585,35.849700927734375,0.5780110648404446,0.09642696234187113,0.34725454449653625,0.05613876134157181,-0.2307564914226532,-0.040288202464580536,0.23424708662333465
1033,5165,5179,0.005934999790042639,-2.2685141563415527,90.33094024658203,-0.3343058228492737,-1.8356283903121948,143.0064239501953,0.915915310382843,0.7860461473464966,52.67548370361328,0.43484376414928994,0.33773482762505325,0.3686598837375641,0.17707453668117523,-0.0661838948726654,-0.1606602817773819,0.1737585511026832
1034,5170,5184,-0.07088244706392288,-2.061171054840088,113.08232116699219,-0.44769713282585144,-1.6637756824493408,120.55540466308594,1.0377851724624634,0.7968934774398804,7.47308349609375,0.5133123343363556,0.1908476943444155,0.4125368297100067,0.2236185073852539,-0.10077551007270813,0.03277081251144409,0.1059699466031512
1035,5175,5189,-0.2201572060585022,-1.9216254949569702,138.17013549804688,-0.5042317509651184,-1.46473228931427,105.29061126708984,0.9675832390785217,0.987514853477478,-32.87952423095703,0.5163836830075618,-0.1509888749210013,0.45830222964286804,-0.04551095515489578,-0.058081477880477905,0.10547792166471481,0.12041200119376871
1036,5180,5194,-0.37403935194015503,-1.7885457277297974,138.3161163330078,-0.4982141852378845,-1.2587641477584839,86.82447814941406,0.9642192721366882,0.9745068550109863,-51.49163818359375,0.4450524149250623,-0.3130754855794211,0.40309664607048035,-0.23319905996322632,-0.041955769062042236,0.07987642288208008,0.09022488287620166
1037,5185,5199,-0.45688220858573914,-1.6379245519638062,117.58615112304688,-0.44415855407714844,-1.093717336654663,70.69066619873047,0.7802044749259949,0.7982439994812012,-46.895484924316406,0.4764472166254749,-0.26328963965265284,0.4077967703342438,-0.2590090036392212,-0.06865045428276062,0.0042806267738342285,0.06878378180069973
1038,5190,5204,-0.5080292224884033,-1.4356751441955566,102.07599639892578,-0.3436131775379181,-0.9224331378936768,58.16535568237305,0.8334431648254395,0.7905075550079346,-43.910640716552734,0.4674871564239275,-0.2681524779833465,0.4328935444355011,-0.192705899477005,-0.0345936119556427,0.07544657588005066,0.08299942048087942
1039,5195,5209,-0.4921501576900482,-1.2306883335113525,84.38329315185547,-0.2895205616950989,-0.7424425482749939,77.94270324707031,0.957619309425354,0.7314658164978027,-6.440589904785156,0.505733655506509,-0.15387062637868398,0.4196476638317108,-0.058198340237140656,-0.08608600497245789,0.09567228704690933,0.128701152912102
1040,5200,5214,-0.4194256663322449,-1.0445412397384644,67.52033996582031,-0.32996705174446106,-0.5932691693305969,106.6676254272461,0.9417214393615723,0.7172701358795166,39.14728546142578,0.4511872967469137,0.0898851962693597,0.40325671434402466,0.13794025778770447,-0.04793056845664978,0.04805506020784378,0.06787214601113686
1041,5205,5219,-0.31730160117149353,-0.8725023865699768,58.983280181884766,-0.38749194145202637,-0.43323788046836853,108.39662170410156,0.9392245411872864,0.7479530572891235,49.4133415222168,0.3402888818756664,0.28650212400817476,0.36447402834892273,0.0842934399843216,0.024185150861740112,-0.20220868289470673,0.20364987837024895
1042,5210,5224,-0.2925621569156647,-0.7182025909423828,84.06991577148438,-0.3800466060638428,-0.3033425211906433,85.10034942626953,0.7162007689476013,0.6001842021942139,1.0304336547851562,0.4036015926534909,0.12987748351713602,0.40180233120918274,-0.08010870963335037,-0.001799255609512329,-0.20998618006706238,0.2099938883394112
1043,5215,5229,-0.344573974609375,-0.562279462814331,110.1911392211914,-0.32963407039642334,-0.15655188262462616,67.83250427246094,0.6732568144798279,0.6027581691741943,-42.35863494873047,0.37563759696618126,-0.15405990301935946,0.38744351267814636,-0.09734281152486801,0.011805921792984009,0.05671709030866623,0.05793278970033685
1044,5220,5234,-0.389367014169693,-0.4120681583881378,102.5975570678711,-0.23535852134227753,-0.0322454497218132,50.36387252807617,0.6188251972198486,0.6177780032157898,-52.23368453979492,0.3370893696349947,-0.23314085249239,0.40513837337493896,-0.13485392928123474,0.06804901361465454,0.09828692674636841,0.11954492136085677
1045,5225,5239,-0.3709849715232849,-0.25804373621940613,82.76554870605469,-0.10806450992822647,0.05662500113248825,33.751243591308594,0.7303565740585327,0.7342047095298767,-49.014305114746094,0.345273228492545,-0.22120124250346962,0.3652476370334625,-0.15170082449913025,0.01997441053390503,0.06950041651725769,0.07231379517249306
1046,5230,5244,-0.30701062083244324,-0.11874684691429138,64.04141235351562,0.0443948395550251,0.10632456094026566,16.437728881835938,0.7104951739311218,0.7489124536514282,-47.60368347167969,0.35618179003764716,-0.21743383630437402,0.35060563683509827,-0.23668178915977478,-0.0055761635303497314,-0.01924794912338257,0.020039389840350082
1047,5235,5249,-0.21905724704265594,-0.017541449517011642,48.28090286254883,0.20546849071979523,0.11067131161689758,0.005300970282405615,0.6195814609527588,0.7538407444953918,-48.27560043334961,0.3782131512672568,-0.23155005356096342,0.3453841805458069,-0.21272993087768555,-0.032828956842422485,0.01882012188434601,0.0378409486549066
1048,5240,5254,-0.08620568364858627,0.06779327243566513,31.03046989440918,0.35088640451431274,0.08016318082809448,-11.774660110473633,0.621940016746521,0.6951187252998352,-42.80513000488281,0.38091789208630583,-0.21471859297682122,0.3759615421295166,-0.19661256670951843,-0.004956364631652832,0.01810602843761444,0.01877215534097249
1049,5245,5259,0.06840652972459793,0.11065863072872162,12.47752857208252,0.5138484835624695,0.033901698887348175,-16.13867950439453,0.6380726099014282,0.6629422903060913,-28.616207122802734,0.41833713840147946,-0.1711847133837177,0.3850310444831848,-0.10165227204561234,-0.03330609202384949,0.06953244656324387,0.07709771002417318
1050,5250,5264,0.22716060280799866,0.10595375299453735,-2.8341283798217773,0.6639225482940674,-0.05033193156123161,-30.610919952392578,0.7546902894973755,0.8102313876152039,-27.776790618896484,0.44395522501457135,-0.13449896493475863,0.3660009801387787,-0.1633460819721222,-0.0779542326927185,-0.028847113251686096,0.08312050491705465
1051,5255,5269,0.398063600063324,0.06740597635507584,-13.491353988647461,0.7801858186721802,-0.17581777274608612,-48.23366165161133,0.8243288993835449,0.8229347467422485,-34.7423095703125,0.42832137716993784,-0.14736344039463686,0.3607316017150879,-0.16499751806259155,-0.06758978962898254,-0.017634078860282898,0.06985227554876643
1052,5260,5274,0.5371367931365967,0.02468157932162285,-17.49798011779785,0.8489043712615967,-0.3319023847579956,-67.7421875,0.6756144165992737,0.8026165962219238,-50.24420928955078,0.40455620233600387,-0.24634410362308318,0.36169397830963135,-0.18088620901107788,-0.04286223649978638,0.06545789539813995,0.0782426187427124
1053,5265,5279,0.6805217862129211,-0.06421773135662079,-34.23185729980469,0.8817857503890991,-0.47912633419036865,-77.9803466796875,0.6663360595703125,0.6950340270996094,-43.74848937988281,0.39980257713961576,-0.22981344375089205,0.41413888335227966,-0.22914916276931763,0.014336317777633667,0.0006642788648605347,0.014351699336022738
1054,5270,5284,0.7936296463012695,-0.19684553146362305,-52.749046325683594,0.9041557312011719,-0.6624357104301453,-84.71913146972656,0.692129909992218,0.7277492880821228,-31.97008514404297,0.4375082630501783,-0.1938472335531115,0.48487016558647156,-0.22871655225753784,0.047361910343170166,-0.03486931324005127,0.05881343007500331
1055,5275,5289,0.8554695844650269,-0.35552701354026794,-69.90922546386719,0.9076939821243286,-0.8507415056228638,-87.85187530517578,0.812832772731781,0.7413510084152222,-17.942649841308594,0.48302000294260816,-0.12106385768189865,0.46224161982536316,-0.12662449479103088,-0.020778387784957886,-0.005560636520385742,0.021509581061795107
1056,5280,5294,0.8919774293899536,-0.5306792855262756,-78.31280517578125,0.9855569005012512,-1.0334434509277344,-64.35396575927734,0.844204843044281,0.9386028051376343,13.958839416503906,0.5112971604287218,-0.010204761771916468,0.46388909220695496,-0.021738722920417786,-0.047408074140548706,-0.011533960700035095,0.04879095964567327
1057,5285,5299,0.9026415944099426,-0.7160451412200928,-87.36077880859375,1.1383965015411377,-1.162343978881836,-38.26273727416992,0.8749457001686096,0.9429383277893066,49.09804153442383,0.456681202713823,0.214954199360044,0.4309932291507721,0.12216760963201523,-0.025687962770462036,-0.09278658777475357,0.09627680043592378
1058,5290,5304,0.911695659160614,-0.879600465297699,-85.65782165527344,1.249022126197815,-1.289838194847107,-51.328426361083984,0.7536551356315613,0.7869822382926941,34.32939529418945,0.4346001372944251,0.3052979868478007,0.4533739984035492,0.20548588037490845,0.01877385377883911,-0.09981212019920349,0.10156237947374745
1059,5295,5309,1.0037827491760254,-1.0561745166778564,-57.485801696777344,1.335532784461975,-1.4723445177078247,-67.38481140136719,0.7957274913787842,0.797780454158783,-9.899009704589844,0.5292572902308919,0.05605601133657484,0.4324812591075897,0.0023388490080833435,-0.09677603840827942,-0.05371716246008873,0.11068484608456723
1060,5300,5314,1.159613013267517,-1.1781238317489624,-33.4538688659668,1.3695945739746094,-1.676301121711731,-83.11284637451172,0.6865025162696838,0.8069014549255371,-49.65897750854492,0.44982181136132326,-0.29988865616300453,0.40415939688682556,-0.16207438707351685,-0.04566240310668945,0.13781428337097168,0.14518206417644117
1061,5305,5319,1.279754877090454,-1.3384467363357544,-54.61800765991211,1.3405263423919678,-1.8837882280349731,-99.85116577148438,0.9478358626365662,0.9753059148788452,-45.233158111572266,0.47981046809051864,-0.26621876018488916,0.4568837583065033,-0.24820542335510254,-0.02292671799659729,0.018013328313827515,0.029156721266926398
1062,5310,5324,1.3520020246505737,-1.5306503772735596,-70.80294799804688,1.2489938735961914,-2.0608770847320557,-119.0193099975586,0.9853845834732056,0.9339855313301086,-48.21636199951172,0.46687160468097527,-0.27162832184536884,0.46358588337898254,-0.24989208579063416,-0.003285735845565796,0.021736234426498413,0.021983174181417268
1063,5315,5329,1.3708653450012207,-1.7090744972229004,-85.16712188720703,1.1444885730743408,-2.2077078819274902,-125.94351196289062,0.823220431804657,0.8223974108695984,-40.776390075683594,0.47778841914574666,-0.26758161696984795,0.47157683968544006,-0.1886107325553894,-0.006211578845977783,0.07897087931632996,0.0792147933895819
1064,5320,5334,1.3313721418380737,-1.9123808145523071,-103.39364624023438,1.0841575860977173,-2.410404920578003,-100.72164916992188,0.8131610155105591,0.8607441782951355,2.6719970703125,0.541743419454465,-0.12512839098453582,0.48959657549858093,-0.06524726003408432,-0.05214682221412659,0.05988112837076187,0.07940428579105405
1065,5325,5339,1.232258915901184,-2.086651563644409,-121.93402862548828,1.1237683296203613,-2.6295197010040283,-78.42655944824219,0.7891142964363098,0.8881873488426208,43.507469177246094,0.5180944977825763,0.19507463504843214,0.5180734395980835,0.1436128318309784,-2.104043960571289e-05,-0.051461800932884216,0.051461805234133615
1066,5330,5344,1.1132723093032837,-2.2566380500793457,-125.41553497314453,1.1770908832550049,-2.836223840713501,-76.72516632080078,0.9822601675987244,1.024446964263916,48.69036865234375,0.4353624368215542,0.38788148665674715,0.4484274685382843,0.13282498717308044,0.013065040111541748,-0.2550565004348755,0.25539090368923056
1067,5335,5349,1.091369867324829,-2.4713144302368164,-92.9859390258789,1.1575239896774292,-3.0563998222351074,-96.90135192871094,1.0209695100784302,1.0320096015930176,-3.9154129028320312,0.5808450234223975,0.09654192146146193,0.49677106738090515,0.003904394805431366,-0.08407393097877502,-0.09263752400875092,0.12510050649256274
1068,5340,5354,1.1343207359313965,-2.654937744140625,-76.00975799560547,1.076837182044983,-3.2568624019622803,-113.0625,0.854874849319458,1.0165919065475464,-37.05274200439453,0.5701726838115294,-0.20129769818924093,0.5054305791854858,-0.1505720019340515,-0.0647420883178711,0.050725698471069336,0.08224739804478234
1069,5345,5359,1.1800706386566162,-2.8701212406158447,-82.02284240722656,0.9612183570861816,-3.396690607070923,-131.14450073242188,0.8871901631355286,0.8254915475845337,-49.12165832519531,0.491102058367997,-0.28981095062851514,0.4068421423435211,-0.28072676062583923,-0.08425992727279663,0.009084194898605347,0.08474820317253237
1070,5350,5364,1.1492434740066528,-3.0867998600006104,-100.38339233398438,0.7847465872764587,-3.499871253967285,-153.85914611816406,0.8668490052223206,0.801604688167572,-53.47575378417969,0.47200158229544154,-0.2840782696021914,0.4146665036678314,-0.22549042105674744,-0.057335078716278076,0.058587849140167236,0.08197467485920758
1071,5355,5369,1.0599712133407593,-3.283665418624878,-115.98129272460938,0.5979301333427429,-3.5235023498535156,-170.652587890625,1.0167839527130127,0.8002845048904419,-54.671295166015625,0.41800819916588894,-0.3102786789597283,0.40259644389152527,-0.30498817563056946,-0.01541176438331604,0.005290508270263672,0.016294537709446597
1072,5360,5374,0.9155850410461426,-3.4356584548950195,-135.57908630371094,0.4151729643344879,-3.474297285079956,-173.9752960205078,0.9817343354225159,0.7946894764900208,-38.396209716796875,0.38444720442882935,-0.3226539672012017,0.43278035521507263,-0.28570133447647095,0.04833313822746277,0.03695264458656311,0.06084069520358783
1073,5365,5379,0.7319203019142151,-3.5188405513763428,-157.3300323486328,0.21758915483951569,-3.3443281650543213,156.2421875,0.9561128616333008,0.8938717246055603,-46.42779541015625,0.407333072342867,-0.3592643669151815,0.3974551558494568,-0.23625719547271729,-0.009877920150756836,0.12300717830657959,0.12340315725884567
1074,5370,5384,0.5692101716995239,-3.5226190090179443,-173.9752960205078,0.10669592767953873,-3.1919963359832764,126.05355072021484,0.7946894764900208,0.8290503025054932,-59.971160888671875,0.42525841317388113,-0.3773407833282792,0.4938755929470062,-0.41577014327049255,0.06861716508865356,-0.03842934966087341,0.07864559911502492
1075,5375,5389,0.3766636550426483,-3.462216854095459,170.94390869140625,0.0293448306620121,-2.9765350818634033,109.74826049804688,0.7914299964904785,1.0072709321975708,-61.195648193359375,0.41943635182400385,-0.4249591733377631,0.4469268023967743,-0.3656027019023895,0.027490437030792236,0.059356480836868286,0.06541342328208688
1076,5380,5394,0.19448193907737732,-3.323573589324951,152.0239715576172,0.014568350277841091,-2.7476885318756104,90.94933319091797,0.9334855675697327,0.9009974598884583,-61.07463836669922,0.42903849700483393,-0.4241915478434224,0.4201708137989044,-0.3168671727180481,-0.00886768102645874,0.10732436180114746,0.10769008497912246
1077,5385,5399,0.08845283836126328,-3.154280662536621,126.05355072021484,0.021097740158438683,-2.5156807899475098,88.07540893554688,0.8290503025054932,1.1074870824813843,-37.97814178466797,0.5559283438581095,-0.32138790078191126,0.4900166094303131,-0.26289796829223633,-0.06591174006462097,0.05848991870880127,0.08812166628535993
1078,5390,5404,0.017282530665397644,-2.9114837646484375,104.47107696533203,-0.055499058216810226,-2.3047947883605957,112.82886505126953,1.1649059057235718,1.0431796312332153,8.3577880859375,0.6056285899453214,-0.08113374891199697,0.5039389729499817,0.003733418881893158,-0.10168963670730591,0.08486716449260712,0.13245081284265148
1079,5395,5409,0.014335189945995808,-2.716928482055664,89.93536376953125,-0.17307154834270477,-2.168696880340576,131.293212890625,0.8823797702789307,0.8351737856864929,41.35784912109375,0.5480198365538776,0.18802508256400316,0.4955582320690155,0.21420300006866455,-0.052461594343185425,0.026177912950515747,0.05863021411758382
1080,5400,5414,0.018088730052113533,-2.4796066284179688,89.97393798828125,-0.2948188781738281,-2.0035195350646973,122.63397216796875,0.9398640990257263,0.8164823055267334,32.6600341796875,0.47594471247558423,0.3131241307279077,0.4926725924015045,0.23126599192619324,0.01672789454460144,-0.08185812830924988,0.08354983917512303
1081,5405,5419,-0.07286395132541656,-2.282788038253784,120.85395050048828,-0.35373061895370483,-1.796921730041504,103.15727233886719,0.8394755125045776,0.859792947769165,-17.696678161621094,0.5611481145793105,-0.008059548065129901,0.4576280415058136,-0.07710655778646469,-0.10352006554603577,-0.06904701143503189,0.12443429494622842
1082,5410,5424,-0.21476350724697113,-2.128535270690918,133.00653076171875,-0.3548024892807007,-1.5844794511795044,89.0188980102539,0.9833476543426514,1.004417896270752,-43.987632751464844,0.49337297136636327,-0.26868338682993553,0.4141411781311035,-0.23987573385238647,-0.07923179864883423,0.028807640075683594,0.08430633454171484
1083,5415,5429,-0.3181469440460205,-1.9491440057754517,118.14502716064453,-0.3030773103237152,-1.3852627277374268,74.96481323242188,0.9795477986335754,0.9715518951416016,-43.180213928222656,0.490097526272305,-0.2792733505440289,0.39517897367477417,-0.2291833460330963,-0.09491854906082153,0.050090014934539795,0.1073244639024766
1084,5420,5434,-0.35792943835258484,-1.7670741081237793,101.31509399414062,-0.2521204352378845,-1.190969467163086,75.59876251220703,0.8482276201248169,0.9481077194213867,-25.716331481933594,0.5441466982135337,-0.21678670000690892,0.44172850251197815,-0.06642641872167587,-0.1024182140827179,0.15036028623580933,0.18192775008999573
1085,5425,5439,-0.3489013910293579,-1.5558613538742065,85.3841323852539,-0.28618910908699036,-1.0314971208572388,104.34197998046875,0.8387962579727173,0.7424307465553284,18.957847595214844,0.5277102947645466,-0.02031068618750371,0.4262714087963104,0.12652435898780823,-0.10143890976905823,0.14683504402637482,0.17846675480145474
1086,5430,5444,-0.2949939966201782,-1.3579360246658325,73.54634857177734,-0.37339457869529724,-0.8704283237457275,120.1688003540039,0.7940258979797363,0.7039992213249207,46.62245178222656,0.4453377047201401,0.213271513523774,0.4021729826927185,0.170146644115448,-0.043164730072021484,-0.04312486946582794,0.061015967489134966
1087,5435,5449,-0.25275152921676636,-1.1622775793075562,79.18074035644531,-0.40453264117240906,-0.6967418789863586,96.58161926269531,0.9282507300376892,0.6955946683883667,17.40087890625,0.42876937527853404,0.23646948438074378,0.3974754512310028,0.08611974120140076,-0.03129392862319946,-0.15034973621368408,0.15357198034862443
1088,5440,5454,-0.30906835198402405,-0.9810904264450073,109.07367706298828,-0.3789055645465851,-0.5206624865531921,80.59552001953125,0.8960325121879578,0.8401132822036743,-28.47815704345703,0.4579717167452378,-0.08445727175885455,0.4348839819431305,-0.18200433254241943,-0.023087739944458008,-0.09754706174135208,0.10024207195640998
1089,5445,5459,-0.3900366425514221,-0.8223801255226135,117.04170227050781,-0.2997742295265198,-0.36924582719802856,61.15275573730469,0.8408539295196533,0.8021636009216309,-55.888946533203125,0.36255897515370483,-0.28640702690172815,0.36897677183151245,-0.16988226771354675,0.006417810916900635,0.11652475595474243,0.1167013583780299
1090,5450,5464,-0.4038650393486023,-0.6713573336601257,93.90880584716797,-0.2419578582048416,-0.24072544276714325,66.41378021240234,0.6904916763305664,0.6456970572471619,-27.495025634765625,0.4185931561136805,-0.19088613773907687,0.3520367741584778,-0.14247125387191772,-0.06655639410018921,0.04841488599777222,0.08230282365628157
1091,5455,5469,-0.3701423704624176,-0.49699535965919495,75.32836151123047,-0.19937153160572052,-0.0878831297159195,73.87641906738281,0.7040241360664368,0.624282956123352,-1.4519424438476562,0.4390250800466975,-0.06158297646652065,0.38894400000572205,-0.09268660098314285,-0.050081074237823486,-0.031103625893592834,0.05895379157054248
1092,5460,5474,-0.288932740688324,-0.3483172357082367,60.970951080322266,-0.11174383014440536,0.03719229996204376,52.29271697998047,0.8090518712997437,0.6077563166618347,-8.678234100341797,0.42306089429146954,0.03214032797774971,0.3603050112724304,-0.12311001867055893,-0.06275588274002075,-0.15525034070014954,0.16745437917830558
1093,5465,5479,-0.23089328408241272,-0.1969243586063385,70.25047302246094,0.011638940311968327,0.13302187621593475,36.73964309692383,0.7490975260734558,0.7355717420578003,-33.51082992553711,0.39249219742422936,-0.11677440823770227,0.34810805320739746,-0.15404823422431946,-0.044384151697158813,-0.0372738242149353,0.05795939003718296
1094,5470,5484,-0.17932938039302826,-0.05023021996021271,69.180908203125,0.15722304582595825,0.1854773908853531,19.03963851928711,0.7209365367889404,0.73357093334198,-50.14126968383789,0.33993456768776015,-0.23080319132410362,0.31763148307800293,-0.17427638173103333,-0.022303074598312378,0.05652680993080139,0.0607676507484931
1095,5475,5489,-0.09553545713424683,0.053021129220724106,50.00566482543945,0.3016160726547241,0.19615969061851501,3.4894282817840576,0.6268719434738159,0.6694881319999695,-46.5162353515625,0.3649135944790962,-0.21226411112251026,0.3430057764053345,-0.18923518061637878,-0.021907806396484375,0.02302892506122589,0.0317849550979925
1096,5480,5494,0.03114311955869198,0.14196699857711792,32.27980422973633,0.4580787718296051,0.16264274716377258,-15.014140129089355,0.613582193851471,0.6359238028526306,-47.2939453125,0.371994769132587,-0.21052653406472477,0.37525948882102966,-0.1732770800590515,0.0032647252082824707,0.03724946081638336,0.03739225537189318
1097,5485,5499,0.18011662364006042,0.1887509673833847,15.016550064086914,0.6066517233848572,0.07653369009494781,-32.764808654785156,0.6131962537765503,0.6768451929092407,-47.78135681152344,0.38289408625975563,-0.2188995827854418,0.3563319444656372,-0.1984865665435791,-0.026562154293060303,0.02041301131248474,0.033499836888139796
1098,5490,5504,0.3464033901691437,0.19259561598300934,0.23112481832504272,0.7150312066078186,-0.042259830981492996,-48.875022888183594,0.776008665561676,0.7497861981391907,-49.10614776611328,0.3676774390042301,-0.23634053211144887,0.3530847728252411,-0.18992173671722412,-0.014592677354812622,0.046418800950050354,0.048658517384133855
1099,5495,5509,0.5031683444976807,0.1431342512369156,-18.966888427734375,0.7827505469322205,-0.1944611519575119,-67.16866302490234,0.7780001759529114,0.7908212542533875,-48.20177459716797,0.3741285493040568,-0.22839591233600914,0.3602936863899231,-0.2261914312839508,-0.013834863901138306,0.0022044777870178223,0.014009396185292027
1100,5500,5514,0.6253699064254761,0.06043044105172157,-36.053436279296875,0.8214930891990662,-0.36456048488616943,-77.06948852539062,0.665691077709198,0.8281753659248352,-41.01605224609375,0.40868335805375133,-0.22816550930030843,0.3699798882007599,-0.2045011818408966,-0.038703471422195435,0.02366432547569275,0.04536473300206031
1101,5505,5519,0.7269588708877563,-0.06194093078374863,-52.55663299560547,0.8546445965766907,-0.5192111730575562,-77.92475891113281,0.6323131918907166,0.7301981449127197,-25.368125915527344,0.4406818181288649,-0.17663308685135093,0.4103836119174957,-0.2112720012664795,-0.030298203229904175,-0.034638911485672,0.04601994467481241
1102,5510,5524,0.7877985239028931,-0.21780146658420563,-71.39017486572266,0.8931834101676941,-0.6986843943595886,-77.60596466064453,0.6555116772651672,0.7262380719184875,-6.215789794921875,0.4893699708104173,-0.05358554356642162,0.4237821400165558,-0.186143696308136,-0.06558781862258911,-0.13255815207958221,0.14789667215466104
1103,5515,5529,0.8268710374832153,-0.3893854320049286,-77.08527374267578,0.9209333658218384,-0.8874407410621643,-81.91080474853516,0.8363089561462402,0.8916491866111755,-4.825531005859375,0.5064793842241591,-0.019632774854773605,0.45075467228889465,-0.14692619442939758,-0.05572471022605896,-0.1272934228181839,0.13895631983665652
1104,5520,5534,0.8648424744606018,-0.5697184205055237,-78.53069305419922,0.9290109872817993,-1.0696231126785278,-87.56131744384766,0.8656648993492126,0.8504865169525146,-9.030624389648438,0.5026817348971439,-0.03651537614577914,0.4789904057979584,-0.1296890377998352,-0.023691326379776,-0.09317366033792496,0.09613849346853777
1105,5525,5539,0.8981209993362427,-0.7269357442855835,-78.22415924072266,0.9987354278564453,-1.2210783958435059,-62.182743072509766,0.7406781315803528,0.7881404757499695,16.04141616821289,0.5042764158726781,-0.002349406254143288,0.4733964502811432,-0.053451813757419586,-0.030879944562911987,-0.0511024072766304,0.05970784710299916
1106,5530,5544,0.9224312901496887,-0.9151292443275452,-83.383544921875,1.1068675518035889,-1.3215209245681763,-41.238826751708984,0.747954249382019,0.6751842498779297,42.144718170166016,0.4249361915937061,0.13638242355782637,0.4449305832386017,0.03923274576663971,0.019994378089904785,-0.09714968502521515,0.09918586822577387
1107,5535,5549,0.931864857673645,-1.0943396091461182,-85.92831420898438,1.2144334316253662,-1.4476100206375122,-53.6318473815918,0.6953250169754028,0.678305447101593,32.29646682739258,0.37244240180057236,0.2567715715600722,0.42459836602211,0.16275405883789062,0.05215597152709961,-0.09401750564575195,0.10751528604707623
1108,5540,5554,1.0145553350448608,-1.240597128868103,-58.187740325927734,1.291630744934082,-1.612218976020813,-66.9724349975586,0.7932084202766418,0.7107333540916443,-8.78469467163086,0.46185366018552576,0.039557257484624936,0.3913138806819916,0.059845633804798126,-0.07053977251052856,0.0202883780002594,0.0733994399686982
1109,5545,5559,1.141303300857544,-1.348303198814392,-38.87234878540039,1.328557014465332,-1.8013458251953125,-79.65778350830078,0.7836953401565552,0.9069883823394775,-40.78543472290039,0.4301094957034447,-0.23519650567931127,0.4226759970188141,-0.05164007842540741,-0.007433503866195679,0.1835564225912094,0.18370687862519303
1110,5550,5564,1.2410815954208374,-1.4932917356491089,-56.79930877685547,1.3135666847229004,-1.9955118894577026,-95.35601043701172,0.8375872373580933,0.9207520484924316,-38.55670166015625,0.45992748545090767,-0.21434989897235945,0.48329445719718933,-0.18980219960212708,0.023366957902908325,0.024547696113586426,0.033891062333914465
1111,5555,5569,1.2989517450332642,-1.6391180753707886,-69.6426773071289,1.2564903497695923,-2.1529195308685303,-111.07513427734375,0.725053071975708,0.7721889019012451,-41.432456970214844,0.46693891155100986,-0.21854738305203708,0.45528391003608704,-0.2638885974884033,-0.01165500283241272,-0.04534120857715607,0.04681521426054482
1112,5560,5574,1.329193353652954,-1.8288333415985107,-83.52179718017578,1.158491849899292,-2.322568893432617,-120.97662353515625,0.7576424479484558,0.7758743166923523,-37.45482635498047,0.4713235417988776,-0.22531737055729373,0.4952572286128998,-0.21289226412773132,0.02393367886543274,0.01242510974407196,0.02696672646403144
1113,5565,5579,1.306976318359375,-2.0219128131866455,-98.96696472167969,1.0443992614746094,-2.489759922027588,-123.92131042480469,0.7754992842674255,0.8096651434898376,-24.954345703125,0.5030558190895679,-0.18644696547066142,0.4183385968208313,-0.1168304905295372,-0.08471721410751343,0.06961647421121597,0.10965153828259397
1114,5570,5584,1.231097936630249,-2.20162034034729,-113.396240234375,1.0216654539108276,-2.69731068611145,-94.0047607421875,0.9195596575737,1.0011546611785889,19.3914794921875,0.538098080761585,0.004619435302293251,0.46688953042030334,-0.0963214859366417,-0.07120856642723083,-0.10094092041254044,0.12353027704312886
1115,5575,5589,1.1265513896942139,-2.367602825164795,-122.74752807617188,1.0678789615631104,-2.900585651397705,-75.81702423095703,0.9201447367668152,1.0014184713363647,46.930503845214844,0.48000994599710606,0.238963592678624,0.4384317696094513,0.03545292466878891,-0.04157817363739014,-0.20351067185401917,0.20771455914666942
1116,5580,5594,1.034378170967102,-2.5157270431518555,-120.56832885742188,1.0604913234710693,-3.0884487628936768,-92.92109680175781,0.7812226414680481,0.8684183955192566,27.647232055664062,0.47984648169652433,0.313750568128875,0.4660022556781769,-0.028332218527793884,-0.013844221830368042,-0.34208279848098755,0.3423628243467336
1117,5585,5599,1.0232667922973633,-2.724059581756592,-89.11836242675781,0.9974793791770935,-3.2938671112060547,-109.72462463378906,0.8132728338241577,0.8476426005363464,-20.60626220703125,0.5693432852305518,-0.034551915368306596,0.5020877122879028,-0.04685349017381668,-0.06725555658340454,-0.012301575392484665,0.06837132914080664
1118,5590,5604,1.068537712097168,-2.9307596683502197,-77.04005432128906,0.8788518905639648,-3.457416534423828,-128.87289428710938,0.8347212076187134,0.7807698845863342,-51.83283996582031,0.4707005724287268,-0.30296722032006984,0.42034515738487244,-0.1655270755290985,-0.05035540461540222,0.13744014501571655,0.1463743838105632
1119,5595,5609,1.0494937896728516,-3.1487929821014404,-96.00578308105469,0.7086119055747986,-3.572697162628174,-147.41195678710938,1.037497878074646,0.98155277967453,-51.40617370605469,0.45724359188458685,-0.2946582950720396,0.40469861030578613,-0.1916595697402954,-0.052544981241226196,0.10299873352050781,0.11562748012678212
1120,5600,5614,0.9679440855979919,-3.3468964099884033,-113.42725372314453,0.5193660259246826,-3.6099071502685547,-170.2514190673828,1.0249791145324707,0.9464132785797119,-56.82416534423828,0.41967724565245423,-0.3070308365694786,0.34841546416282654,-0.28941673040390015,-0.07126179337501526,0.017614096403121948,0.07340640017819865
1121,5605,5619,0.8589795231819153,-3.4765772819519043,-131.3216094970703,0.3248870074748993,-3.5685060024261475,167.98214721679688,0.7633614540100098,0.874882698059082,-60.69622802734375,0.42169314029537186,-0.3404124443149869,0.3097480833530426,-0.22685900330543518,-0.11194506287574768,0.11355343461036682,0.15945557254002118
1122,5610,5624,0.6889564394950867,-3.580770492553711,-152.14083862304688,0.15776410698890686,-3.469243049621582,152.00694274902344,0.7521876096725464,0.7992672920227051,-55.85223388671875,0.4175097980535374,-0.3468273367370286,0.366835355758667,-0.09858774393796921,-0.0506744384765625,0.24823957681655884,0.2533590065756083
1123,5615,5629,0.48981165885925293,-3.610579490661621,-174.2772216796875,0.01782855950295925,-3.316762924194336,137.73355102539062,0.8049783110618591,0.943350613117218,-47.989227294921875,0.44033272729554135,-0.3394161389148874,0.3416978418827057,-0.2198496162891388,-0.09863489866256714,0.11956652998924255,0.15499999460594613
1124,5620,5634,0.3014276921749115,-3.560450553894043,165.09890747070312,-0.06404092162847519,-3.123257637023926,137.73355102539062,0.8577340245246887,0.943350613117218,-27.3653564453125,0.4656030333733354,-0.32850993135098006,0.3629171848297119,-0.21007144451141357,-0.1026858389377594,0.1184384822845459,0.15675476262052823
1125,5625,5639,0.11896056681871414,-3.4381885528564453,146.17596435546875,-0.10424741357564926,-2.891301155090332,106.00955200195312,0.9664211869239807,0.9737833738327026,-40.166412353515625,0.489851938644932,-0.33007984875318175,0.40180960297584534,-0.2768186926841736,-0.08804234862327576,0.0532611608505249,0.10289901071559393
1126,5630,5644,0.0014546643942594528,-3.278061628341675,137.73355102539062,-0.0710143893957138,-2.6666014194488525,80.3570785522461,0.943350613117218,1.0861304998397827,-57.37647247314453,0.4648843897962875,-0.4037546968273801,0.4124660789966583,-0.3037188947200775,-0.05241832137107849,0.10003581643104553,0.11293734982009938
1127,5635,5649,-0.08041481673717499,-3.0845563411712646,124.62760925292969,-0.033786531537771225,-2.4746193885803223,79.29473876953125,0.8901936411857605,0.8949095606803894,-45.33287048339844,0.47539826197874846,-0.38495944672672694,0.517486572265625,-0.2826021909713745,0.04208829998970032,0.10235726833343506,0.1106726496326253
1128,5640,5654,-0.10409343987703323,-2.8612895011901855,96.05388641357422,-0.0941571593284607,-2.260993719100952,111.03408813476562,0.9878833889961243,0.861032247543335,14.980201721191406,0.5959001032522744,-0.07319031772846082,0.4760144054889679,-0.012929700314998627,-0.11988571286201477,0.06026061624288559,0.13417870925897962
1129,5645,5659,-0.06401117146015167,-2.634498357772827,78.42578125,-0.22882866859436035,-2.1044180393218994,131.99386596679688,0.895452618598938,0.814095675945282,53.568084716796875,0.48623296005312994,0.2678198273627127,0.43689391016960144,0.18873709440231323,-0.04933905601501465,-0.07908272743225098,0.09321169576065257
1130,5650,5664,-0.03796723857522011,-2.407113552093506,84.87496948242188,-0.34419307112693787,-1.948425531387329,124.30768585205078,1.0900859832763672,0.9234853982925415,39.432716369628906,0.42949927067427957,0.34597592348769723,0.4574678838253021,0.2056725025177002,0.027968615293502808,-0.14030343294143677,0.14306396029953947
1131,5655,5669,-0.12979747354984283,-2.2144269943237305,118.19282531738281,-0.40095290541648865,-1.7490752935409546,104.55939483642578,1.0057567358016968,0.9757701754570007,-13.633430480957031,0.5382483680718085,0.019135303477680166,0.4580146372318268,-0.020955301821231842,-0.08023372292518616,-0.04009060561656952,0.08969229037737222
1132,5660,5674,-0.2495548129081726,-2.0871200561523438,133.8090362548828,-0.40239790081977844,-1.5729410648345947,89.47322845458984,0.7950243949890137,0.8062259554862976,-44.33580780029297,0.47686451075522185,-0.24564462749483368,0.43512287735939026,-0.2427070140838623,-0.041741639375686646,0.002937614917755127,0.041844880680614815
1133,5665,5679,-0.3563542664051056,-1.9207909107208252,117.59613037109375,-0.3523886799812317,-1.3780276775360107,73.16612243652344,0.7797279953956604,0.7931853532791138,-44.43000793457031,0.47917869876275865,-0.25494200874894646,0.41883912682533264,-0.2156578004360199,-0.06033957004547119,0.039284199476242065,0.07200077806358415
1134,5670,5684,-0.4037455916404724,-1.719521403312683,101.1149673461914,-0.2873201370239258,-1.1887576580047607,71.84320068359375,0.8120388984680176,0.7717786431312561,-29.271766662597656,0.4983635569133647,-0.21656131916069904,0.4540504515171051,-0.14944982528686523,-0.04431310296058655,0.06711149215698242,0.08042141178524695
1135,5675,5689,-0.3941531777381897,-1.5160633325576782,85.93302154541016,-0.3035338222980499,-1.0012353658676147,96.86383056640625,0.9600490927696228,0.8868100047111511,10.930809020996094,0.5199584969514635,-0.05387823600106571,0.4529409110546112,0.05298928543925285,-0.0670175850391388,0.10686752200126648,0.12614287123404705
1136,5680,5694,-0.33104750514030457,-1.3220939636230469,71.11265563964844,-0.37715888023376465,-0.8321415185928345,114.1729965209961,0.9717515707015991,0.8677660822868347,43.060340881347656,0.44864523729743166,0.20223033490162717,0.39470556378364563,0.18377703428268433,-0.05393967032432556,-0.01845329999923706,0.057008879269450384
1137,5685,5699,-0.2842642366886139,-1.1613179445266724,75.10377502441406,-0.42035555839538574,-0.6665855050086975,102.39842987060547,0.776479959487915,0.8149256110191345,27.294654846191406,0.44312109924371856,0.25869813675467646,0.3853069841861725,0.17576944828033447,-0.05781412124633789,-0.08292868733406067,0.10109223411536938
1138,5690,5704,-0.3125508427619934,-0.9760823249816895,102.46435546875,-0.4082794189453125,-0.5182453393936157,84.20084381103516,0.7226044535636902,0.6868570446968079,-18.263511657714844,0.4677072918932796,-0.005343667309451849,0.41876521706581116,-0.07451529055833817,-0.04894208908081055,-0.06917162239551544,0.0847351251159858
1139,5695,5709,-0.3885425627231598,-0.8112982511520386,117.83282470703125,-0.34503623843193054,-0.3607724606990814,65.15169525146484,0.6982383131980896,0.6748002171516418,-52.681129455566406,0.37809328751546006,-0.24882072673382155,0.41111084818840027,-0.19604864716529846,0.03301754593849182,0.052772074937820435,0.06224990147014976
1140,5700,5714,-0.42089781165122986,-0.6424893140792847,98.60437774658203,-0.24291302263736725,-0.22799348831176758,50.236000061035156,0.8165091276168823,0.6509448885917664,-48.368377685546875,0.3832021929694623,-0.2379946512054421,0.3848077356815338,-0.15518420934677124,0.0016055405139923096,0.08281044661998749,0.08282600937956547
1141,5705,5719,-0.3965930938720703,-0.47210511565208435,80.75054168701172,-0.15812355279922485,-0.09413059800863266,58.297176361083984,0.8088634014129639,0.7393038868904114,-22.453365325927734,0.4113900232243959,-0.17461586745329116,0.40154144167900085,-0.11733085662126541,-0.009848594665527344,0.057285018265247345,0.058125451693174617
1142,5710,5724,-0.3186151683330536,-0.3189702033996582,62.094154357910156,-0.0660860687494278,0.0320277102291584,52.36347579956055,0.8137539625167847,0.7335352897644043,-9.73067855834961,0.4283718004323435,-0.058890427253611016,0.3733137547969818,-0.10431376844644547,-0.055058032274246216,-0.04542334005236626,0.07137693422545437
1143,5715,5729,-0.22876250743865967,-0.2084922045469284,50.9366340637207,0.042196448892354965,0.11321698874235153,35.704349517822266,0.65975421667099,0.616037130355835,-15.232284545898438,0.42054371246493505,-0.007651417777320951,0.33351755142211914,-0.11974155157804489,-0.08702614903450012,-0.11209013313055038,0.1419075352509497
1144,5720,5734,-0.1475285142660141,-0.07358811795711517,60.61181640625,0.1924414485692978,0.16917811334133148,18.532392501831055,0.6202609539031982,0.6385631561279297,-42.07942199707031,0.3783573103693916,-0.17708970715186742,0.3232504725456238,-0.15802887082099915,-0.05510684847831726,0.019060835242271423,0.05831020656236122
1145,5725,5739,-0.04875741899013519,0.04784952849149704,49.10737991333008,0.35428541898727417,0.17879939079284668,0.924101710319519,0.7507809996604919,0.6379702687263489,-48.18327713012695,0.36283930897147104,-0.21894986094318467,0.34892022609710693,-0.1891281008720398,-0.013919085264205933,0.02982175350189209,0.03291014914156191
1146,5730,5744,0.08235964924097061,0.1322760432958603,31.502031326293945,0.5171337723731995,0.14200471341609955,-13.953788757324219,0.7341552972793579,0.785918116569519,-45.45581817626953,0.3757813422896308,-0.21888712715312797,0.35661184787750244,-0.18688258528709412,-0.019169479608535767,0.03200453519821167,0.037306289305097586
1147,5735,5749,0.23830591142177582,0.17692863941192627,14.89963436126709,0.6607623100280762,0.055893730372190475,-32.190303802490234,0.7635268568992615,0.7825078368186951,-47.08993911743164,0.37713114013069865,-0.2255902204915361,0.43276283144950867,-0.15889662504196167,0.05563169717788696,0.06669358909130096,0.08684998881273051
1148,5740,5754,0.3784562945365906,0.1764621138572693,-1.2932533025741577,0.7604525089263916,-0.04803726077079773,-47.74393081665039,0.6448230743408203,0.6610963940620422,-46.45067596435547,0.3869657736722451,-0.21582068256488485,0.3675764501094818,-0.1375073790550232,-0.019389331340789795,0.07831330597400665,0.0806778783956378
1149,5745,5759,0.5403580665588379,0.13168787956237793,-17.582916259765625,0.8384371399879456,-0.1970626711845398,-65.11530303955078,0.6681178212165833,0.6573081016540527,-47.532386779785156,0.3834638816455809,-0.2233461665354053,0.3735538721084595,-0.19213137030601501,-0.009910017251968384,0.031214803457260132,0.032750151095982595
1150,5750,5764,0.6796250343322754,0.040927909314632416,-35.981040954589844,0.866755485534668,-0.3686344027519226,-82.19075775146484,0.6457160711288452,0.6794818043708801,-46.209716796875,0.3920531406897794,-0.2214800989045006,0.3834191560745239,-0.22202607989311218,-0.008633971214294434,-0.0005459785461425781,0.008651216764254198
1151,5755,5769,0.7881478667259216,-0.08864788711071014,-51.0384635925293,0.8838605284690857,-0.547299861907959,-84.79068756103516,0.7942207455635071,0.8560307621955872,-33.75222396850586,0.4168171879314958,-0.21397655427491086,0.40885281562805176,-0.189110666513443,-0.007964372634887695,0.024865880608558655,0.02611021351705959
1152,5760,5774,0.8499691486358643,-0.24623799324035645,-69.572509765625,0.9335203170776367,-0.7353032231330872,-74.30943298339844,0.8020968437194824,0.9156745076179504,-4.7369232177734375,0.4874713578147143,-0.0923973600721027,0.46385446190834045,-0.08235212415456772,-0.023616909980773926,0.010045237839221954,0.025664474284241935
1153,5765,5779,0.8697291016578674,-0.3923007547855377,-82.6706771850586,1.0145448446273804,-0.9237074851989746,-66.36540222167969,0.6798539757728577,0.9742170572280884,16.305274963378906,0.5455392525975743,0.0758397527033252,0.4835561215877533,0.08254478126764297,-0.0619831383228302,0.006705030798912048,0.06234474215490397
1154,5770,5784,0.8884954452514648,-0.5750208497047424,-83.42874908447266,1.1308921575546265,-1.0505951642990112,-45.41596984863281,0.7226398587226868,0.7889142036437988,38.012779235839844,0.5001895032582682,0.18638013753465552,0.4703560173511505,0.13069769740104675,-0.029833465814590454,-0.055682435631752014,0.06317095313824657
1155,5775,5789,0.9435328841209412,-0.7614346742630005,-71.67436218261719,1.2639405727386475,-1.2043761014938354,-52.64308166503906,0.7780861258506775,0.795508861541748,19.031280517578125,0.5212193076328413,0.16488974568896506,0.43857356905937195,0.18427810072898865,-0.08264574408531189,0.019388347864151,0.08488949904620827
1156,5780,5794,1.0302045345306396,-0.9484348297119141,-64.0119400024414,1.3426016569137573,-1.3984324932098389,-69.11719512939453,0.976254403591156,0.986549437046051,-5.105255126953125,0.541383690016219,0.08362750391627535,0.4275190532207489,-0.05002529174089432,-0.11386463046073914,-0.13365280628204346,0.17557968759804227
1157,5785,5799,1.1761773824691772,-1.0894075632095337,-42.565757751464844,1.3613848686218262,-1.6094956398010254,-86.4302978515625,0.9535319805145264,0.9980179071426392,-43.864540100097656,0.48821184897456216,-0.2577646423783919,0.4003582000732422,-0.18829447031021118,-0.08785364031791687,0.06947016716003418,0.11200163499857045
1158,5790,5804,1.278662919998169,-1.2308425903320312,-56.00148010253906,1.3169924020767212,-1.810884952545166,-103.61690521240234,0.8092591762542725,0.9836429953575134,-47.61542510986328,0.5023180442470752,-0.29256601576737673,0.44037410616874695,-0.2549212574958801,-0.06194391846656799,0.03764474391937256,0.07248569362121025
1159,5795,5809,1.3500868082046509,-1.4283899068832397,-72.31932067871094,1.2326058149337769,-1.9636852741241455,-120.56671905517578,0.8254104852676392,0.7972933053970337,-48.247398376464844,0.4743297648603875,-0.2745071731976722,0.43564894795417786,-0.24602749943733215,-0.038680821657180786,0.028479665517807007,0.04803433472091387
1160,5800,5814,1.3590974807739258,-1.6370677947998047,-90.23303985595703,1.1215442419052124,-2.1458444595336914,-120.65839385986328,0.8172896504402161,0.8506531119346619,-30.42535400390625,0.5097386570442228,-0.2354819258234184,0.45563116669654846,-0.09897426515817642,-0.05410751700401306,0.13650766015052795,0.14683992875274626
1161,5805,5819,1.3063251972198486,-1.8388671875,-106.30583190917969,1.1065776348114014,-2.36902117729187,-88.8016586303711,0.9725581407546997,0.8914555907249451,17.504173278808594,0.5649114618727382,-0.04286469205722512,0.5015242695808411,-0.013302572071552277,-0.06338721513748169,0.029562119394540787,0.06994181829193799
1162,5810,5824,1.2004103660583496,-2.01279878616333,-121.56355285644531,1.1571861505508423,-2.5907366275787354,-76.09176635742188,0.9537142515182495,1.0660624504089355,45.47178649902344,0.5150632201685487,0.26568846526664025,0.5065339207649231,0.17521315813064575,-0.008529305458068848,-0.09047532081604004,0.09087646960771754
1163,5815,5829,1.103187918663025,-2.2069737911224365,-115.10489654541016,1.2030651569366455,-2.8159286975860596,-80.3624496459961,1.0251942873001099,1.0937784910202026,34.74244689941406,0.5090528889513165,0.3488075358727274,0.4631064236164093,0.12868283689022064,-0.04594644904136658,-0.22012470662593842,0.2248687676105029
1164,5820,5834,1.1105958223342896,-2.402589797973633,-86.22161102294922,1.1814310550689697,-3.005574941635132,-97.48059844970703,0.9047036170959473,0.8892936110496521,-11.258987426757812,0.6063423596637438,0.03094602640821531,0.535464346408844,-0.01862776279449463,-0.0708780288696289,-0.049573786556720734,0.086494250040192
1165,5825,5839,1.1697715520858765,-2.6198666095733643,-71.54814910888672,1.097412109375,-3.211048126220703,-114.24040985107422,0.8966894149780273,0.8661837577819824,-42.6922607421875,0.5378865431770137,-0.2557528909786927,0.5152938961982727,-0.1936149001121521,-0.022592663764953613,0.062137991189956665,0.06611776164631845
1166,5830,5844,1.2024815082550049,-2.845261335372925,-85.57323455810547,0.9548279047012329,-3.368238687515259,-135.1162567138672,0.8901106119155884,0.8310011029243469,-49.54302215576172,0.5023021175735329,-0.28728070051453225,0.400167852640152,-0.3119836449623108,-0.10213425755500793,-0.02470293641090393,0.1050792159926684
1167,5835,5849,1.1620713472366333,-3.067445755004883,-101.43321228027344,0.7759000062942505,-3.456179141998291,-155.6043701171875,1.0705715417861938,0.9328603148460388,-54.17115783691406,0.45756855136869723,-0.3014514414079933,0.455942839384079,-0.2682786285877228,-0.0016257166862487793,0.033172816038131714,0.03321262830074844
1168,5840,5854,1.0618820190429688,-3.261618137359619,-118.41739654541016,0.5730010271072388,-3.467925548553467,-179.02322387695312,1.0260955095291138,0.9413711428642273,-60.60582733154297,0.41410241533049175,-0.33179295020693783,0.430685430765152,-0.341843843460083,0.016583025455474854,-0.01005089282989502,0.01939116241835342
1169,5845,5859,0.9303672909736633,-3.3861238956451416,-138.66940307617188,0.3922377824783325,-3.3953616619110107,175.8260498046875,0.816444993019104,0.8369936347007751,-45.504547119140625,0.41018832272754474,-0.34844546795298226,0.47697243094444275,-0.2338552474975586,0.06678411364555359,0.11459022760391235,0.13263121087337873
1170,5850,5864,0.7441345453262329,-3.465007781982422,-160.00372314453125,0.21976132690906525,-3.27004075050354,153.3226776123047,0.798759400844574,0.9088613986968994,-46.673583984375,0.4260905641897292,-0.3625276021117346,0.45581933856010437,-0.3221815526485443,0.02972877025604248,0.04034605622291565,0.05011590599479597
1171,5855,5869,0.5356486439704895,-3.460782051086426,175.8260498046875,0.11222081631422043,-3.09525728225708,119.98295593261719,0.8369936347007751,0.8259285688400269,-55.84309387207031,0.4489093818480123,-0.3337361868912674,0.40863847732543945,-0.30323246121406555,-0.04027089476585388,0.03050372004508972,0.05051952000793046
1172,5860,5874,0.3563850522041321,-3.3790063858032227,175.8260498046875,0.04671845957636833,-2.859194040298462,103.17140197753906,0.8369936347007751,1.1069334745407104,-72.65464782714844,0.3466796810529691,-0.4958946246890055,0.3993310034275055,-0.3038060665130615,0.05265131592750549,0.1920885443687439,0.1991737180116917
1173,5865,5879,0.187266543507576,-3.225329637527466,147.8334197998047,0.0385979600250721,-2.624157428741455,91.7987060546875,0.9113591909408569,1.1081386804580688,-56.03471374511719,0.4459021616391694,-0.42974601299433646,0.4426495134830475,-0.26617076992988586,-0.003252655267715454,0.16357523202896118,0.16360756797782638
1174,5870,5884,0.0925787016749382,-3.0551600456237793,118.06368255615234,0.012073890306055546,-2.3961851596832275,97.66885375976562,0.9092678427696228,1.0795140266418457,-20.39482879638672,0.6193697761359797,-0.23897699787452534,0.4786244332790375,-0.19297662377357483,-0.1407453715801239,0.04600037634372711,0.14807192254101273
1175,5875,5889,0.04492205008864403,-2.825537919998169,99.56527709960938,-0.08202657103538513,-2.230456829071045,121.32941436767578,0.9213106632232666,0.8648872375488281,21.764137268066406,0.6079028345408851,0.0262983248003842,0.5106471180915833,0.046975769102573395,-0.09725570678710938,0.020677443593740463,0.09942951863623051
1176,5880,5894,0.03826633840799332,-2.590704917907715,91.06990814208984,-0.21611705422401428,-2.0572257041931152,128.92782592773438,0.905205488204956,0.8626510500907898,37.85791778564453,0.5381361368978091,0.2443777327962024,0.4820948541164398,0.2461492419242859,-0.05604127049446106,0.0017715096473693848,0.05606926292599248
1177,5885,5899,-0.00026207597693428397,-2.3647804260253906,100.81534576416016,-0.31205323338508606,-1.8700473308563232,113.95499420166016,1.0794445276260376,0.8339064717292786,13.1396484375,0.5444510281857635,0.21341892062352472,0.4693332016468048,0.137067511677742,-0.07511785626411438,-0.07635140419006348,0.10710849290093942
1178,5890,5904,-0.11756450682878494,-2.179241895675659,123.88546752929688,-0.34182339906692505,-1.6576119661331177,96.89646911621094,1.0230575799942017,0.9923197031021118,-26.988998413085938,0.5580651174265323,-0.10465735614787514,0.4370886981487274,-0.1928558647632599,-0.12097641825675964,-0.08819850534200668,0.1497139610016328
1179,5895,5909,-0.2504929006099701,-2.0086069107055664,128.0970916748047,-0.31466373801231384,-1.4500348567962646,81.96731567382812,1.0101292133331299,0.9837853908538818,-46.12977600097656,0.47917055126185204,-0.29413639452605445,0.4104679226875305,-0.24165740609169006,-0.06870263814926147,0.05247899889945984,0.08645286469607508
1180,5900,5914,-0.3201591372489929,-1.8367283344268799,110.12305450439453,-0.2637511193752289,-1.2808784246444702,72.89569091796875,0.8519255518913269,0.7979444265365601,-37.22736358642578,0.5025120741817395,-0.24419787465726603,0.46202781796455383,-0.194606214761734,-0.04048427939414978,0.049591660499572754,0.06401804174737356
1181,5905,5919,-0.3396586775779724,-1.6271499395370483,93.15187072753906,-0.24644969403743744,-1.0885977745056152,89.3721923828125,0.8322974443435669,0.7505353689193726,-3.7796783447265625,0.5326126095455729,-0.1226790822665331,0.44275549054145813,-0.00290863960981369,-0.08985713124275208,0.11977044492959976,0.14973063652376375
1182,5910,5924,-0.306421160697937,-1.4195424318313599,77.74449157714844,-0.3208897113800049,-0.9234985709190369,116.91166687011719,0.8136606216430664,0.7119322419166565,39.16717529296875,0.4816681073952047,0.11943485766711974,0.43184950947761536,0.21265682578086853,-0.049818605184555054,0.09322196990251541,0.10569876581606838
1183,5915,5929,-0.2479449063539505,-1.2250505685806274,72.97461700439453,-0.4080679416656494,-0.7832108736038208,121.17819213867188,0.9446030259132385,0.7663682103157043,48.203575134277344,0.37559285288277905,0.2824742667182344,0.4092158377170563,0.16768789291381836,0.03362298011779785,-0.11478638648986816,0.11960944492557107
1184,5920,5934,-0.262302041053772,-1.038922905921936,97.11004638671875,-0.4355141222476959,-0.6124910712242126,97.69639587402344,0.8784564137458801,0.8120228052139282,0.5863494873046875,0.4445920877614818,0.11909832163000372,0.38288888335227966,0.1283256709575653,-0.06170320510864258,0.009227350354194641,0.0623893381535521
1185,5925,5939,-0.33593159914016724,-0.9024245142936707,119.37901306152344,-0.414289265871048,-0.47441884875297546,80.4341049194336,0.7098821997642517,0.6431378126144409,-38.944908142089844,0.41140244813453003,-0.14169262274146993,0.42460134625434875,-0.11832424253225327,0.013198912143707275,0.023368380963802338,0.02683826579059651
1186,5930,5944,-0.41574153304100037,-0.7588015794754028,114.70787048339844,-0.344279944896698,-0.3222678601741791,62.69364547729492,0.6529628038406372,0.6574434638023376,-52.014225006103516,0.3666990299753548,-0.24738687936549775,0.40282759070396423,-0.1888977587223053,0.03612855076789856,0.0584891140460968,0.06874771736200368
1187,5935,5949,-0.4337216019630432,-0.5897270441055298,94.08809661865234,-0.237812802195549,-0.19685140252113342,48.63166809082031,0.6641038656234741,0.6479501128196716,-45.45642852783203,0.3779096330985088,-0.22341852382477526,0.3817474842071533,-0.14523005485534668,0.0038378536701202393,0.0781884640455246,0.07828259723969018
1188,5940,5954,-0.39911648631095886,-0.4284828007221222,76.57095336914062,-0.15200777351856232,-0.06549817323684692,57.873435974121094,0.7766399383544922,0.741641104221344,-18.69751739501953,0.4104487808706614,-0.15605240789660046,0.3948032855987549,-0.10049877315759659,-0.015645503997802734,0.05555363744497299,0.057714715876566236
1189,5945,5959,-0.31567251682281494,-0.28526437282562256,58.28255081176758,-0.053296979516744614,0.050195060670375824,48.24742126464844,0.7818684577941895,0.7186381220817566,-10.03512954711914,0.4232978050575317,-0.04682868112029495,0.3685046136379242,-0.11516623944044113,-0.05479317903518677,-0.06833755970001221,0.0875917492377836
1190,5950,5964,-0.22371655702590942,-0.17969411611557007,48.76602554321289,0.0789370909333229,0.1323091685771942,30.98417854309082,0.6288328766822815,0.7448002696037292,-17.78184700012207,0.4341237782722678,-0.021950419376977004,0.3251703083515167,-0.13302293419837952,-0.10895347595214844,-0.11107251048088074,0.1555890822216673
1191,5955,5969,-0.14030644297599792,-0.04728196933865547,58.41012191772461,0.20732127130031586,0.17022854089736938,15.201370239257812,0.603887140750885,0.6075250506401062,-43.2087516784668,0.36737939416845444,-0.18217633917673598,0.3316737413406372,-0.17124003171920776,-0.03570565581321716,0.010936304926872253,0.037342959477061524
1192,5960,5974,-0.03715825080871582,0.0625956729054451,43.063297271728516,0.3703570067882538,0.17417724430561066,-1.3081650733947754,0.591947078704834,0.6445567607879639,-44.371463775634766,0.3739191298047684,-0.19673234766173947,0.3473289906978607,-0.2073274850845337,-0.02659013867378235,-0.010595142841339111,0.028623286438132067
1193,5965,5979,0.10072711110115051,0.14126481115818024,28.373598098754883,0.5321248769760132,0.1259171962738037,-18.98967742919922,0.753844678401947,0.6595537066459656,-47.36327362060547,0.37227946186726646,-0.21851220550870948,0.4003486633300781,-0.15873393416404724,0.02806919813156128,0.05977827310562134,0.06604030450595375
1194,5970,5984,0.2531954050064087,0.17685271799564362,12.404397964477539,0.6700893044471741,0.030513590201735497,-36.19295120239258,0.7682515978813171,0.7817592620849609,-48.59735107421875,0.375726689392229,-0.23247606377481422,0.36304938793182373,-0.17952364683151245,-0.012677311897277832,0.05295242369174957,0.05444881460391423
1195,5975,5989,0.41873234510421753,0.1649385243654251,-4.698146343231201,0.7737424373626709,-0.09792257100343704,-52.958587646484375,0.793339192867279,0.7737861275672913,-48.260440826416016,0.37534724269234676,-0.2329003486130104,0.369515061378479,-0.14964234828948975,-0.005832195281982422,0.0832580029964447,0.08346202468645948
1196,5980,5994,0.5553792119026184,0.11444701999425888,-22.00511360168457,0.8266865015029907,-0.2320476472377777,-69.97820281982422,0.6736239790916443,0.6558394432067871,-47.97309112548828,0.38137052861183407,-0.21959673239837435,0.36714696884155273,-0.21076679229736328,-0.014223545789718628,0.008829936385154724,0.01674147638047797
1197,5985,5999,0.6889928579330444,0.014374949969351292,-39.30179214477539,0.8577679991722107,-0.40515267848968506,-80.05635070800781,0.6596359610557556,0.6982355713844299,-40.75455856323242,0.3963325715094601,-0.21773599855922432,0.3925955891609192,-0.21787959337234497,-0.0037369728088378906,-0.00014358758926391602,0.003739730360572053
1198,5990,6004,0.7858601808547974,-0.12001089751720428,-55.163978576660156,0.8825936913490295,-0.583318293094635,-81.71196746826172,0.7844730019569397,0.7129905819892883,-26.547988891601562,0.43553523251249837,-0.18525701682237972,0.41910508275032043,-0.19500628113746643,-0.016430139541625977,-0.009749263525009155,0.01910491100836053
1199,5995,6009,0.8358460068702698,-0.2801078259944916,-74.08541107177734,0.9226155281066895,-0.770659327507019,-77.58971405029297,0.7824740409851074,0.905090868473053,-3.504302978515625,0.49554196673292383,-0.051067452043924835,0.43290504813194275,-0.1294630765914917,-0.06263691186904907,-0.07839561998844147,0.10034568232795642
1200,6000,6014,0.8639069199562073,-0.45503756403923035,-80.91898345947266,0.9782391786575317,-0.9577392339706421,-73.46148681640625,0.8369025588035583,0.9302751421928406,7.457496643066406,0.5144460190764157,0.03355738107557224,0.41879966855049133,0.001696661114692688,-0.09564635157585144,-0.03186072036623955,0.10081334272816814
1201,6005,6019,0.8872494101524353,-0.6099425554275513,-81.09008026123047,1.0595914125442505,-1.1121362447738647,-61.576866149902344,0.7163962721824646,0.8033286333084106,19.513214111328125,0.5228263271014187,0.09248188523879833,0.4785195291042328,0.07396681606769562,-0.044306784868240356,-0.018515072762966156,0.048019778266652415
1202,6010,6024,0.9300915598869324,-0.7955958843231201,-75.82992553710938,1.1904101371765137,-1.2697632312774658,-50.58277130126953,0.7495324015617371,0.8091186881065369,25.247154235839844,0.5234662701677947,0.13632130646532079,0.46260949969291687,0.10835868120193481,-0.060856789350509644,-0.02796262502670288,0.06697355603845666
1203,6015,6029,0.9900699853897095,-0.9836830496788025,-71.59688568115234,1.2666752338409424,-1.46274995803833,-70.53992462158203,0.7775941491127014,0.8222081661224365,1.0569610595703125,0.5418913236506604,0.11121762229098167,0.4473595917224884,-0.007516093552112579,-0.09453174471855164,-0.1187337189912796,0.15176938685068728
1204,6020,6034,1.096999168395996,-1.156112551689148,-56.80162048339844,1.2861905097961426,-1.6732714176177979,-86.15534973144531,0.9534406065940857,0.9937026500701904,-29.353729248046875,0.5363378355677869,-0.12485344371644544,0.4092242419719696,-0.17209133505821228,-0.12711361050605774,-0.04723788797855377,0.13560710909299759
1205,6025,6039,1.2168718576431274,-1.321797490119934,-55.64463806152344,1.2365186214447021,-1.879891037940979,-104.7544937133789,0.973193347454071,1.0001393556594849,-49.10985565185547,0.47182316794489143,-0.29872613149472305,0.47033652663230896,-0.283377081155777,-0.0014866292476654053,0.015349060297012329,0.015420885789128147
1206,6030,6044,1.2740761041641235,-1.4930047988891602,-73.13396453857422,1.1461656093597412,-2.0668439865112305,-115.98192596435547,0.8289676904678345,0.9804093241691589,-42.84796142578125,0.512044615819345,-0.2888993238868497,0.4642380177974701,-0.20993244647979736,-0.04780659079551697,0.07896688580513,0.09231055831946013
1207,6035,6049,1.2828301191329956,-1.7040436267852783,-89.68838500976562,1.065737247467041,-2.2385358810424805,-113.79749298095703,0.8354364633560181,0.8854504823684692,-24.109107971191406,0.5333036504336289,-0.21999659366290666,0.4783689081668854,-0.12785014510154724,-0.05493476986885071,0.09214644134044647,0.10727905476956781
1208,6040,6054,1.224257469177246,-1.9066036939620972,-109.00257110595703,1.0744036436080933,-2.4500041007995605,-83.42362976074219,0.8269392848014832,0.8474306464195251,25.578941345214844,0.5625812308513193,0.035249537339451326,0.49207553267478943,0.016472697257995605,-0.07050570845603943,-0.018776841461658478,0.07296317358890228
1209,6045,6059,1.1306979656219482,-2.0912327766418457,-117.4063720703125,1.1502937078475952,-2.664242744445801,-68.75682830810547,0.9862703084945679,1.0718183517456055,48.64954376220703,0.49967784405583504,0.2811520380075097,0.4745676815509796,0.12027710676193237,-0.0251101553440094,-0.16087493300437927,0.16282279929593338
1210,6050,6064,1.0567574501037598,-2.2969396114349365,-108.30810546875,1.1778640747070312,-2.8877248764038086,-84.75988006591797,1.030409336090088,1.0615849494934082,23.54822540283203,0.5228375020703862,0.30055779852789893,0.48125705122947693,0.09189387410879135,-0.04158046841621399,-0.2086639106273651,0.21276645166006972
1211,6055,6069,1.079684853553772,-2.4826083183288574,-81.79546356201172,1.136683464050293,-3.1084349155426025,-101.75907897949219,0.8504330515861511,1.0614533424377441,-19.96361541748047,0.6275553391256584,-0.03289479766694255,0.5356485247612,-0.03917311131954193,-0.09190678596496582,-0.00627831369638443,0.09212097768304593
1212,6060,6074,1.1602360010147095,-2.6955161094665527,-67.47893524169922,1.0514957904815674,-3.278122663497925,-118.44901275634766,0.9362989068031311,0.8695319890975952,-50.97007751464844,0.496526256248216,-0.3235993001278481,0.4717116057872772,-0.2129528522491455,-0.0248146653175354,0.11064645648002625,0.11339491146611314
1213,6065,6079,1.1760145425796509,-2.9194936752319336,-87.73123931884766,0.9005597233772278,-3.426908493041992,-138.0145263671875,0.9016330242156982,0.8367635607719421,-50.283287048339844,0.49611264028112734,-0.29532592657662715,0.4408455789089203,-0.2703665792942047,-0.05526706576347351,0.02495935559272766,0.06064171822852921
1214,6070,6084,1.1268093585968018,-3.139117479324341,-103.25706481933594,0.7149226069450378,-3.502863645553589,-160.5574951171875,1.0620776414871216,0.7994565367698669,-57.30043029785156,0.44850673009113706,-0.31749595697531885,0.44991961121559143,-0.2206750214099884,0.0014128684997558594,0.09682092070579529,0.09683122886608174
1215,6075,6089,1.0136467218399048,-3.325136423110962,-122.34820556640625,0.516631007194519,-3.4955601692199707,-178.3018035888672,1.0263168811798096,0.8586913347244263,-55.95359802246094,0.409910896043184,-0.3286973245211549,0.406559020280838,-0.33257031440734863,-0.003351867198944092,-0.003872990608215332,0.0051220181540757425
1216,6080,6094,0.8519895672798157,-3.4544804096221924,-142.83323669433594,0.3197750449180603,-3.4157118797302246,158.99993896484375,0.9728935360908508,0.9390356540679932,-58.16680908203125,0.40068987616678153,-0.3524243462931939,0.43505915999412537,-0.17723602056503296,0.03436928987503052,0.1751883327960968,0.17852786906920118
1217,6085,6099,0.6842378377914429,-3.5073862075805664,-164.48843383789062,0.18810397386550903,-3.270695686340332,148.09384155273438,0.8052582740783691,0.8189757466316223,-47.417724609375,0.41476409393757746,-0.3607519371523752,0.4322129786014557,-0.3062065541744232,0.017448872327804565,0.05454537272453308,0.05726832310422806
1218,6090,6104,0.4743965268135071,-3.4836299419403076,-178.3018035888672,0.07291637361049652,-3.1016476154327393,126.75896453857422,0.8586913347244263,0.906518816947937,-54.939239501953125,0.38998384363944655,-0.39371233269382144,0.4357391893863678,-0.372426301240921,0.045755356550216675,0.021286040544509888,0.050464325766822395
1219,6095,6109,0.2948507070541382,-3.398756742477417,152.02171325683594,0.015547200106084347,-2.873351812362671,102.39545440673828,0.8551584482192993,0.9654267430305481,-49.626258850097656,0.49314689679356616,-0.3329668685753714,0.42325636744499207,-0.3287788927555084,-0.06989052891731262,0.004187971353530884,0.07001589202745122
1220,6100,6114,0.15931129455566406,-3.2343342304229736,148.09384155273438,0.017923319712281227,-2.639225482940674,88.83834838867188,0.8189757466316223,1.102097988128662,-59.2554931640625,0.434558929910757,-0.4304689484910018,0.4429837763309479,-0.2747843265533447,0.008424848318099976,0.15568462014198303,0.15591240815899338
1221,6105,6119,0.05322654917836189,-3.0447921752929688,123.44428253173828,0.009401639923453331,-2.4014692306518555,92.70507049560547,0.9813489317893982,1.1241075992584229,-30.739212036132812,0.5609559610594053,-0.3179834015921167,0.4926295578479767,-0.2143685519695282,-0.06832638382911682,0.10361483693122864,0.12411498362183712
1222,6110,6124,0.013860929757356644,-2.8395657539367676,98.97530364990234,-0.08339753746986389,-2.240569591522217,122.29412078857422,0.9114742875099182,0.8422278165817261,23.318817138671875,0.6068350288959268,0.0026189721256586473,0.5103801488876343,0.037481650710105896,-0.09645485877990723,0.03486267849802971,0.1025619136634493
1223,6115,6129,0.019047459587454796,-2.6056246757507324,88.55382537841797,-0.23387861251831055,-2.0931801795959473,137.2948760986328,0.9308437705039978,0.8200493454933167,48.741050720214844,0.5058979647839802,0.26577850464009417,0.47100594639778137,0.21591943502426147,-0.034891992807388306,-0.049859076738357544,0.0608553916696973
1224,6120,6134,-0.001584199839271605,-2.3700149059295654,97.16303253173828,-0.34188637137413025,-1.9156540632247925,117.96961975097656,0.9486989378929138,0.8307138085365295,20.80658721923828,0.49324804944470696,0.28099057555067736,0.46697571873664856,0.20237773656845093,-0.026272326707839966,-0.07861283421516418,0.08288674715528635
1225,6125,6139,-0.12431196868419647,-2.194303512573242,127.0645523071289,-0.389295756816864,-1.7087315320968628,102.03392028808594,1.00816810131073,1.0003504753112793,-25.03063201904297,0.5471750876431298,-0.08121558817427171,0.45260879397392273,-0.06560253351926804,-0.09456631541252136,0.015613056719303131,0.09584652080707287
1226,6130,6144,-0.2710486352443695,-2.04905104637146,136.0808868408203,-0.37731364369392395,-1.5001806020736694,85.68336486816406,0.9702856540679932,0.9886821508407593,-50.39752197265625,0.45726446419199496,-0.3216523378302195,0.4386121332645416,-0.24268996715545654,-0.01865231990814209,0.07896235585212708,0.08113545883073331
1227,6135,6149,-0.3513750731945038,-1.8866164684295654,114.75647735595703,-0.31823721528053284,-1.3030705451965332,72.8000259399414,0.8224145770072937,0.9650066494941711,-41.956451416015625,0.5160387352322466,-0.274459443067499,0.40612557530403137,-0.22777000069618225,-0.10991314053535461,0.04668945074081421,0.1194186052205582
1228,6140,6154,-0.3908438980579376,-1.6794310808181763,98.81153869628906,-0.2644107937812805,-1.1403257846832275,73.25253295898438,0.8329509496688843,0.7800611257553101,-25.559005737304688,0.5133748976251079,-0.2075236484504665,0.45175912976264954,-0.09833618253469467,-0.06161579489707947,0.10918746143579483,0.12537307492277658
1229,6145,6159,-0.3701208233833313,-1.4706796407699585,81.84333038330078,-0.29288190603256226,-0.9545658826828003,102.30245971679688,0.821224570274353,0.7337194085121155,20.459129333496094,0.5218513402733953,-0.003231144569588895,0.4393141567707062,0.0589708536863327,-0.0825372040271759,0.06220199912786484,0.10335123968354981
1230,6150,6164,-0.3052794635295868,-1.276139259338379,71.13652801513672,-0.3761260211467743,-0.7928087115287781,120.23793029785156,0.9602840542793274,0.7125208973884583,49.101402282714844,0.4344659762041343,0.22330913257886012,0.4052368998527527,0.20447707176208496,-0.029229074716567993,-0.01883205771446228,0.034770464571925876
1231,6155,6169,-0.2644573152065277,-1.084905982017517,79.67857360839844,-0.4265083074569702,-0.630479633808136,104.68795776367188,0.934508204460144,0.8190024495124817,25.009384155273438,0.4180381698004697,0.2408483311674389,0.3827693462371826,0.1903432458639145,-0.035268813371658325,-0.05050508677959442,0.061600754762090607
1232,6160,6174,-0.31088605523109436,-0.9047316908836365,105.79467010498047,-0.4174809455871582,-0.4602358043193817,85.7918930053711,0.8764638900756836,0.8065308332443237,-20.002777099609375,0.45672733842552105,-0.018417441660114317,0.40206992626190186,-0.020267538726329803,-0.05465739965438843,-0.001850096508860588,0.05468870261828889
1233,6165,6179,-0.3887515962123871,-0.7745229601860046,123.02297973632812,-0.36885151267051697,-0.3267475366592407,69.19181823730469,0.6835047602653503,0.6537187695503235,-53.83116149902344,0.364593171557052,-0.2607118380386979,0.4245398938655853,-0.1760137379169464,0.05994671583175659,0.08469811081886292,0.10376598052973701
1234,6170,6184,-0.42824143171310425,-0.6064824461936951,100.09034729003906,-0.2677876949310303,-0.19422216713428497,50.503665924072266,0.6804799437522888,0.6554682850837708,-49.5866813659668,0.37777211144161876,-0.2302003115565417,0.41705769300460815,-0.18811580538749695,0.0392855703830719,0.042084500193595886,0.0575713574346486
1235,6175,6189,-0.4110746681690216,-0.43785297870635986,81.25255584716797,-0.14644262194633484,-0.07819320261478424,43.511348724365234,0.6590566039085388,0.662566065788269,-37.741207122802734,0.3957213901680472,-0.20685711616575714,0.37993770837783813,-0.13899680972099304,-0.01578366756439209,0.06786030530929565,0.06967169582013964
1236,6180,6194,-0.34358710050582886,-0.28618618845939636,64.75595092773438,-0.03969234973192215,0.042015548795461655,48.44059753417969,0.7721927165985107,0.7500410079956055,-16.315353393554688,0.42646174830051875,-0.1349028691139849,0.3722275495529175,-0.1076730415225029,-0.054234206676483154,0.027229823172092438,0.06068618000674381
1237,6185,6199,-0.23380954563617706,-0.16113421320915222,48.145851135253906,0.09598183631896973,0.12642192840576172,30.500137329101562,0.787047266960144,0.7555884718894958,-17.645713806152344,0.43423387270598185,-0.05377568371074665,0.3069886267185211,-0.10389832407236099,-0.1272452473640442,-0.050122641026973724,0.1367612230138926
1238,6190,6204,-0.13016042113304138,-0.0600266195833683,44.67940139770508,0.2324095070362091,0.1632029265165329,13.902068138122559,0.6662576794624329,0.6625242233276367,-30.777332305908203,0.4147676071114158,-0.09620921729493406,0.3292921483516693,-0.12771326303482056,-0.08547544479370117,-0.03150404244661331,0.09109641240553368
1239,6195,6209,-0.02238837070763111,0.05669616162776947,45.573909759521484,0.3978908360004425,0.16150783002376556,-3.416433572769165,0.636478841304779,0.665164589881897,-48.9903450012207,0.369042329601459,-0.22677710382617114,0.3526591956615448,-0.1771760880947113,-0.01638314127922058,0.04960101842880249,0.05223665712265004
1240,6200,6214,0.11547905951738358,0.1342610865831375,26.564477920532227,0.5600042343139648,0.1086985170841217,-20.794042587280273,0.6211914420127869,0.6753851771354675,-47.3585205078125,0.3861656992222604,-0.22165769861533616,0.4117051661014557,-0.14541387557983398,0.02553945779800415,0.0762438178062439,0.08040760945512401
1241,6205,6219,0.2771667540073395,0.16871491074562073,11.225186347961426,0.6972998976707458,0.012077489867806435,-36.8546257019043,0.7845418453216553,0.7913597822189331,-48.079811096191406,0.38160395353089177,-0.23542633863436654,0.37095820903778076,-0.16490411758422852,-0.010645747184753418,0.07052221894264221,0.07132121211614151
1242,6210,6224,0.4452056288719177,0.15229275822639465,-6.922367095947266,0.8003302812576294,-0.12120146304368973,-53.682796478271484,0.7974076271057129,0.7915530800819397,-46.76042938232422,0.3854986451513536,-0.22869936228877363,0.3775683343410492,-0.13248273730278015,-0.00793030858039856,0.09621661901473999,0.09654287943089312
1243,6215,6229,0.5821700096130371,0.09837696701288223,-22.937875747680664,0.8566554188728333,-0.28614628314971924,-73.14900970458984,0.6798552870750427,0.813987135887146,-50.21113586425781,0.4026426191234803,-0.24714223707749636,0.37002816796302795,-0.19105631113052368,-0.032614439725875854,0.05608592927455902,0.0648793737733621
1244,6220,6234,0.7150936722755432,-0.005238870158791542,-40.42162322998047,0.8757345080375671,-0.43740564584732056,-83.24105834960938,0.6645832061767578,0.7009238004684448,-42.819435119628906,0.40251492857316906,-0.2248451477101765,0.40178313851356506,-0.2194899022579193,-0.0007317960262298584,0.005355238914489746,0.005405007794191524
1245,6225,6239,0.8137533068656921,-0.14450335502624512,-57.09126281738281,0.8938996195793152,-0.6221790313720703,-84.37310028076172,0.6850605010986328,0.7313921451568604,-27.281837463378906,0.44457010650075107,-0.19223658241849353,0.43829962611198425,-0.15819567441940308,-0.006270468235015869,0.0340409129858017,0.03461361767849853
1246,6230,6244,0.8607357144355774,-0.3108506500720978,-75.5568618774414,0.9484955668449402,-0.8110612630844116,-72.05400085449219,0.8188835978507996,0.7818093299865723,3.5028610229492188,0.5062907896431098,-0.039775811776771086,0.44153502583503723,-0.014148809015750885,-0.06475576758384705,0.025627002120018005,0.06964231955522894
1247,6235,6249,0.8808608651161194,-0.4898394048213959,-84.04077911376953,1.0433714389801025,-0.9923650622367859,-61.688106536865234,0.8464055061340332,0.9670913219451904,22.352672576904297,0.5166820045068068,0.10945985177252601,0.4560517370700836,0.08525542169809341,-0.06063029170036316,-0.02420443296432495,0.06528312834718956
1248,6240,6254,0.9046971201896667,-0.6758299469947815,-82.21929168701172,1.1955945491790771,-1.131193995475769,-41.54431915283203,0.886418879032135,0.9849795699119568,40.67497253417969,0.49055399926091603,0.2265711911315415,0.4478324353694916,0.17385661602020264,-0.042721569538116455,-0.052714571356773376,0.06785247627852997
1249,6245,6259,0.9599781036376953,-0.8375638127326965,-70.41939544677734,1.2914206981658936,-1.2777100801467896,-59.037437438964844,0.7863709330558777,0.8050543069839478,11.3819580078125,0.525770263866669,0.16476820026848338,0.4673548638820648,0.1461157500743866,-0.058415383100509644,-0.018652454018592834,0.06132104878176031
1250,6250,6264,1.0615580081939697,-1.0124235153198242,-56.107662200927734,1.3588759899139404,-1.481303334236145,-74.06966400146484,0.7970188856124878,0.8574635982513428,-17.96200180053711,0.5550056259888461,-0.014663627169553828,0.4278874695301056,-0.1350424587726593,-0.12711814045906067,-0.12037882953882217,0.17507165457293847
1251,6255,6269,1.2161147594451904,-1.1521942615509033,-41.6297492980957,1.3596243858337402,-1.6872330904006958,-92.30891418457031,0.8082818984985352,0.8161450624465942,-50.67916488647461,0.462700735731108,-0.3045810079388242,0.4443623721599579,-0.2660932242870331,-0.01833835244178772,0.038487792015075684,0.04263338251270881
1252,6260,6274,1.316085696220398,-1.3313881158828735,-61.32229995727539,1.2937233448028564,-1.8853622674942017,-110.10228729248047,0.9849902987480164,0.9800242185592651,-48.77998733520508,0.47528851506925757,-0.2854614910240479,0.43117597699165344,-0.26036810874938965,-0.04411253333091736,0.025093376636505127,0.050750301948784465
1253,6265,6279,1.3656026124954224,-1.5389635562896729,-77.90254974365234,1.1833841800689697,-2.05916166305542,-122.95471954345703,0.9999961853027344,0.9751853346824646,-45.05216979980469,0.4704574035840381,-0.2871923724815595,0.4299027621746063,-0.2333000898361206,-0.04055464267730713,0.053892284631729126,0.06744670033078985
1254,6270,6284,1.3549654483795166,-1.7180310487747192,-94.62051391601562,1.0965455770492554,-2.2230420112609863,-116.43062591552734,0.80462247133255,0.848852276802063,-21.81011199951172,0.5241869474224488,-0.21689846998443682,0.492926687002182,-0.08018571883440018,-0.031260281801223755,0.13671275973320007,0.1402411633300281
1255,6275,6289,1.2798346281051636,-1.910383701324463,-113.78178405761719,1.1065380573272705,-2.440912961959839,-83.7771224975586,0.8129951357841492,0.8542141318321228,30.004661560058594,0.555363519613391,0.05535665196092168,0.5356748700141907,0.08319825679063797,-0.019688665866851807,0.027841605246067047,0.03409983205668854
1256,6280,6294,1.1652430295944214,-2.0848374366760254,-124.05249786376953,1.1721404790878296,-2.6611385345458984,-71.2499008178711,0.8248326182365417,0.9195709228515625,52.80259704589844,0.473617542810095,0.3284158238545502,0.4781915843486786,0.10894255340099335,0.004574030637741089,-0.21947325766086578,0.21952091605254334
1257,6285,6299,1.089702844619751,-2.2865164279937744,-108.29573059082031,1.183492660522461,-2.88444447517395,-88.70327758789062,1.0272959470748901,1.0583949089050293,19.592453002929688,0.5382594508301073,0.27675122901955473,0.5186038613319397,0.04277327284216881,-0.019655585289001465,-0.23397794365882874,0.23480208719657336
1258,6290,6304,1.1183972358703613,-2.502816915512085,-81.37508392333984,1.1282856464385986,-3.1031241416931152,-105.02363586425781,1.002835988998413,1.0667623281478882,-23.64855194091797,0.5950014260613559,-0.08024867259762912,0.5312595367431641,-0.10384827107191086,-0.06374186277389526,-0.023599594831466675,0.06797033136667412
1259,6295,6309,1.1791378259658813,-2.6920583248138428,-70.85497283935547,1.0137128829956055,-3.286862373352051,-123.04437255859375,0.8974207043647766,1.0213862657546997,-52.18939971923828,0.5076534787260724,-0.3513477101839133,0.47074124217033386,-0.272532194852829,-0.036912232637405396,0.0788155198097229,0.08703102367061276
1260,6300,6314,1.1785626411437988,-2.915796995162964,-92.66399383544922,0.8699265718460083,-3.4025561809539795,-143.1279296875,0.8812610507011414,0.8376262187957764,-50.46393585205078,0.5005781429905996,-0.28567857984736256,0.4494257867336273,-0.292777419090271,-0.05115237832069397,-0.007098853588104248,0.05164261350985969
1261,6305,6319,1.1149765253067017,-3.1311941146850586,-109.63407135009766,0.6743717193603516,-3.463667869567871,-158.94021606445312,0.8635852336883545,0.8445366621017456,-49.30614471435547,0.4611913768607697,-0.30327200104553803,0.4767213761806488,-0.26833993196487427,0.015529990196228027,0.034932076930999756,0.03822866194634889
1262,6310,6324,0.9917596578598022,-3.311174154281616,-125.92517852783203,0.4817469120025635,-3.437169075012207,-173.16619873046875,1.0300533771514893,0.8181606531143188,-47.24102020263672,0.4012675528131358,-0.3390753191344153,0.4462580978870392,-0.34099146723747253,0.04499053955078125,-0.0019161403179168701,0.045031325128052344
1263,6315,6329,0.829836905002594,-3.420621395111084,-143.1279296875,0.2942572236061096,-3.3459291458129883,156.4656219482422,0.8376262187957764,0.9390670657157898,-60.40643310546875,0.38363394381836613,-0.38111615602114707,0.4251771867275238,-0.154109925031662,0.04154324531555176,0.2270062267780304,0.23077622977106346
1264,6320,6334,0.6514506936073303,-3.4665584564208984,-161.5406951904297,0.14042815566062927,-3.1833934783935547,133.42356872558594,0.8301892280578613,0.9846687316894531,-65.03573608398438,0.39507102197876487,-0.43040139070719274,0.4759581387042999,-0.3673858344554901,0.08088710904121399,0.06301555037498474,0.10253625699286804
1265,6325,6339,0.43852144479751587,-3.4231348037719727,-173.16619873046875,0.051195550709962845,-2.996990442276001,114.60802459716797,0.8181606531143188,0.9569162726402283,-72.22576904296875,0.3338673125812887,-0.46920461847457495,0.39667919278144836,-0.3061715364456177,0.06281188130378723,0.16303306818008423,0.17471437763713968
1266,6330,6344,0.2695165276527405,-3.327152729034424,146.91497802734375,0.011958179995417595,-2.7748374938964844,97.29293823242188,0.82565838098526,0.8580077886581421,-49.622039794921875,0.5172976780211709,-0.3221669330764304,0.4181727170944214,-0.31683292984962463,-0.0991249680519104,0.005333989858627319,0.09926837733691529
1267,6335,6349,0.12364424020051956,-3.1551735401153564,130.3045196533203,0.01720407046377659,-2.5448269844055176,88.47079467773438,0.9922518730163574,0.8943498730659485,-41.83372497558594,0.534311664976761,-0.31362951529907424,0.4543234407901764,-0.25564154982566833,-0.07998821139335632,0.05798795819282532,0.09879634232744204
1268,6340,6354,0.03176138177514076,-2.929576873779297,110.65791320800781,-0.01528859045356512,-2.3078596591949463,99.34879302978516,1.1490718126296997,1.138272762298584,-11.309120178222656,0.5983415745686153,-0.17530931243842438,0.46493151783943176,-0.12051040679216385,-0.13341006636619568,0.0547989085316658,0.1442260939778049
1269,6345,6359,0.01286458969116211,-2.7073781490325928,94.52320098876953,-0.14237627387046814,-2.1450109481811523,129.25296020507812,1.1033316850662231,0.9994403719902039,34.729759216308594,0.5728584229132276,0.11040752515211376,0.5096299052238464,0.0878109261393547,-0.06322848796844482,-0.02259659767150879,0.06714497685682681
1270,6350,6364,0.018330639228224754,-2.5120694637298584,88.02397155761719,-0.2585143744945526,-2.0167624950408936,132.38157653808594,0.9073784947395325,0.7988771796226501,44.35760498046875,0.48546643586025834,0.2937592405596283,0.4879947006702423,0.24050548672676086,0.002528250217437744,-0.053253740072250366,0.053313721318669724
1271,6355,6369,-0.027396060526371002,-2.2857248783111572,105.95848083496094,-0.3390134871006012,-1.820611596107483,109.60089874267578,0.9046494960784912,0.8274756073951721,3.6424179077148438,0.5328646848016462,0.1717294912405101,0.48501744866371155,0.07492129504680634,-0.047847241163253784,-0.09680819511413574,0.10798696739973367
1272,6360,6374,-0.16060617566108704,-2.1240549087524414,131.5400848388672,-0.3618747591972351,-1.6090202331542969,94.0295181274414,0.8171365857124329,0.8292179703712463,-37.51056671142578,0.5189693403076406,-0.19089416860602557,0.4399050176143646,-0.19423198699951172,-0.07906433939933777,-0.0033378154039382935,0.07913476338705033
1273,6365,6379,-0.2885425388813019,-1.962343454360962,126.91769409179688,-0.32952114939689636,-1.4021549224853516,79.9225845336914,0.9808369278907776,0.987492561340332,-46.99510955810547,0.4724847876482817,-0.3037244856867794,0.4135870337486267,-0.23695623874664307,-0.05889776349067688,0.06676825881004333,0.08903340344347531
1274,6370,6384,-0.3512803018093109,-1.7594144344329834,106.06612396240234,-0.26947498321533203,-1.2068893909454346,72.31558990478516,1.0025500059127808,0.960989773273468,-33.75053405761719,0.5083057048220628,-0.23151964123271723,0.45958229899406433,-0.19793039560317993,-0.048723429441452026,0.03358924388885498,0.05917947179183957
1275,6375,6389,-0.36093753576278687,-1.57892906665802,91.58546447753906,-0.25992393493652344,-1.0401756763458252,89.32229614257812,0.8305420875549316,0.7509336471557617,-2.2631683349609375,0.535752288652983,-0.11588118194022134,0.4546875059604645,-0.013623252511024475,-0.08106479048728943,0.10225792974233627,0.1304920857827658
1276,6380,6394,-0.32255199551582336,-1.3733580112457275,77.43911743164062,-0.3266403079032898,-0.8638989329338074,112.96617889404297,0.8302457928657532,0.7360310554504395,35.527061462402344,0.496376299652838,0.11478604408012612,0.4124917685985565,0.1656970977783203,-0.08388453722000122,0.05091105401515961,0.09812518028288289
1277,6385,6399,-0.2615388333797455,-1.1766995191574097,73.00261688232422,-0.3965037763118744,-0.7076112031936646,109.52307891845703,0.7948647737503052,0.6755490303039551,36.52046203613281,0.4091436155825781,0.2661970807923909,0.3695931136608124,0.18438825011253357,-0.03955051302909851,-0.08180883526802063,0.09086764335435923
1278,6390,6404,-0.27442389726638794,-0.9871152639389038,96.92434692382812,-0.40043261647224426,-0.5348780751228333,89.92753601074219,0.8914177417755127,0.8169943690299988,-6.9968109130859375,0.4641301075453751,0.07056851659260752,0.38627156615257263,-0.004596151411533356,-0.07785853743553162,-0.07516466826200485,0.10822051194915554
1279,6395,6409,-0.3554566204547882,-0.8233765959739685,116.82867431640625,-0.3499127924442291,-0.3712629973888397,71.64241790771484,0.8623431921005249,0.8106220364570618,-45.186256408691406,0.40094605425918806,-0.20899689382522849,0.41529253125190735,-0.18937447667121887,0.014346480369567871,0.01962241530418396,0.024307625991944776
1280,6400,6414,-0.4006204903125763,-0.6834223866462708,105.29472351074219,-0.25453659892082214,-0.23250482976436615,53.9393310546875,0.679368257522583,0.7776696681976318,-51.35539245605469,0.39641219051425325,-0.2598547829111573,0.38640284538269043,-0.16448351740837097,-0.010009348392486572,0.09537127614021301,0.09589508521219915
1281,6405,6419,-0.39633142948150635,-0.5111482739448547,85.25984954833984,-0.16761380434036255,-0.11700153350830078,53.731895446777344,0.6715836524963379,0.6549844741821289,-31.5279541015625,0.41169916259092965,-0.195364286830762,0.382513165473938,-0.125664621591568,-0.029186010360717773,0.06969965994358063,0.07556365394173778
1282,6410,6424,-0.33776727318763733,-0.3468073010444641,67.59270477294922,-0.07203845679759979,0.01262866985052824,50.85498809814453,0.6754364371299744,0.6280001401901245,-16.737716674804688,0.4335903291092604,-0.10865292818439731,0.3661600351333618,-0.10017722100019455,-0.0674302875995636,0.008475705981254578,0.06796088049488865
1283,6415,6429,-0.2380620837211609,-0.21301722526550293,52.625953674316406,0.06149300932884216,0.10500401258468628,32.50334930419922,0.805415153503418,0.6449911594390869,-20.122604370117188,0.43456290354044574,-0.045009380827332496,0.3092316687107086,-0.08546184748411179,-0.12533122301101685,-0.040452465415000916,0.1316978261763993
1284,6420,6434,-0.14411978423595428,-0.07592512667179108,56.87318420410156,0.2219959795475006,0.1540938913822174,15.70522689819336,0.7801372408866882,0.7924500107765198,-41.1679573059082,0.3927124756213952,-0.18090439944204809,0.32752689719200134,-0.15444260835647583,-0.06518557667732239,0.02646179497241974,0.07035187275344883
1285,6425,6439,-0.03740876913070679,0.04198849946260452,46.426448822021484,0.3850984275341034,0.15348650515079498,-1.1192173957824707,0.739619255065918,0.7837235927581787,-47.5456657409668,0.3720071527451718,-0.22924836926885808,0.34509310126304626,-0.22303158044815063,-0.02691406011581421,0.00621679425239563,0.027622729095697268
1286,6430,6444,0.08329316973686218,0.11509264260530472,29.74635887145996,0.5273411273956299,0.11440244317054749,-16.94387435913086,0.6477718949317932,0.6720004081726074,-46.69023132324219,0.3851934621546726,-0.22091867686884084,0.4191177785396576,-0.14437639713287354,0.03392431139945984,0.07654227316379547,0.08372322548139557
1287,6435,6449,0.24263040721416473,0.156269833445549,12.318696022033691,0.67242032289505,0.022434119135141373,-34.51625061035156,0.6582130789756775,0.681010901927948,-46.83494567871094,0.3913406797212455,-0.222449613687436,0.36695894598960876,-0.1780233085155487,-0.02438172698020935,0.04442630708217621,0.05067706948410976
1288,6440,6454,0.4104630649089813,0.15001049637794495,-5.073216438293457,0.7834112644195557,-0.11071105301380157,-52.43436813354492,0.6605405807495117,0.691644012928009,-47.36115264892578,0.39454244198755484,-0.226720874813099,0.37298688292503357,-0.13944479823112488,-0.021555572748184204,0.08727607131004333,0.08989858363632895
1289,6445,6459,0.5703967809677124,0.09259557723999023,-21.42945671081543,0.8442447185516357,-0.271969735622406,-70.86479949951172,0.7949041724205017,0.8168507218360901,-49.435340881347656,0.38811221871963064,-0.23931039664408815,0.37240561842918396,-0.21686452627182007,-0.01570659875869751,0.02244587242603302,0.027395518493587005
1290,6450,6464,0.7067431807518005,-0.011031880043447018,-38.487789154052734,0.8661775588989258,-0.4479456841945648,-82.84992218017578,0.7940109372138977,0.8452808856964111,-44.36213302612305,0.3967081622639574,-0.2427666356675611,0.39337554574012756,-0.20618218183517456,-0.0033326148986816406,0.03658445179462433,0.03673592839681755
1291,6455,6469,0.7955606579780579,-0.1316574066877365,-55.20233154296875,0.8957604765892029,-0.6053061485290527,-78.18599700927734,0.6840469837188721,0.7437537312507629,-22.983665466308594,0.44612932500567115,-0.18802059874311694,0.44451507925987244,-0.10629033297300339,-0.0016142427921295166,0.08173026889562607,0.0817462086799338
1292,6460,6474,0.847048282623291,-0.29545339941978455,-75.48821258544922,0.9651324152946472,-0.7905282378196716,-68.44165802001953,0.6722131967544556,0.7849754095077515,7.0465545654296875,0.5088694494676052,-0.00973865514109648,0.46567443013191223,0.07459574937820435,-0.04319503903388977,0.08433440327644348,0.0947528520580413
1293,6465,6479,0.8680745363235474,-0.47294268012046814,-83.69578552246094,1.0811363458633423,-0.9569635391235352,-51.61563491821289,0.7019646167755127,0.813093900680542,32.08015060424805,0.5044896955803522,0.15862431619295445,0.4743686020374298,0.09414935857057571,-0.03012111783027649,-0.06447496265172958,0.07116391324461666
1294,6470,6484,0.9126891493797302,-0.6577897667884827,-75.3647232055664,1.2226645946502686,-1.103737473487854,-47.225257873535156,0.9014100432395935,0.9680278301239014,28.13946533203125,0.5097983779970219,0.1872424833543464,0.4162314534187317,0.17311438918113708,-0.09356695413589478,-0.01412808895111084,0.0946275742248481
1295,6475,6489,0.9893404245376587,-0.8410809636116028,-66.8521957397461,1.3104467391967773,-1.2899013757705688,-66.04444885253906,0.9346392154693604,0.9803929328918457,0.8077468872070312,0.5389159148648046,0.11882198613865888,0.41387778520584106,0.044526949524879456,-0.12503814697265625,-0.0742950364947319,0.1454451465196042
1296,6480,6494,1.103136420249939,-0.9745445847511292,-47.645591735839844,1.3381314277648926,-1.495250940322876,-82.91749572753906,0.8029367923736572,0.9919761419296265,-35.27190399169922,0.5431172170728935,-0.17714810416360383,0.4008685350418091,-0.12772506475448608,-0.14224869012832642,0.049423038959503174,0.15058992869118837
1297,6485,6499,1.2380709648132324,-1.1270027160644531,-51.63460159301758,1.312556266784668,-1.6711660623550415,-100.35493469238281,0.7742865085601807,0.8076950907707214,-48.720333099365234,0.4728924211444512,-0.27934667651519635,0.44244518876075745,-0.24239417910575867,-0.03044724464416504,0.03695249557495117,0.047880284414761186
1298,6490,6504,1.3158934116363525,-1.3162678480148315,-70.51107788085938,1.2285913228988647,-1.8606730699539185,-116.14766693115234,0.8077671527862549,0.8167346715927124,-45.63658905029297,0.4840879522996436,-0.2639271770977986,0.4551970064640045,-0.2500663697719574,-0.028890937566757202,0.013860821723937988,0.03204385514180611
1299,6495,6509,1.3389525413513184,-1.52670419216156,-85.0013198852539,1.117401361465454,-2.0368475914001465,-122.5092544555664,0.9918423295021057,0.8249441385269165,-37.5079345703125,0.4888988003667401,-0.2651587752564127,0.4467962086200714,-0.1253967583179474,-0.04210260510444641,0.1397620141506195,0.14596592052948154
1300,6500,6514,1.2940319776535034,-1.7273728847503662,-103.62378692626953,1.096832275390625,-2.2499547004699707,-92.56796264648438,0.966665506362915,1.0204756259918213,11.055824279785156,0.5543276100457863,-0.06855929867124598,0.5013301968574524,-0.043160080909729004,-0.0529974102973938,0.025399215519428253,0.05876942782801843
1301,6505,6519,1.1980112791061401,-1.9103604555130005,-118.3153076171875,1.1533116102218628,-2.467205047607422,-75.29962921142578,0.9724125266075134,1.0478434562683105,43.01567840576172,0.5114206047435919,0.22477305262612182,0.48442766070365906,0.15593382716178894,-0.02699294686317444,-0.06883922219276428,0.07394225917878713
1302,6510,6524,1.1051453351974487,-2.0645999908447266,-120.50080108642578,1.185470700263977,-2.6608221530914307,-82.65599060058594,0.8254066705703735,0.8880593180656433,37.844810485839844,0.4729489981717959,0.37182290967004816,0.4677177965641022,0.07009648531675339,-0.005231201648712158,-0.30172643065452576,0.3017717753969212
1303,6515,6529,1.1049652099609375,-2.2829244136810303,-85.45423126220703,1.1529812812805176,-2.882678747177124,-100.59007263183594,0.8619499802589417,0.8734511137008667,-15.135841369628906,0.6016732451494589,0.0003312455731070557,0.4587327539920807,-0.1319378912448883,-0.142940491437912,-0.13226914405822754,0.19474883969463833
1304,6520,6534,1.1648311614990234,-2.5006814002990723,-72.74713897705078,1.0620205402374268,-3.0760092735290527,-118.0508804321289,0.8919566869735718,0.8206745982170105,-45.303741455078125,0.518948547263037,-0.2688207411140582,0.4528358280658722,-0.23582178354263306,-0.06611272692680359,0.0329989492893219,0.07389061723857325
1305,6525,6539,1.182167410850525,-2.726574420928955,-87.9620590209961,0.9131245017051697,-3.228870391845703,-135.65975952148438,1.0378872156143188,1.0043072700500488,-47.69770050048828,0.4924107571352307,-0.2867350268420362,0.3910006284713745,-0.25348734855651855,-0.10141012072563171,0.033247679471969604,0.1067212292651187
1306,6530,6544,1.1321890354156494,-2.944323778152466,-104.12970733642578,0.7271119952201843,-3.3089210987091064,-158.3278045654297,1.0526041984558105,0.9395395517349243,-54.198097229003906,0.4524531730920321,-0.30381695280143906,0.46369221806526184,-0.24702182412147522,0.011239051818847656,0.05679512023925781,0.05789647630709917
1307,6535,6549,1.043721318244934,-3.1012470722198486,-120.51663208007812,0.5364537239074707,-3.3069729804992676,-158.3278045654297,0.817440390586853,0.9395395517349243,-37.81117248535156,0.4348137545905422,-0.33253655501491103,0.4481560289859772,-0.28210315108299255,0.01334226131439209,0.05043339729309082,0.052168414768941025
1308,6540,6554,0.8858620524406433,-3.245836019515991,-141.10784912109375,0.3560449481010437,-3.251241683959961,158.74539184570312,0.8232517242431641,0.8396375179290771,-60.146759033203125,0.41576608711332014,-0.3284416935551241,0.4440441429615021,-0.21619093418121338,0.028278052806854248,0.11225074529647827,0.11575784245640584
1309,6545,6559,0.6889803409576416,-3.3085312843322754,-158.3278045654297,0.1842101514339447,-3.112745761871338,138.50656127929688,0.9395395517349243,0.8803814649581909,-63.1656494140625,0.3967861371184296,-0.36835532620158895,0.4508768618106842,-0.3036471903324127,0.05409073829650879,0.06470814347267151,0.08433831751429029
1310,6550,6564,0.49832209944725037,-3.3065834045410156,-174.14657592773438,0.07186151295900345,-2.9235119819641113,122.15589141845703,0.831102728843689,0.9928964376449585,-63.697540283203125,0.3851699293881367,-0.42456622389550547,0.37795788049697876,-0.2680244743824005,-0.007212042808532715,0.15654173493385315,0.15670778007990813
1311,6555,6569,0.3041071593761444,-3.218797206878662,154.64236450195312,0.008576679974794388,-2.694066286087036,103.68804931640625,1.0234150886535645,1.0927903652191162,-50.954315185546875,0.49178174245387596,-0.34760827762501323,0.4026811420917511,-0.287873238325119,-0.08910059928894043,0.05973502993583679,0.10727157403097826
1312,6560,6574,0.16008202731609344,-3.08280348777771,135.2392120361328,-0.006569639779627323,-2.460054636001587,93.41471099853516,0.903030276298523,1.1224074363708496,-41.824501037597656,0.5568391093966327,-0.32483706141728125,0.4916892945766449,-0.28491371870040894,-0.06514981389045715,0.03992334008216858,0.07640923591607034
1313,6565,6579,0.0555935800075531,-2.8871123790740967,118.09980010986328,-0.01542825996875763,-2.2652394771575928,93.50365447998047,0.9760946035385132,0.9067726731300354,-24.596145629882812,0.5820237277951826,-0.23025722176529773,0.49561014771461487,-0.23707491159439087,-0.08641359210014343,-0.006817683577537537,0.08668211873860374
1314,6570,6584,0.0055855498649179935,-2.663766384124756,100.3040542602539,-0.12203290313482285,-2.079530715942383,125.39513397216797,0.9046119451522827,0.8342285752296448,25.091079711914062,0.5976406850460928,0.021056959777865966,0.4863940179347992,0.025798488408327103,-0.11124667525291443,0.004741529002785683,0.1113476755577397
1315,6575,6589,-0.005352819804102182,-2.4297990798950195,91.86260986328125,-0.2724631130695343,-1.943125605583191,138.1105194091797,1.1118781566619873,0.7858975529670715,46.24790954589844,0.4950982074191914,0.2511508344421143,0.3806811571121216,0.151966392993927,-0.11441704630851746,-0.09918445348739624,0.15142264130426103
1316,6580,6594,-0.03417925164103508,-2.2031750679016113,98.44439697265625,-0.3865612745285034,-1.7784556150436401,122.61136627197266,1.0737495422363281,0.9569342136383057,24.166969299316406,0.47186214287990635,0.28619194552498084,0.39928117394447327,0.18262553215026855,-0.0725809633731842,-0.10356640815734863,0.12646737580417344
1317,6585,6599,-0.16609056293964386,-2.0385329723358154,131.02394104003906,-0.44442638754844666,-1.5799341201782227,105.21135711669922,0.9832548499107361,0.988801121711731,-25.812583923339844,0.5286756791403099,-0.09102613059667061,0.44573184847831726,-0.014028623700141907,-0.08294382691383362,0.07699750363826752,0.1131737336559902
1318,6590,6604,-0.29279252886772156,-1.9250136613845825,138.0743408203125,-0.44664856791496277,-1.406273365020752,89.3407974243164,0.8316783308982849,0.7835339307785034,-48.733543395996094,0.46107533443561627,-0.2831478620756752,0.4247666895389557,-0.21552568674087524,-0.0363086462020874,0.06762218475341797,0.07675335601687883
1319,6595,6609,-0.3972550928592682,-1.7534173727035522,117.84268188476562,-0.39769068360328674,-1.2062116861343384,73.70447540283203,0.7579417824745178,0.7932204008102417,-44.138206481933594,0.4840609307039525,-0.25518477328987377,0.40950316190719604,-0.2606346011161804,-0.07455778121948242,-0.005449831485748291,0.07475669470753278
1320,6600,6614,-0.44828757643699646,-1.54872465133667,102.61377716064453,-0.3137868642807007,-1.0279443264007568,65.21403503417969,0.988594651222229,0.7759541869163513,-37.399742126464844,0.47883893348036033,-0.24498135478908808,0.4781648814678192,-0.1908612847328186,-0.0006740391254425049,0.05412006378173828,0.05412426103405059
1321,6605,6619,-0.43815815448760986,-1.344639778137207,86.2367172241211,-0.2940117418766022,-0.8427337408065796,86.12969207763672,0.9692119359970093,0.8738107681274414,-0.107025146484375,0.510284766324578,-0.11089326325177232,0.42761823534965515,-0.03382496535778046,-0.0826665461063385,0.07706829905509949,0.1130189389633332
1322,6610,6624,-0.37293288111686707,-1.1560304164886475,69.69156646728516,-0.354297012090683,-0.6784591674804688,110.49857330322266,0.9388296008110046,0.8419821262359619,40.8070068359375,0.45435241719013286,0.14827499616279338,0.3918493986129761,0.1277351975440979,-0.06250301003456116,-0.02053980529308319,0.06579141178648032
1323,6615,6629,-0.3047355115413666,-1.0012460947036743,66.29106903076172,-0.4054971933364868,-0.5491449236869812,109.56167602539062,0.7726343274116516,0.6354014873504639,43.270606994628906,0.3734284848731085,0.2740429748018016,0.3765351176261902,0.15919816493988037,0.003106623888015747,-0.11484479904174805,0.11488680942092996
1324,6620,6634,-0.30068814754486084,-0.8218534588813782,94.18932342529297,-0.40632253885269165,-0.3838135004043579,88.1090087890625,0.6903562545776367,0.6614571213722229,-6.080314636230469,0.4445864037164203,0.0733522970330566,0.38731837272644043,0.0066610947251319885,-0.05726802349090576,-0.06669120490550995,0.08790530886302401
1325,6625,6639,-0.36681610345840454,-0.6580044031143188,114.98645782470703,-0.3588600158691406,-0.23262198269367218,69.88558959960938,0.6900343894958496,0.6116684675216675,-45.100868225097656,0.3822092099721169,-0.18689471748160877,0.4160540699958801,-0.11895348876714706,0.03384485840797424,0.06794122606515884,0.07590444413796102
1326,6630,6644,-0.41029104590415955,-0.504012942314148,103.57006072998047,-0.26752376556396484,-0.10427544265985489,53.089900970458984,0.7285962700843811,0.7479783296585083,-50.480159759521484,0.3550802447281769,-0.23257383929825956,0.39484846591949463,-0.14450997114181519,0.039768218994140625,0.08806386590003967,0.09662688921426632
1327,6635,6649,-0.39710551500320435,-0.3370513319969177,84.0723876953125,-0.138606995344162,-0.00486712995916605,36.106422424316406,0.7988357543945312,0.7580460906028748,-47.965965270996094,0.35710369350982085,-0.22281107804556988,0.34096285700798035,-0.14667266607284546,-0.016140848398208618,0.07613840699195862,0.07783048250066991
1328,6640,6654,-0.34919771552085876,-0.21301500499248505,67.88021850585938,-0.00654526986181736,0.04506725072860718,19.18899917602539,0.625708281993866,0.6482406854629517,-48.691219329833984,0.36811083954215507,-0.22025340612074695,0.31781205534935,-0.14457327127456665,-0.0502987802028656,0.07568013668060303,0.09087051434811481
1329,6645,6659,-0.24996036291122437,-0.08608651906251907,49.01651382446289,0.15692435204982758,0.06295281648635864,3.926753282546997,0.6316343545913696,0.6488709449768066,-45.089759826660156,0.3793614688502735,-0.2094105552898444,0.34856292605400085,-0.16891783475875854,-0.03079855442047119,0.0404927134513855,0.05087446114748285
1330,6650,6664,-0.11785875260829926,0.006327759940177202,31.688720703125,0.3243160545825958,0.06995201855897903,2.4299633502960205,0.6352071762084961,0.6569661498069763,-29.258756637573242,0.4096750443301562,-0.17813744934618064,0.3361799120903015,-0.21368256211280823,-0.07349511981010437,-0.03554511070251465,0.08163937487974549
1331,6655,6669,0.0392247699201107,0.05487366020679474,16.343036651611328,0.49413174390792847,0.046564821153879166,-9.085744857788086,0.7751277685165405,0.8112338781356812,-25.428781509399414,0.4341880878576403,-0.13597828048024918,0.3704584538936615,-0.147261381149292,-0.06372964382171631,-0.01128309965133667,0.0647207527720809
1332,6660,6674,0.20497506856918335,0.0648876279592514,3.1280148029327393,0.6509499549865723,-0.022609159350395203,-24.990825653076172,0.7996959090232849,0.8104833960533142,-28.11884117126465,0.44053599166360213,-0.11170195680237294,0.3797526955604553,-0.15806955099105835,-0.06078329682350159,-0.0463675931096077,0.07644974076811534
1333,6665,6679,0.3484852910041809,0.0698564425110817,1.3610678911209106,0.7738834619522095,-0.13160420954227448,-42.17273712158203,0.6571449041366577,0.7982789874076843,-43.53380584716797,0.4204928780644988,-0.2115082520156691,0.3564380407333374,-0.12530094385147095,-0.06405484676361084,0.086207315325737,0.1073998352400073
1334,6670,6684,0.5173859000205994,0.03964674845337868,-12.976469039916992,0.857480525970459,-0.26034900546073914,-59.221378326416016,0.6799919605255127,0.6375739574432373,-46.244911193847656,0.39877372097977926,-0.21596602553937383,0.38296300172805786,-0.12189415842294693,-0.015810728073120117,0.0940718725323677,0.0953912801253248
1335,6675,6689,0.666315495967865,-0.034160759299993515,-29.142465591430664,0.9000924229621887,-0.42708441615104675,-78.31548309326172,0.6514081954956055,0.6718503832817078,-49.17301940917969,0.3955305458086514,-0.22933869301300766,0.3872867524623871,-0.20066788792610168,-0.008243799209594727,0.02867080271244049,0.02983245135056453
1336,6680,6694,0.7981603741645813,-0.16075405478477478,-44.65904998779297,0.9169902801513672,-0.6082068085670471,-86.46131134033203,0.8820095658302307,0.721899151802063,-41.80226135253906,0.39903245450709657,-0.23475010899722515,0.4626474678516388,-0.23192629218101501,0.06361502408981323,0.0028238147497177124,0.06367766656912172
1337,6685,6699,0.8753533363342285,-0.307461142539978,-63.065711975097656,0.9199647903442383,-0.794039249420166,-88.8482666015625,0.8186151385307312,0.8758252263069153,-25.782554626464844,0.4540049078852488,-0.1806321664048285,0.46275290846824646,-0.13818252086639404,0.008747994899749756,0.04244963824748993,0.043341656660870816
1338,6690,6704,0.9088889360427856,-0.4772026836872101,-80.07911682128906,0.9797247052192688,-0.9819759726524353,-70.28571319580078,0.8224461078643799,0.9309884905815125,9.793403625488281,0.5094293437113753,-0.017189913512304367,0.4852677285671234,0.003129333257675171,-0.024161607027053833,0.020319247618317604,0.03156984443902571
1339,6695,6709,0.9167640209197998,-0.6348304748535156,-87.99159240722656,1.092909812927246,-1.1033694744110107,-45.753013610839844,0.7225776314735413,0.7598287463188171,42.23857879638672,0.474424405094593,0.1596170980782148,0.451911062002182,0.07276561856269836,-0.02251332998275757,-0.08685147762298584,0.08972195490630229
1340,6700,6714,0.9226246476173401,-0.8226268887519836,-87.36559295654297,1.2330782413482666,-1.2360222339630127,-47.03122329711914,0.7461701035499573,0.7724632620811462,40.33436965942383,0.42722778833146896,0.2911246505880163,0.44494757056236267,0.16658136248588562,0.017719775438308716,-0.12454327940940857,0.12579753132567467
1341,6705,6719,0.9965147972106934,-1.0044068098068237,-62.47431564331055,1.326273798942566,-1.4139506816864014,-65.1397705078125,0.7854811549186707,0.7866560816764832,-2.665454864501953,0.5155819098519792,0.10316237904731876,0.4349046051502228,0.00023307651281356812,-0.08067730069160461,-0.10292930155992508,0.13077946309148689
1342,6710,6724,1.137349009513855,-1.1332529783248901,-40.66246795654297,1.3678042888641357,-1.6158956289291382,-79.3084716796875,0.9085293412208557,0.9775072336196899,-38.64600372314453,0.489305208231267,-0.21594901518753598,0.3990212380886078,-0.16916248202323914,-0.09028396010398865,0.046786531805992126,0.10168664125877955
1343,6715,6729,1.266143798828125,-1.2841758728027344,-51.90640640258789,1.343660831451416,-1.8195462226867676,-98.34429168701172,0.934919536113739,0.9846616387367249,-46.43788528442383,0.4691625810445805,-0.2692893878883087,0.4594886600971222,-0.2521503269672394,-0.009673923254013062,0.017139047384262085,0.019680745320350947
1344,6720,6734,1.3348318338394165,-1.44125235080719,-66.8997573852539,1.2742490768432617,-1.978835940361023,-114.99562072753906,0.795789897441864,0.7861764430999756,-48.095863342285156,0.4707109490145204,-0.26664131090415966,0.4566320478916168,-0.29297444224357605,-0.014078915119171143,-0.026333123445510864,0.029860496334276492
1345,6725,6739,1.3696417808532715,-1.6424120664596558,-82.6350326538086,1.160263180732727,-2.149632453918457,-124.4881362915039,0.7865045666694641,0.8200472593307495,-41.85310363769531,0.4761955993611746,-0.2726713604164307,0.4510330259799957,-0.20656782388687134,-0.025162577629089355,0.06610354781150818,0.07073071713342298
1346,6730,6744,1.3346487283706665,-1.8492826223373413,-101.99372863769531,1.0864681005477905,-2.3444721698760986,-106.48651123046875,0.824480414390564,0.849877655506134,-4.4927825927734375,0.5359528164700688,-0.1398602535962124,0.496105819940567,-0.0709502175450325,-0.039846986532211304,0.06891003996133804,0.07960135641539932
1347,6735,6749,1.244688630104065,-2.026738166809082,-118.89816284179688,1.1107951402664185,-2.5599660873413086,-82.70487213134766,0.9357091784477234,0.9921028017997742,36.19329071044922,0.5315349982661949,0.14046361619359898,0.532153308391571,0.14541170001029968,0.0006183385848999023,0.004948079586029053,0.00498656537059863
1348,6740,6754,1.1303201913833618,-2.1963019371032715,-124.55888366699219,1.1763960123062134,-2.7738428115844727,-72.82930755615234,0.9606646299362183,1.0349702835083008,51.729576110839844,0.44949347657001126,0.36555718771654594,0.44209155440330505,0.13142430782318115,-0.007401913404464722,-0.23413288593292236,0.234249859332564
1349,6745,6759,1.0878901481628418,-2.3810439109802246,-99.75077819824219,1.1672885417938232,-2.991441011428833,-93.48656463623047,0.8810179829597473,1.0372453927993774,6.264213562011719,0.5881320153442717,0.18163000213162528,0.5027214884757996,0.023286860436201096,-0.08541053533554077,-0.1583431363105774,0.1799097228138984
1350,6750,6764,1.120842695236206,-2.5940535068511963,-79.87934875488281,1.1074827909469604,-3.1688811779022217,-110.16261291503906,0.8532043099403381,0.8513981699943542,-30.28326416015625,0.5635356764835272,-0.11416163882327938,0.5355860590934753,-0.0978865846991539,-0.027949631214141846,0.016275055706501007,0.032342840370880276
1351,6755,6769,1.1787575483322144,-2.8032000064849854,-77.61470794677734,0.9863516688346863,-3.344534397125244,-127.52203369140625,0.8379089832305908,0.8356964588165283,-49.907325744628906,0.4874680158990429,-0.3040359821312735,0.41652193665504456,-0.29866838455200195,-0.07094606757164001,0.00536760687828064,0.07114882787143774
1352,6760,6774,1.1608400344848633,-3.0235679149627686,-95.89921569824219,0.8180577158927917,-3.4580090045928955,-148.88323974609375,1.0338006019592285,0.799280047416687,-52.98402404785156,0.46737118370381187,-0.2963156339811759,0.44898882508277893,-0.22584643959999084,-0.018382370471954346,0.0704692006111145,0.0728273285171005
1353,6765,6779,1.078896164894104,-3.2240240573883057,-113.7262191772461,0.6241999864578247,-3.492985963821411,-171.4424285888672,1.0106645822525024,0.9448408484458923,-57.716209411621094,0.4291834836446048,-0.3080432748224973,0.43906357884407043,-0.2918219566345215,0.009880095720291138,0.016221314668655396,0.018993349915737614
1354,6770,6784,0.9424716234207153,-3.3829081058502197,-132.37896728515625,0.4279181957244873,-3.4502530097961426,170.35955810546875,0.999225378036499,0.9197185039520264,-57.261474609375,0.39657296698938665,-0.33470949776583536,0.44697150588035583,-0.3222939372062683,0.05039852857589722,0.012415558099746704,0.05190527685644027
1355,6775,6789,0.794076681137085,-3.4674232006073,-152.140625,0.27052533626556396,-3.354469060897827,147.35581970214844,0.7806699872016907,0.8443118929862976,-60.5035400390625,0.4100864558047506,-0.34451958893477114,0.4041348993778229,-0.21483609080314636,-0.005951553583145142,0.1296834945678711,0.12981998980660914
1356,6780,6794,0.5948730111122131,-3.493218421936035,-175.99546813964844,0.13344955444335938,-3.185307502746582,137.0214385986328,0.7807695865631104,0.929134726524353,-46.98309326171875,0.4387938299558641,-0.3393828447535198,0.5053335428237915,-0.4153692126274109,0.0665397047996521,-0.0759863555431366,0.10100226999207894
1357,6785,6799,0.39978745579719543,-3.4372761249542236,166.0583038330078,0.045257288962602615,-2.9825944900512695,115.4142837524414,0.8478215932846069,0.9595517516136169,-50.644020080566406,0.4536346428691521,-0.3558688398531088,0.41910097002983093,-0.3297896087169647,-0.034533679485321045,0.026079237461090088,0.04327472293783992
1358,6790,6804,0.22251982986927032,-3.3104212284088135,142.61477661132812,0.020203370600938797,-2.7495791912078857,94.66853332519531,1.033097267150879,1.0828349590301514,-47.94624328613281,0.5012818288821608,-0.32278827414032946,0.41181108355522156,-0.30730506777763367,-0.089470773935318,0.015483200550079346,0.09080059960076671
1359,6795,6809,0.11203180253505707,-3.1487808227539062,137.0214385986328,0.02115456946194172,-2.5229406356811523,89.6479721069336,0.929134726524353,1.0772708654403687,-47.37346649169922,0.4931372760476249,-0.3959169591684065,0.46761611104011536,-0.2631513178348541,-0.025521159172058105,0.13276565074920654,0.13519632977394694
1360,6800,6814,0.03622758015990257,-2.945805072784424,108.09456634521484,-0.02057648077607155,-2.3337085247039795,104.35970306396484,0.9630998373031616,0.8895369172096252,-3.73486328125,0.5994679921520121,-0.13611396657231337,0.450082927942276,-0.029289811849594116,-0.14938506484031677,0.10682415962219238,0.18364993513838573
1361,6805,6819,0.019951149821281433,-2.718804359436035,92.46551513671875,-0.1411229968070984,-2.1515657901763916,125.4635238647461,0.9053507447242737,0.8499438762664795,32.998008728027344,0.5736425733182104,0.1365235263412493,0.4848504364490509,0.155603289604187,-0.0887921154499054,0.01907975971698761,0.0908189242224731
1362,6810,6824,0.019534949213266373,-2.490389585494995,90.44955444335938,-0.2695524990558624,-1.9853951930999756,127.22417449951172,0.8804917931556702,0.8251996636390686,36.774620056152344,0.5072470641445103,0.2851162970790638,0.4867720305919647,0.28338494896888733,-0.020475059747695923,-0.0017313361167907715,0.02054812878149789
1363,6815,6829,-0.05146403983235359,-2.277432441711426,110.81633758544922,-0.34307247400283813,-1.7845830917358398,108.31382751464844,1.0527292490005493,1.0021544694900513,-2.5025100708007812,0.5643082122406331,0.0974279001649106,0.4836520850658417,0.06736736744642258,-0.08065614104270935,-0.030060529708862305,0.08607583013993426
1364,6820,6834,-0.17879025638103485,-2.104865312576294,127.08335876464844,-0.35710790753364563,-1.57740318775177,93.08403015136719,1.0156291723251343,0.9936713576316833,-33.99932861328125,0.528309025616062,-0.17579263718823088,0.42982974648475647,-0.2051822543144226,-0.09847930073738098,-0.029389619827270508,0.1027712140013682
1365,6825,6839,-0.2858181893825531,-1.9575639963150024,125.02999114990234,-0.3151665925979614,-1.3745826482772827,76.86709594726562,0.8397705554962158,0.9606298804283142,-48.16289520263672,0.4942214002635522,-0.3106022994968081,0.41047027707099915,-0.2383548617362976,-0.08375111222267151,0.0722474455833435,0.11060715253478275
1366,6830,6844,-0.3473879098892212,-1.757809042930603,104.86372375488281,-0.2633894979953766,-1.2068183422088623,72.4398422241211,0.8219609260559082,0.7948542833328247,-32.42388153076172,0.5110064808231005,-0.22252833985655196,0.460353285074234,-0.19181737303733826,-0.05065318942070007,0.030710965394973755,0.05923604471924672
1367,6835,6849,-0.3548511862754822,-1.5446745157241821,90.18009948730469,-0.2617828845977783,-1.013546347618103,93.3221435546875,0.8238034844398499,0.7621769905090332,3.1420440673828125,0.5308330003845626,-0.09473734973923703,0.4523284137248993,-0.001957632601261139,-0.07850459218025208,0.0927797183394432,0.12153619678323865
1368,6840,6854,-0.3069918751716614,-1.3446028232574463,75.47756958007812,-0.3333820402622223,-0.8466470241546631,115.11017608642578,0.9759882688522339,0.7234371304512024,39.632606506347656,0.47542831397335644,0.15041388548285725,0.41543713212013245,0.17315036058425903,-0.05999118089675903,0.022736474871635437,0.06415519522981888
1369,6845,6859,-0.25375232100486755,-1.1518911123275757,74.6332778930664,-0.4031214416027069,-0.6882668137550354,111.70958709716797,0.9370474219322205,0.8141431212425232,37.07630920410156,0.4074672512713944,0.26688773586732345,0.3698703944683075,0.1779063642024994,-0.03759685158729553,-0.08898136019706726,0.09659816619272517
1370,6850,6864,-0.27756422758102417,-0.9657502174377441,99.73857116699219,-0.4071873724460602,-0.5218070149421692,89.98092651367188,0.8724347352981567,0.7827776074409485,-9.757644653320312,0.4594720331849346,0.0526609670214242,0.37778207659721375,-0.005894549190998077,-0.08168995380401611,-0.058555517345666885,0.10050869198293738
1371,6855,6869,-0.34836629033088684,-0.825793445110321,117.78511047363281,-0.3676464259624481,-0.38168925046920776,72.91817474365234,0.7146809101104736,0.663017749786377,-44.86693572998047,0.4018874992860658,-0.18996498952542729,0.41162726283073425,-0.1726609468460083,0.00973975658416748,0.01730404794216156,0.01985681075861528
1372,6860,6874,-0.4072347581386566,-0.6641302108764648,105.71002197265625,-0.2790096700191498,-0.24384109675884247,54.68339157104492,0.7070757746696472,0.6464052200317383,-51.02663040161133,0.3698695900232954,-0.23723635159780854,0.3948821425437927,-0.18265163898468018,0.025012552738189697,0.05458471179008484,0.060042639479684336
1373,6865,6879,-0.4030560553073883,-0.49692007899284363,87.63087463378906,-0.171073779463768,-0.1181110069155693,49.037315368652344,0.7879070043563843,0.6483997702598572,-38.59355926513672,0.38807478850213317,-0.2161250616609763,0.3615463376045227,-0.1619991958141327,-0.02652844786643982,0.05412586033344269,0.06027741951210055
1374,6870,6884,-0.34695205092430115,-0.3397406041622162,68.99711608886719,-0.07215095311403275,0.0034660000819712877,50.522430419921875,0.7797936201095581,0.7445328831672668,-18.474685668945312,0.41889760771544726,-0.1335335979140125,0.3643099069595337,-0.1213797852396965,-0.05458769202232361,0.012153811752796173,0.05592433513638279
1375,6875,6889,-0.24835918843746185,-0.20713473856449127,51.37221908569336,0.06018929183483124,0.09128153324127197,32.04458236694336,0.761870265007019,0.7462318539619446,-19.32763671875,0.4257421143891197,-0.05475471759380035,0.3058543801307678,-0.09152150899171829,-0.11988773941993713,-0.036766789853572845,0.1253988313317135
1376,6880,6894,-0.1582157164812088,-0.10102222859859467,50.3518180847168,0.18972252309322357,0.1336795836687088,16.694808959960938,0.6354916095733643,0.6186084747314453,-33.65700912475586,0.40272453211545267,-0.11814783312486682,0.3495577871799469,-0.11850415915250778,-0.053166747093200684,-0.0003563240170478821,0.0531679411231758
1377,6885,6899,-0.05481664091348648,0.01929336041212082,46.73585891723633,0.3549552261829376,0.13862945139408112,-0.23355022072792053,0.6419991254806519,0.6441168189048767,-46.96940994262695,0.3677431243872886,-0.21660811165407157,0.3379351496696472,-0.19874846935272217,-0.029807984828948975,0.01785963773727417,0.03474885062371876
1378,6890,6904,0.08198920637369156,0.10136868059635162,28.55860710144043,0.5178254842758179,0.09483826160430908,-16.01043701171875,0.6329323649406433,0.7344677448272705,-44.56904602050781,0.3796855474263769,-0.21409063285858698,0.4138104021549225,-0.12927356362342834,0.03412485122680664,0.0848170667886734,0.0914245059592119
1379,6895,6909,0.2378440499305725,0.13910682499408722,12.583134651184082,0.6593252420425415,0.006253169849514961,-33.3643913269043,0.7555803656578064,0.7940233945846558,-45.94752502441406,0.38241464477771175,-0.22148482779606918,0.3634081780910492,-0.1845046877861023,-0.019006460905075073,0.03698013722896576,0.04157855343334213
1380,6900,6914,0.38946568965911865,0.13167014718055725,-4.341651916503906,0.7690199613571167,-0.11997607350349426,-49.69477844238281,0.6971448063850403,0.802190363407135,-45.353126525878906,0.39751561962227433,-0.2221904536767577,0.3636833727359772,-0.1623484492301941,-0.03383225202560425,0.059842005372047424,0.06874363158920363
1381,6905,6919,0.5387506484985352,0.0856499895453453,-18.97823143005371,0.8357757329940796,-0.2754186987876892,-67.8968734741211,0.6804551482200623,0.798406720161438,-48.91864013671875,0.39830220712208986,-0.24484659625189392,0.366096556186676,-0.19644883275032043,-0.03220564126968384,0.048397764563560486,0.0581338708873011
1382,6910,6924,0.6746737360954285,-0.008747369982302189,-37.235496520996094,0.8642639517784119,-0.42063459753990173,-78.8260498046875,0.6491311192512512,0.6955833435058594,-41.590553283691406,0.4001730976112825,-0.21320654498208236,0.3880605399608612,-0.21311980485916138,-0.012112557888031006,8.673965930938721e-05,0.012112868461243986
1383,6915,6929,0.7811538577079773,-0.14092227816581726,-53.720191955566406,0.8919496536254883,-0.6028064489364624,-81.75163269042969,0.6810319423675537,0.7278826236724854,-28.03144073486328,0.43790295723437056,-0.18399373806429994,0.454786092042923,-0.22484040260314941,0.016883134841918945,-0.04084666073322296,0.04419830240117188
1384,6920,6934,0.8397555947303772,-0.2965623438358307,-70.83190155029297,0.9071102142333984,-0.7874601483345032,-84.91751098632812,0.7773301601409912,0.8860547542572021,-14.085609436035156,0.4857973708177058,-0.09756133320439028,0.44384971261024475,-0.14760339260101318,-0.04194766283035278,-0.05004206299781799,0.06529789036413462
1385,6925,6939,0.8729632496833801,-0.47183316946029663,-79.19888305664062,0.9601351618766785,-0.9748032093048096,-72.90585327148438,0.8562191724777222,0.9206733703613281,6.29302978515625,0.5103952770143859,-0.008629279114466218,0.47009167075157166,0.012088581919670105,-0.04030361771583557,0.020717861130833626,0.045316789061237796
1386,6930,6944,0.8928382992744446,-0.6269927024841309,-82.68409729003906,1.0794410705566406,-1.1328057050704956,-51.98942565917969,0.7213039994239807,0.9386134743690491,30.694671630859375,0.5254572280773373,0.12067348216120456,0.45432719588279724,0.04793638736009598,-0.07113000750541687,-0.07273709774017334,0.1017357525916243
1387,6935,6949,0.9109305739402771,-0.8148030638694763,-83.72904968261719,1.2015633583068848,-1.2448205947875977,-44.327301025390625,0.7432281970977783,0.768958568572998,39.40174865722656,0.4591904253778276,0.24192280894313012,0.4230444133281708,0.17053021490573883,-0.03614601492881775,-0.07139259576797485,0.0800214791523112
1388,6940,6954,0.974349319934845,-0.9983455538749695,-67.88134765625,1.2986825704574585,-1.4272512197494507,-63.780399322509766,0.7772796750068665,0.8155156373977661,4.100948333740234,0.5194606861260214,0.13897022408875803,0.4189155399799347,0.05761101096868515,-0.10054513812065125,-0.08135921508073807,0.12933926966801162
1389,6945,6959,1.101548433303833,-1.1471270322799683,-48.2552490234375,1.3402246236801147,-1.6324676275253296,-80.22046661376953,0.9218424558639526,0.8318238258361816,-31.96521759033203,0.5210353218203488,-0.1450655391925396,0.4117264151573181,-0.097321517765522,-0.10930889844894409,0.0477440282702446,0.1192808765711901
1390,6950,6964,1.2331725358963013,-1.2942321300506592,-50.31505584716797,1.3190581798553467,-1.8385629653930664,-96.61112976074219,0.9288598895072937,0.9788401126861572,-46.29607391357422,0.47374287411653376,-0.28149616581159465,0.46440622210502625,-0.22753959894180298,-0.009336650371551514,0.053956568241119385,0.05475841758596724
1391,6955,6969,1.3145352602005005,-1.4834246635437012,-68.23690032958984,1.2391260862350464,-2.0277793407440186,-114.44108581542969,0.96855229139328,0.9619035124778748,-46.204185485839844,0.4775962494892064,-0.2718646365047458,0.4717535674571991,-0.2778841257095337,-0.005842685699462891,-0.006019502878189087,0.008388765766382733
1392,6960,6974,1.3395479917526245,-1.6617754697799683,-83.28861236572266,1.1439383029937744,-2.1793837547302246,-122.90055084228516,0.8269180655479431,0.8236242532730103,-39.6119384765625,0.4912008054818977,-0.2547611738067927,0.4625909626483917,-0.18562611937522888,-0.02860984206199646,0.06913504004478455,0.07482096514217351
1393,6965,6979,1.3114887475967407,-1.8685603141784668,-99.76592254638672,1.0723342895507812,-2.382967948913574,-105.06560516357422,0.8244216442108154,0.8634618520736694,-5.2996826171875,0.5475195209347808,-0.14843329704743558,0.48559901118278503,-0.08266546577215195,-0.061920493841171265,0.06576783210039139,0.09033025681752377
1394,6970,6984,1.2252798080444336,-2.0536515712738037,-116.70463562011719,1.1001478433609009,-2.604703426361084,-81.12068176269531,0.8079692721366882,0.8803184032440186,35.583953857421875,0.5485071402350965,0.13585312912042166,0.5034500956535339,0.0806872546672821,-0.045057058334350586,-0.05516587197780609,0.07122788735331663
1395,6975,6989,1.1131407022476196,-2.2313709259033203,-122.94486999511719,1.1571599245071411,-2.8220531940460205,-75.7551040649414,0.9941104650497437,1.0590866804122925,47.18976593017578,0.4717580984987824,0.3581724868374887,0.4419444501399994,0.11432062834501266,-0.029813647270202637,-0.24385184049606323,0.24566760811484595
1396,6980,6994,1.0754423141479492,-2.446563720703125,-97.35092163085938,1.1371244192123413,-3.04130482673645,-95.2193603515625,1.0327064990997314,1.0607794523239136,2.131561279296875,0.5819610164824108,0.13726995514560608,0.4992416203022003,-0.01809399574995041,-0.08271941542625427,-0.15536394715309143,0.17601266364511908
1397,6985,6999,1.1097769737243652,-2.6354126930236816,-78.9598388671875,1.0701807737350464,-3.2163474559783936,-111.65989685058594,0.8765557408332825,0.8693208694458008,-32.70005798339844,0.5626009630275633,-0.15011067338234083,0.5257701277732849,-0.1275196075439453,-0.0368308424949646,0.02259106934070587,0.0432072606496347
1398,6990,7004,1.1546695232391357,-2.8492355346679688,-82.7048110961914,0.9406284093856812,-3.3803870677948,-131.06813049316406,0.8580636382102966,0.837202787399292,-48.363319396972656,0.49967269614860604,-0.2797547967170419,0.4231572449207306,-0.2816055715084076,-0.07651546597480774,-0.0018507838249206543,0.07653784641671432
1399,6995,7009,1.1285195350646973,-3.0694494247436523,-99.74919128417969,0.7692039608955383,-3.4840030670166016,-152.59999084472656,0.8734936118125916,0.7975919246673584,-52.850799560546875,0.46941176063305945,-0.28392781325832106,0.432610422372818,-0.22097647190093994,-0.03680133819580078,0.06295135617256165,0.07291921377090144
1400,7000,7014,1.0406293869018555,-3.265625,-115.55499267578125,0.573175311088562,-3.51326060295105,-171.5111846923828,0.9979175329208374,0.8720799684524536,-55.95619201660156,0.4250588552651819,-0.31489946713839234,0.41010940074920654,-0.3110654056072235,-0.014949440956115723,0.003834068775177002,0.015433271470209337
1401,7005,7019,0.8979520201683044,-3.417266368865967,-134.83787536621094,0.37360644340515137,-3.4620983600616455,167.42308044433594,0.9687148928642273,0.8541837930679321,-57.739044189453125,0.40150828027127416,-0.34020477977132685,0.4160371422767639,-0.2803719937801361,0.014528870582580566,0.05983278155326843,0.061571501758577514
1402,7010,7024,0.7244770526885986,-3.4967055320739746,-152.59999084472656,0.2249297946691513,-3.346824884414673,167.42308044433594,0.7975919246673584,0.8541837930679321,-39.9769287109375,0.3745306282498909,-0.3629579385446664,0.3900122046470642,-0.21221008896827698,0.01548159122467041,0.15074783563613892,0.15154071933255478
1403,7015,7029,0.5436986684799194,-3.511298894882202,-179.2037353515625,0.08903477340936661,-3.194183826446533,136.72691345214844,0.7483557462692261,0.8598573803901672,-44.0693359375,0.45021305087819635,-0.3234029061459595,0.44414350390434265,-0.3616480529308319,-0.006069540977478027,-0.03824514150619507,0.038723767591831375
1404,7020,7034,0.3438711166381836,-3.4390435218811035,167.42308044433594,0.0062994700856506824,-2.9767470359802246,108.967041015625,0.8541837930679321,0.9378533959388733,-58.45603942871094,0.43013657346563583,-0.37769721792624344,0.4419153034687042,-0.34418007731437683,0.01177874207496643,0.033517152070999146,0.0355265850852438
1405,7025,7039,0.19519446790218353,-3.323770046234131,167.42308044433594,-0.012106990441679955,-2.7517964839935303,92.35530090332031,0.8541837930679321,0.8691874742507935,-75.06777954101562,0.32687446038089063,-0.5131088923100261,0.42866793274879456,-0.328805536031723,0.10179346799850464,0.1843033730983734,0.21054606019254035
1406,7030,7044,0.06172221899032593,-3.138007640838623,122.52022552490234,0.0060730897821486,-2.5230257511138916,85.46961212158203,1.0613019466400146,1.0815173387527466,-37.05061340332031,0.5484706110349135,-0.2836891590218721,0.46321359276771545,-0.2644740045070648,-0.08525702357292175,0.019215166568756104,0.0873955530606608
1407,7035,7049,-0.0056124101392924786,-2.9096970558166504,104.87274932861328,-0.044776979833841324,-2.3063952922821045,105.12641906738281,1.1535613536834717,1.0385050773620605,0.25366973876953125,0.5931426013495038,-0.11699887106772047,0.4430489242076874,-0.06059475988149643,-0.1500937044620514,0.05640411376953125,0.1603419601017396
1408,7040,7054,-0.009459040127694607,-2.719050884246826,89.7793960571289,-0.15184386074543,-2.164957046508789,127.72669219970703,0.8720801472663879,0.8300988674163818,37.947296142578125,0.5535415126667843,0.14451717466331093,0.4832530915737152,0.15767168998718262,-0.07028844952583313,0.013154521584510803,0.07150879368904885
1409,7045,7059,0.0044952998869121075,-2.4886722564697266,87.44017028808594,-0.2885556221008301,-2.014441967010498,129.89974975585938,0.9021070599555969,0.802812933921814,42.45957946777344,0.4606686542088925,0.31393884317481835,0.4737206995487213,0.24753496050834656,0.013052046298980713,-0.06640389561653137,0.06767446538866731
1410,7050,7064,-0.059492260217666626,-2.2843310832977295,113.02204132080078,-0.3636701703071594,-1.8259270191192627,108.74760437011719,0.837354302406311,0.8153745532035828,-4.274436950683594,0.5408537135965141,0.1006764497318379,0.44305887818336487,0.12240137159824371,-0.09779486060142517,0.021724924445152283,0.1001788755287249
1411,7055,7069,-0.19492629170417786,-2.12642240524292,131.64901733398438,-0.3851543068885803,-1.6240700483322144,95.20259094238281,0.9886247515678406,0.9656307101249695,-36.44642639160156,0.5017916787539997,-0.19170211106813884,0.4558492600917816,-0.15828946232795715,-0.04594239592552185,0.03341265022754669,0.05680764859247197
1412,7060,7074,-0.316022664308548,-1.9663113355636597,125.10783386230469,-0.3535946011543274,-1.419119954109192,80.54439544677734,0.9590997099876404,0.9820736050605774,-44.563438415527344,0.4692497142484896,-0.2839626103100598,0.4279685318470001,-0.24826917052268982,-0.04128119349479675,0.03569343686103821,0.054572505635235136
1413,7065,7079,-0.3692341148853302,-1.798915982246399,106.54759216308594,-0.2986341714859009,-1.2547723054885864,71.44827270507812,0.7921299338340759,0.7853129506111145,-35.09931945800781,0.50149945599673,-0.22265441517853893,0.44523242115974426,-0.1989516019821167,-0.05626705288887024,0.023702815175056458,0.06105575065480571
1414,7070,7084,-0.38292884826660156,-1.5952527523040771,91.5958023071289,-0.2699456214904785,-1.0593692064285278,85.31745910644531,0.8015217185020447,0.7786794304847717,-6.278343200683594,0.5325293052222718,-0.12786290843079245,0.4303989112377167,-0.0045893266797065735,-0.10213038325309753,0.1232735887169838,0.16008433045925718
1415,7075,7089,-0.344062477350235,-1.390136957168579,76.78816223144531,-0.32122987508773804,-0.8874040842056274,109.33903503417969,0.8285530209541321,0.7285892367362976,32.550872802734375,0.4946448271965519,0.09267234868801989,0.41512224078178406,0.14740222692489624,-0.07952257990837097,0.0547298789024353,0.09653600551068228
1416,7080,7094,-0.2815033197402954,-1.200474739074707,71.47832489013672,-0.4080853760242462,-0.7404671311378479,121.84127044677734,0.9411904811859131,0.7993335127830505,50.362945556640625,0.3959703623716359,0.26615312971321553,0.4051836133003235,0.1852099448442459,0.009213238954544067,-0.08094318211078644,0.081465836411673
1417,7085,7099,-0.2773612141609192,-1.0124002695083618,91.26152038574219,-0.43689537048339844,-0.5753841996192932,99.01131439208984,0.9117897748947144,0.7840725779533386,7.749794006347656,0.44042243508238527,0.14987418407088876,0.3752990961074829,0.15027958154678345,-0.06512334942817688,0.00040540099143981934,0.06512461125187839
1418,7090,7104,-0.3314121663570404,-0.8639296889305115,110.54493713378906,-0.41279852390289307,-0.4107827842235565,80.53167724609375,0.7240180373191833,0.7847537994384766,-30.013259887695312,0.4528873912740647,-0.08281827856848832,0.4246486723423004,-0.07620646804571152,-0.02823871374130249,0.006611809134483337,0.02900243048080735
1419,7095,7109,-0.4145664870738983,-0.7161833047866821,118.1712875366211,-0.35515716671943665,-0.28259751200675964,64.20945739746094,0.6612046360969543,0.632638692855835,-53.961830139160156,0.35417560610231746,-0.2570714824472543,0.4198431074619293,-0.1599949300289154,0.06566751003265381,0.09707656502723694,0.11720102965151821
1420,7100,7114,-0.4362701177597046,-0.5515214800834656,94.75598907470703,-0.24638226628303528,-0.15407414734363556,47.31645202636719,0.6551423072814941,0.6594217419624329,-47.439537048339844,0.38033482015016834,-0.22218734182356942,0.41077297925949097,-0.18237847089767456,0.030438154935836792,0.03980886936187744,0.05011214778643029
1421,7105,7119,-0.40520262718200684,-0.38616514205932617,78.31664276123047,-0.11627183854579926,-0.04872341826558113,39.18319320678711,0.7950201630592346,0.6503331065177917,-39.13344955444336,0.38895979033988065,-0.2146117026733925,0.3836049735546112,-0.16434553265571594,-0.005354821681976318,0.05026617646217346,0.05055059456991703
1422,7110,7124,-0.3276648223400116,-0.24220997095108032,60.28215408325195,0.009554330259561539,0.05519010126590729,39.37958526611328,0.7635799646377563,0.7635902166366577,-20.902568817138672,0.4254545326242558,-0.14543723432611275,0.35473525524139404,-0.09671788662672043,-0.07071927189826965,0.04871935397386551,0.08587660257283236
1423,7115,7129,-0.20792503654956818,-0.12342918664216995,43.89805221557617,0.15523818135261536,0.11675705760717392,21.7514705657959,0.7963544130325317,0.7470154762268066,-22.146581649780273,0.42822592893952344,-0.07873702668163207,0.3350814878940582,-0.16707807779312134,-0.09314444661140442,-0.08834104984998703,0.12837456532795996
1424,7120,7134,-0.0977592021226883,-0.032894209027290344,39.5562629699707,0.29512813687324524,0.1353900134563446,5.8268585205078125,0.6448677778244019,0.6466074585914612,-33.72940444946289,0.4100853810063694,-0.12045759699596928,0.3406303822994232,-0.25686362385749817,-0.06945499777793884,-0.1364060342311859,0.153070581402871
1425,7125,7139,0.029087640345096588,0.06642434000968933,36.282440185546875,0.46215125918388367,0.11092492192983627,-11.982912063598633,0.6287429928779602,0.6740606427192688,-48.265350341796875,0.3754307204832912,-0.22040004610599725,0.38308295607566833,-0.18591314554214478,0.007652223110198975,0.03448690474033356,0.03532567221012368
1426,7130,7144,0.1781705766916275,0.1234545037150383,19.912443161010742,0.6134518980979919,0.038507599383592606,-27.673173904418945,0.7579219937324524,0.6806477308273315,-47.58561706542969,0.3803261522537806,-0.2281180299145409,0.3870895504951477,-0.17703762650489807,0.00676339864730835,0.051080405712127686,0.051526220596682416
1427,7135,7149,0.3422653377056122,0.13637009263038635,3.0072684288024902,0.7365294098854065,-0.0746888667345047,-43.9425163269043,0.7711620330810547,0.7876685857772827,-46.94978332519531,0.3826484159913237,-0.2314524415064911,0.35907095670700073,-0.14432737231254578,-0.023577451705932617,0.08712506294250488,0.09025892100884556
1428,7140,7154,0.5038538575172424,0.09598241746425629,-14.69000244140625,0.8229102492332458,-0.22033952176570892,-61.0765266418457,0.7749972939491272,0.7912852168083191,-46.38652420043945,0.3888428970512872,-0.22507276988965969,0.3769954442977905,-0.17609894275665283,-0.011847466230392456,0.04897382855415344,0.05038648965081716
1429,7145,7159,0.6334112286567688,0.02469146065413952,-30.563953399658203,0.8557115793228149,-0.3673221468925476,-78.80382537841797,0.671699583530426,0.6795774102210999,-48.239871978759766,0.39075324912706316,-0.22450838328450662,0.38676515221595764,-0.22817003726959229,-0.003988087177276611,-0.0036616474390029907,0.0054141020770867715
1430,7150,7164,0.753328800201416,-0.09441491216421127,-47.730796813964844,0.8775659799575806,-0.5435784459114075,-83.45860290527344,0.6624678373336792,0.7069590091705322,-35.727806091308594,0.4159415201532182,-0.21017945190147866,0.4231562912464142,-0.21369019150733948,0.007214784622192383,-0.0035107433795928955,0.008023617402517336
1431,7155,7169,0.8317201733589172,-0.24611417949199677,-65.78907775878906,0.913180410861969,-0.7285850644111633,-77.0482406616211,0.6623756289482117,0.7381809949874878,-11.259162902832031,0.47344026729227795,-0.12356465520609457,0.4781356155872345,-0.10431420058012009,0.0046953558921813965,0.019250452518463135,0.019814799749678175
1432,7160,7174,0.8629227876663208,-0.41587725281715393,-80.44764709472656,0.984471321105957,-0.9124236702919006,-67.97236633300781,0.8224955797195435,0.9364519715309143,12.47528076171875,0.5098323194333191,0.03746193734410749,0.4650254547595978,0.0683428943157196,-0.044806867837905884,0.03088095784187317,0.05441772654820406
1433,7165,7179,0.8830987811088562,-0.5977848768234253,-83.74495697021484,1.1107957363128662,-1.062577486038208,-47.66599655151367,0.8619099855422974,0.9252489805221558,36.07896041870117,0.4868341616516988,0.17570023346242405,0.46015456318855286,0.09618280827999115,-0.02667960524559021,-0.0795174241065979,0.08387384617751281
1434,7170,7184,0.920613169670105,-0.7545884251594543,-75.94700622558594,1.2408299446105957,-1.2176889181137085,-51.529396057128906,0.7446775436401367,0.9633169174194336,24.41761016845703,0.5269954067731897,0.19818347753463833,0.43282172083854675,0.15127211809158325,-0.09417369961738586,-0.04691135883331299,0.10521103215544211
1435,7175,7189,0.9975029826164246,-0.9382187128067017,-67.04971313476562,1.3074746131896973,-1.380503535270691,-68.78535461425781,0.7829825282096863,0.812768280506134,-1.7356414794921875,0.528143066529862,0.11297423254304362,0.4168981909751892,-0.024536550045013428,-0.11124485731124878,-0.1375107765197754,0.1768746220837566
1436,7180,7194,1.13186776638031,-1.080560326576233,-43.76428985595703,1.3310573101043701,-1.590875506401062,-86.07499694824219,0.7665324807167053,0.8464672565460205,-42.310707092285156,0.49683452737645584,-0.23076721928224692,0.4055497348308563,-0.1662968099117279,-0.09128478169441223,0.06447041034698486,0.111755738909933
1437,7185,7199,1.253999948501587,-1.2427420616149902,-54.77340316772461,1.2902098894119263,-1.7886371612548828,-102.89717864990234,0.961298406124115,0.9527296423912048,-48.123775482177734,0.4668155894056165,-0.28529953578557643,0.4391320049762726,-0.24431663751602173,-0.02768358588218689,0.04098290205001831,0.04945684166763798
1438,7190,7204,1.3205225467681885,-1.437333345413208,-72.13941192626953,1.2009059190750122,-1.9700840711593628,-116.9477310180664,0.9792847037315369,0.9390586614608765,-44.808319091796875,0.4703884680647861,-0.2772474752191735,0.45795461535453796,-0.24141234159469604,-0.012433856725692749,0.0358351469039917,0.037930970811537644
1439,7195,7209,1.3288737535476685,-1.619783639907837,-88.63128662109375,1.0984236001968384,-2.1534981727600098,-118.47628784179688,0.8389757871627808,0.9894946813583374,-29.845001220703125,0.5280576569319845,-0.2431328581507172,0.44754305481910706,-0.11897637695074081,-0.0805145800113678,0.12415648251771927,0.1479778015297554
1440,7200,7214,1.27828049659729,-1.8178848028182983,-107.02877044677734,1.0875074863433838,-2.3411240577697754,-91.14530944824219,0.8138530850410461,0.8635482788085938,15.883460998535156,0.5561675395246567,-0.029177514332156873,0.5121962428092957,-0.025111787021160126,-0.04397130012512207,0.004065727815032005,0.04415886521820375
1441,7205,7219,1.1842029094696045,-1.9953563213348389,-119.90546417236328,1.1434576511383057,-2.5635387897491455,-75.32803344726562,0.7710314989089966,0.8899145722389221,44.577430725097656,0.5128429014326772,0.2479589722917326,0.5244595408439636,0.1542663425207138,0.011616647243499756,-0.09369263052940369,0.09441003923682724
1442,7210,7224,1.0906457901000977,-2.1841466426849365,-115.47123718261719,1.1952353715896606,-2.779989004135132,-80.34276580810547,0.9853779673576355,0.8522695302963257,35.12847137451172,0.49294767247305554,0.35067034727519275,0.453172892332077,0.1169060543179512,-0.03977477550506592,-0.23376429080963135,0.23712396847262887
1443,7215,7229,1.1024755239486694,-2.4070122241973877,-84.5888442993164,1.1736325025558472,-3.0045721530914307,-96.54649353027344,1.0598572492599487,1.0496044158935547,-11.957649230957031,0.6016072324202635,0.014488689519313126,0.547199547290802,-0.034379877150058746,-0.05440765619277954,-0.0488685667514801,0.07313227651820753
1444,7220,7234,1.1692405939102173,-2.6272268295288086,-72.47879028320312,1.087387204170227,-3.2053985595703125,-114.0668716430664,1.103811264038086,1.0305957794189453,-41.58808135986328,0.5267050970084742,-0.252119550246319,0.5321197509765625,-0.1872398853302002,0.0054146647453308105,0.0648796558380127,0.06510520974517556
1445,7225,7239,1.195389747619629,-2.814979314804077,-84.08030700683594,0.9744928479194641,-3.3362865447998047,-132.58718872070312,0.8773448467254639,0.7808254361152649,-48.50688171386719,0.4957452484486968,-0.2734836685864493,0.4166128933429718,-0.33558547496795654,-0.07913234829902649,-0.062101811170578,0.1005910706672544
1446,7230,7244,1.163801670074463,-3.034306526184082,-100.6355209350586,0.7780324816703796,-3.445913791656494,-147.73867797851562,0.8763440847396851,1.012434959411621,-47.10315704345703,0.47573414174955153,-0.3031755829308148,0.4612785875797272,-0.24233195185661316,-0.014455556869506836,0.06084361672401428,0.06253725945759293
1447,7235,7249,1.0705643892288208,-3.231762647628784,-117.64970397949219,0.5946477651596069,-3.4694199562072754,-175.1345977783203,0.8530512452125549,0.7870576977729797,-57.484893798828125,0.43137323889068097,-0.3112792285957627,0.45218101143836975,-0.33649763464927673,0.020807772874832153,-0.02521839737892151,0.032694509911784825
1448,7240,7254,0.9259138703346252,-3.3740885257720947,-136.24063110351562,0.3909702003002167,-3.413572311401367,169.66795349121094,0.9886746406555176,0.9308603405952454,-54.0914306640625,0.41367177332187627,-0.3414665361047302,0.4658561050891876,-0.2904749810695648,0.052184343338012695,0.050991564989089966,0.07296125951253978
1449,7245,7259,0.7372335195541382,-3.457282781600952,-156.20602416992188,0.23671337962150574,-3.297452449798584,157.2869110107422,0.9073132276535034,0.9321928024291992,-46.507080078125,0.3934935454254249,-0.34817947285479345,0.41878846287727356,-0.25366294384002686,0.02529492974281311,0.09451651573181152,0.09784275761023718
1450,7250,7264,0.5649421215057373,-3.4626567363739014,179.3926239013672,0.1069667786359787,-3.11563777923584,136.85975646972656,0.789216160774231,0.9191306829452515,-42.532867431640625,0.4616281750705989,-0.3421446852168256,0.4733526408672333,-0.375399649143219,0.011724472045898438,-0.0332549512386322,0.035261239720674305
1451,7255,7269,0.3659745454788208,-3.3986904621124268,164.71482849121094,0.04040209949016571,-2.9335784912109375,112.93257904052734,0.8403382897377014,0.9048033952713013,-51.782249450683594,0.43666992992116455,-0.36283043651647245,0.4314486086368561,-0.33750495314598083,-0.005221307277679443,0.025325477123260498,0.025858109776407463
1452,7260,7274,0.2094014585018158,-3.2721126079559326,142.07794189453125,0.014134880155324936,-2.6902213096618652,93.50362396240234,0.8439552783966064,0.877098798751831,-48.574317932128906,0.5116595130156931,-0.33901483881269245,0.44956114888191223,-0.31878381967544556,-0.06209835410118103,0.020231008529663086,0.06531078998299567
1453,7265,7279,0.08416088670492172,-3.0740983486175537,128.34710693359375,0.013870700262486935,-2.4617137908935547,90.00746154785156,0.9205518960952759,1.079837679862976,-38.33964538574219,0.523882439871717,-0.3248118623327376,0.49384936690330505,-0.2853560447692871,-0.030033081769943237,0.0394558310508728,0.0495857701817277
1454,7270,7284,0.02388050965964794,-2.849395751953125,105.01700592041016,-0.05545463040471077,-2.2588090896606445,111.23119354248047,1.0236501693725586,1.0083428621292114,6.2141876220703125,0.5909737046908399,-0.07639862691986905,0.4860391914844513,-0.017010807991027832,-0.10493448376655579,0.05938781797885895,0.12057428750626578
1455,7275,7289,0.013896279968321323,-2.658047914505005,92.44031524658203,-0.1971997618675232,-2.103644847869873,133.11866760253906,0.8902899026870728,0.9802003502845764,40.67835235595703,0.5628884751224854,0.18729886945697588,0.45648327469825745,0.17901365458965302,-0.10640522837638855,-0.00828520953655243,0.10672730354926045
1456,7280,7294,0.010936879552900791,-2.4297006130218506,91.8440933227539,-0.3016647696495056,-1.9658689498901367,125.60631561279297,0.8967355489730835,0.8034759759902954,33.76222229003906,0.47365094442815886,0.29751367989685923,0.46393218636512756,0.24273830652236938,-0.009718745946884155,-0.054775387048721313,0.055630900128591336
1457,7285,7299,-0.07538553327322006,-2.2337334156036377,119.50144958496094,-0.36701634526252747,-1.7703430652618408,106.25666809082031,0.8391343951225281,0.8029941916465759,-13.244781494140625,0.5469209583427124,0.025624368700270045,0.4653129279613495,0.05654757097363472,-0.08160802721977234,0.030923202633857727,0.08727035331564625
1458,7290,7304,-0.2166113406419754,-2.0846426486968994,133.89324951171875,-0.37932223081588745,-1.5623292922973633,91.01648712158203,0.9734001159667969,0.8274871706962585,-42.87676239013672,0.48920635233354637,-0.24487388772803387,0.448762446641922,-0.19328826665878296,-0.04044389724731445,0.051585614681243896,0.06554986244526449
1459,7295,7309,-0.3261452913284302,-1.9105045795440674,120.15058898925781,-0.33713850378990173,-1.364119052886963,77.05512237548828,0.9875207543373108,0.9501829147338867,-43.09546661376953,0.4779856969259599,-0.2649295528905542,0.4151599705219269,-0.22754281759262085,-0.06282573938369751,0.03738674521446228,0.07310842801510233
1460,7300,7314,-0.37665319442749023,-1.7127578258514404,103.66737365722656,-0.2737114131450653,-1.1781400442123413,70.80309295654297,0.9810260534286499,0.9245001673698425,-32.864280700683594,0.49515586642237136,-0.22634895786334172,0.46552523970603943,-0.18319830298423767,-0.0296306312084198,0.0431506484746933,0.05234455816602078
1461,7305,7319,-0.3758392035961151,-1.5324890613555908,88.61260986328125,-0.2761875092983246,-1.0136569738388062,92.80193328857422,0.8225993514060974,0.7549380660057068,4.189323425292969,0.5210927708284393,-0.08706043535260116,0.44962695240974426,-0.0017368495464324951,-0.07146582007408142,0.08532358705997467,0.11129904737975997
1462,7310,7324,-0.3289823532104492,-1.3368841409683228,74.77954864501953,-0.3368392586708069,-0.8417348265647888,111.06983184814453,0.7859364151954651,0.7240591645240784,36.290283203125,0.47571818396912136,0.13757464867781377,0.41885218024253845,0.19792874157428741,-0.05686599016189575,0.06035409867763519,0.08292380879025366
1463,7315,7329,-0.2694776952266693,-1.1507543325424194,73.43954467773438,-0.4140402674674988,-0.6967810392379761,113.78518676757812,0.7657144069671631,0.6431723833084106,40.34564208984375,0.3939380461067939,0.26796063919189456,0.3863111734390259,0.18589061498641968,-0.007626861333847046,-0.08207002282142639,0.0824236474545696
1464,7320,7334,-0.28951138257980347,-0.9645804166793823,97.89089965820312,-0.4285987913608551,-0.5289121866226196,92.8190689086914,0.875474750995636,0.7780841588973999,-5.071830749511719,0.45063793388677414,0.07795874873597618,0.39257365465164185,0.08218151330947876,-0.058064281940460205,0.004222765564918518,0.058217631232106264
1465,7325,7339,-0.36687716841697693,-0.8037890195846558,117.12039184570312,-0.39198365807533264,-0.3710058629512787,75.10081481933594,0.8390432000160217,0.7433401346206665,-42.01957702636719,0.3966440031386542,-0.17494322296864934,0.4211027920246124,-0.1200070008635521,0.02445879578590393,0.05493622273206711,0.060135025229593436
1466,7330,7344,-0.4216409921646118,-0.6702108383178711,109.6648178100586,-0.32198742032051086,-0.24922263622283936,58.869056701660156,0.6875502467155457,0.6400735974311829,-50.79576110839844,0.36289992834895246,-0.23551123686316933,0.41743332147598267,-0.18732142448425293,0.05453339219093323,0.04818981885910034,0.07277464878323385
1467,7335,7349,-0.42673400044441223,-0.5016147494316101,89.62693786621094,-0.20805761218070984,-0.1326342523097992,43.83727264404297,0.675749659538269,0.6430476903915405,-45.78966522216797,0.37039650309050415,-0.21626927784279115,0.3821719288825989,-0.15496620535850525,0.011775434017181396,0.06130307912826538,0.062423780379750785
1468,7340,7354,-0.38215383887290955,-0.34883996844291687,71.13749694824219,-0.09076788276433945,-0.022662650793790817,43.529048919677734,0.6405445337295532,0.6424850225448608,-27.608448028564453,0.4028652233516442,-0.17028515122745277,0.3637341260910034,-0.1756976842880249,-0.039131104946136475,-0.00541253387928009,0.03950365675858251
1469,7345,7359,-0.2923915386199951,-0.21361295878887177,55.01074981689453,0.04499635845422745,0.06053600832819939,30.459360122680664,0.7671730518341064,0.7557457685470581,-24.551389694213867,0.418065075450231,-0.11920502911963657,0.3567175269126892,-0.15117964148521423,-0.06134754419326782,-0.031974613666534424,0.06918017850272633
1470,7350,7364,-0.1754620373249054,-0.10311607271432877,42.54487609863281,0.20309099555015564,0.10267285257577896,14.023859024047852,0.7497509717941284,0.779268205165863,-28.52101707458496,0.4180459517474551,-0.1043506717684605,0.34550195932388306,-0.2160218358039856,-0.07254397869110107,-0.11167116463184357,0.13316560312095327
1471,7355,7369,-0.07344809174537659,-0.009119990281760693,42.70256805419922,0.3637176752090454,0.09617135673761368,-3.0716822147369385,0.6243374347686768,0.7711995244026184,-45.77425003051758,0.39267402573457866,-0.2191056468442576,0.3772919774055481,-0.20015808939933777,-0.015382051467895508,0.018947556614875793,0.024405274205280093
1472,7360,7374,0.06562879681587219,0.06833886355161667,26.25603675842285,0.5011772513389587,0.05460255965590477,-17.7142333984375,0.6266698241233826,0.6673969030380249,-43.97026824951172,0.38453452785550324,-0.20499838821100458,0.3464166522026062,-0.1522088646888733,-0.03811788558959961,0.05278952419757843,0.06511303300283687
1473,7365,7379,0.22370103001594543,0.10368497669696808,7.7883710861206055,0.6438190340995789,-0.03876645117998123,-35.22582244873047,0.6164209246635437,0.6707720756530762,-43.01419448852539,0.39693833611166796,-0.1980694476868904,0.3412918150424957,-0.19962948560714722,-0.05564650893211365,-0.0015600323677062988,0.055668372145412114
1474,7370,7384,0.38558581471443176,0.09152413159608841,-5.9278764724731445,0.7488883137702942,-0.16987007856369019,-51.29056167602539,0.7620314955711365,0.7392486333847046,-45.36268615722656,0.3883556809924332,-0.22247584154490946,0.3506522476673126,-0.18754667043685913,-0.03770342469215393,0.034929171204566956,0.051396451575520974
1475,7375,7389,0.544192910194397,0.031579308211803436,-21.945087432861328,0.8111165761947632,-0.3291614353656769,-69.22608947753906,0.796972393989563,0.813612163066864,-47.281002044677734,0.38239827327921594,-0.23484823507201108,0.3597913980484009,-0.19914215803146362,-0.022606879472732544,0.03570607304573059,0.04226102994298299
1476,7380,7394,0.6669304370880127,-0.06306547671556473,-35.22582244873047,0.8639614582061768,-0.5014715194702148,-72.5706787109375,0.6707720756530762,0.8505836725234985,-37.34485626220703,0.4138245344664603,-0.24447973906447767,0.390074223279953,-0.18166548013687134,-0.02375030517578125,0.06281426548957825,0.06715436653664424
1477,7385,7399,0.7586487531661987,-0.19084924459457397,-56.45695495605469,0.9075072407722473,-0.6528011560440063,-74.44123077392578,0.6828864812850952,0.7267201542854309,-17.984275817871094,0.46727722723459997,-0.13118845502592197,0.39852795004844666,-0.1783769726753235,-0.06874927878379822,-0.047188520431518555,0.08338596880655792
1478,7390,7404,0.8176388144493103,-0.35392042994499207,-72.35737609863281,0.9421882629394531,-0.8357117772102356,-79.72982788085938,0.69163578748703,0.7348154783248901,-7.3724517822265625,0.49687882551948453,-0.02732947436806768,0.4166426360607147,-0.1590976119041443,-0.08023619651794434,-0.131768137216568,0.15427471995498962
1479,7395,7409,0.8720661997795105,-0.5255120396614075,-72.06861114501953,0.9657857418060303,-1.0248748064041138,-82.33952331542969,0.8553059697151184,0.7504132986068726,-10.270912170410156,0.5039608344243695,-0.06457555832421648,0.4178827404975891,-0.11228107661008835,-0.08607810735702515,-0.0477055162191391,0.09841370252105186
1480,7400,7414,0.9183682203292847,-0.7042495608329773,-75.62235260009766,1.007173776626587,-1.2122172117233276,-76.88896179199219,0.8712503910064697,0.8970502614974976,-1.2666091918945312,0.5141096440331028,-0.04011028661690813,0.4590623080730438,-0.027105115354061127,-0.05504736304283142,0.013005170971155167,0.0565627673470655
1481,7405,7419,0.9475980997085571,-0.8896536827087402,-81.27969360351562,1.1307878494262695,-1.3503633737564087,-46.192623138427734,0.8809833526611328,0.874721884727478,35.08707046508789,0.48315759440990674,0.11122339138377453,0.42654940485954285,0.046898022294044495,-0.05660820007324219,-0.06432536989450455,0.08568688072042913
1482,7410,7424,0.9701763391494751,-1.0533688068389893,-81.73003387451172,1.2468448877334595,-1.4570292234420776,-44.456546783447266,0.755513608455658,0.729620099067688,37.27348709106445,0.4392581896772392,0.21573006399021435,0.49503496289253235,0.15542319416999817,0.055776774883270264,-0.06030687689781189,0.08214601644356741
1483,7415,7429,1.020694375038147,-1.235588550567627,-72.13662719726562,1.3444879055023193,-1.6211450099945068,-61.52165603637695,0.7511997222900391,0.754954993724823,10.614971160888672,0.46629214285714576,0.1899149053811611,0.43619081377983093,0.10318757593631744,-0.03010132908821106,-0.0867273360490799,0.09180261886812824
1484,7420,7434,1.152155876159668,-1.3641196489334106,-37.89982604980469,1.397081971168518,-1.8125941753387451,-77.03499603271484,0.637249231338501,0.78831547498703,-39.135169982910156,0.4687579301090965,-0.20343105910998127,0.4303800165653229,-0.09520190209150314,-0.03837791085243225,0.1082291528582573,0.11483211036035722
1485,7425,7439,1.279036521911621,-1.5004898309707642,-48.72142791748047,1.393970012664795,-2.013585090637207,-92.34628295898438,0.876387357711792,0.9441384077072144,-43.624855041503906,0.4614206854660229,-0.2521257698311497,0.4202066957950592,-0.17294344305992126,-0.0412139892578125,0.07918232679367065,0.08926608419216527
1486,7430,7444,1.3649250268936157,-1.6729179620742798,-64.67300415039062,1.3337414264678955,-2.1995034217834473,-109.12092590332031,0.911970317363739,0.9268861413002014,-44.44792175292969,0.4626308019275983,-0.2534509901745376,0.4568394720554352,-0.24223890900611877,-0.005791336297988892,0.011212080717086792,0.01261944254406165
1487,7435,7449,1.4009976387023926,-1.8420674800872803,-78.62882232666016,1.2244089841842651,-2.3624868392944336,-125.10981750488281,0.7868578433990479,0.9252966046333313,-46.480995178222656,0.47538681754089224,-0.27573036838630793,0.48654893040657043,-0.24339556694030762,0.011162102222442627,0.03233480453491211,0.03420719383894609
1488,7440,7454,1.3889439105987549,-2.040276288986206,-95.98919677734375,1.1044120788574219,-2.483396291732788,-135.6881103515625,0.7612624764442444,0.7766423225402832,-39.69891357421875,0.4703895901375555,-0.23674318067989125,0.45847180485725403,-0.15523213148117065,-0.011917799711227417,0.08151105046272278,0.08237769903009838
1489,7445,7459,1.3211690187454224,-2.2248613834381104,-113.05345153808594,1.0368298292160034,-2.6762454509735107,-103.10786437988281,0.773298442363739,0.8242552876472473,9.945587158203125,0.5266808063784562,-0.0848744915719023,0.430889755487442,-0.10248074680566788,-0.09579107165336609,-0.017606258392333984,0.09739563513360312
1490,7450,7464,1.2054529190063477,-2.384753704071045,-127.49425506591797,1.0618505477905273,-2.8879361152648926,-81.85662078857422,0.9207459092140198,0.9980935454368591,45.63763427734375,0.48664031958648524,0.19234182932067623,0.4382823407649994,0.012593287974596024,-0.048357993364334106,-0.1797485500574112,0.1861398312290162
1491,7455,7469,1.0708168745040894,-2.530285596847534,-132.28982543945312,1.0488910675048828,-3.1060891151428223,-95.66577911376953,0.9418128132820129,1.0254347324371338,36.624046325683594,0.44070445861831864,0.371227710236902,0.47976258397102356,-0.03155280649662018,0.03905811905860901,-0.40278053283691406,0.404669858399146
1492,7460,7474,1.0361449718475342,-2.70829439163208,-98.49620819091797,0.9692109227180481,-3.3040077686309814,-113.55816650390625,0.8252490758895874,1.0009404420852661,-15.061958312988281,0.5990649071787685,0.021813561268101342,0.5047940015792847,-0.08962378650903702,-0.09427088499069214,-0.1114373505115509,0.14596329280323378
1493,7465,7479,1.0672976970672607,-2.9205572605133057,-79.91321563720703,0.8495608568191528,-3.4419660568237305,-128.38385009765625,0.85218346118927,0.7965472936630249,-48.47063446044922,0.4752153433761437,-0.3056907618672993,0.4587676227092743,-0.21951663494110107,-0.016447722911834717,0.0861741304397583,0.08772974607299949
1494,7470,7484,1.0419483184814453,-3.1371865272521973,-98.62672424316406,0.6932131052017212,-3.53955340385437,-146.7441864013672,0.8680018186569214,0.8158758282661438,-48.117462158203125,0.45012377404827936,-0.2844361798442253,0.4039931297302246,-0.21958571672439575,-0.04613065719604492,0.06485044956207275,0.07958403320856486
1495,7475,7489,0.9534992575645447,-3.3292884826660156,-115.94889831542969,0.49960070848464966,-3.5692081451416016,-175.03924560546875,0.985275387763977,0.7757571935653687,-59.09034729003906,0.414344172931655,-0.3031571270097666,0.37103623151779175,-0.2848522365093231,-0.04330793023109436,0.018304884433746338,0.04701750328371495
1496,7480,7494,0.8198376893997192,-3.4663991928100586,-128.38385009765625,0.3054685890674591,-3.5239312648773193,178.9461212158203,0.7965472936630249,0.9983490109443665,-52.6700439453125,0.3644831866987761,-0.36747455417438724,0.33059051632881165,-0.1885526478290558,-0.033892661333084106,0.1789219081401825,0.18210371139755235
1497,7485,7499,0.6401191353797913,-3.557011365890503,-156.1925048828125,0.13423825800418854,-3.4118688106536865,166.9828643798828,0.9017031192779541,0.835186243057251,-36.82464599609375,0.40424493690376906,-0.33699832269475005,0.3691471815109253,-0.12389858812093735,-0.035097748041152954,0.21309971809387207,0.21597069655221285
1498,7490,7504,0.470208078622818,-3.569978952407837,-177.0242919921875,0.008450250141322613,-3.265282392501831,126.89571380615234,0.8008881211280823,0.8372085094451904,-56.079986572265625,0.4453176425847481,-0.32825674775435126,0.3495294749736786,-0.2208678424358368,-0.09578818082809448,0.10738891363143921,0.14390189143057305
1499,7495,7509,0.27184343338012695,-3.5112757682800293,166.9828643798828,-0.07745590060949326,-3.0633792877197266,117.62116241455078,0.835186243057251,0.933251142501831,-49.36170196533203,0.44120860853642657,-0.3577097300636565,0.3784370720386505,-0.23535236716270447,-0.06277152895927429,0.12235736846923828,0.1375194185073583
1500,7500,7514,0.09983696043491364,-3.387017011642456,155.4990234375,-0.10401154309511185,-2.8453824520111084,93.95771026611328,0.8786459565162659,0.8586663007736206,-61.54131317138672,0.4101134016295863,-0.4083248821953712,0.40845492482185364,-0.3013243079185486,-0.0016584694385528564,0.10700055956840515,0.10701341163064765
1501,7505,7519,-0.008730979636311531,-3.2249019145965576,126.89571380615234,-0.06955329328775406,-2.6271002292633057,79.804931640625,0.8372085094451904,1.0210137367248535,-47.090782165527344,0.5145949960250792,-0.3102550549430587,0.42903223633766174,-0.28423914313316345,-0.08556273579597473,0.026015907526016235,0.08943047132434226
1502,7510,7524,-0.0932360365986824,-3.001131296157837,113.85891723632812,-0.02985781989991665,-2.3982369899749756,80.96379852294922,0.948232114315033,1.0975755453109741,-32.895118713378906,0.5257379056507495,-0.3018244474947165,0.49106428027153015,-0.2527984082698822,-0.034673601388931274,0.049026042222976685,0.060048409215628595
1503,7515,7529,-0.10241136699914932,-2.8098080158233643,91.29814910888672,-0.08601801097393036,-2.2305099964141846,110.66465759277344,0.8606593608856201,0.8112648129463196,19.36650848388672,0.5787779456626749,-0.029513167021884827,0.47187259793281555,-0.04085921496152878,-0.10690537095069885,-0.01134604774415493,0.10750577257765821
1504,7520,7534,-0.06120029091835022,-2.5953195095062256,76.27363586425781,-0.2112652212381363,-2.079662799835205,131.9022216796875,0.8498910069465637,0.7605276703834534,55.62858581542969,0.46532139116571886,0.26813677193593843,0.45033910870552063,0.16968020796775818,-0.014982283115386963,-0.09845656156539917,0.09958997601481208
1505,7525,7539,-0.033964648842811584,-2.3685226440429688,85.79319763183594,-0.32673054933547974,-1.930698275566101,123.82412719726562,0.9049707651138306,0.7584298253059387,38.03092956542969,0.4151684585671277,0.32409444589432573,0.4514329731464386,0.2308417558670044,0.036264508962631226,-0.09325268864631653,0.1000558771390647
1506,7530,7544,-0.11891484260559082,-2.1825809478759766,116.94115447998047,-0.38918471336364746,-1.7427419424057007,107.4789810180664,0.9653940200805664,0.9427021741867065,-9.462173461914062,0.5145568637954352,0.04165798475279334,0.4534359872341156,0.042081642895936966,-0.0611208975315094,0.0004236586391925812,0.06112236580581477
1507,7535,7549,-0.2499711811542511,-2.045255661010742,133.73736572265625,-0.40024974942207336,-1.547293782234192,92.36299896240234,0.8965654373168945,0.9218221306800842,-41.374366760253906,0.4636812906788307,-0.23568907796016347,0.44680532813072205,-0.1609368622303009,-0.01687595248222351,0.07475221157073975,0.07663348424089109
1508,7540,7554,-0.3377035856246948,-1.9062283039093018,120.11476135253906,-0.360300213098526,-1.3523675203323364,77.1534652709961,0.7651926875114441,0.9319612383842468,-42.96129608154297,0.49043935304079167,-0.25834398802103137,0.4294497072696686,-0.22204574942588806,-0.06098964810371399,0.0362982451915741,0.07097393732774374
1509,7545,7559,-0.3933393657207489,-1.7147552967071533,103.78556060791016,-0.30096134543418884,-1.1994131803512573,68.07251739501953,0.7838221788406372,0.7536419034004211,-35.713043212890625,0.47848471919854646,-0.21251722051571753,0.4611479341983795,-0.2057701051235199,-0.017336785793304443,0.006747111678123474,0.01860343134048106
1510,7550,7564,-0.39797523617744446,-1.517573595046997,89.03418731689453,-0.27498671412467957,-1.013647437095642,87.19671630859375,0.7876353859901428,0.7342717051506042,-1.8374710083007812,0.5059276370399135,-0.11447696407376848,0.4544088542461395,-0.030500240623950958,-0.051518768072128296,0.08397672325372696,0.09852042180229839
1511,7555,7569,-0.35213127732276917,-1.326526165008545,75.51970672607422,-0.332308292388916,-0.8515773415565491,111.50325012207031,0.9332924485206604,0.6605358719825745,35.983543395996094,0.4648181348034821,0.09956624522364417,0.4028572738170624,0.17306149005889893,-0.061960846185684204,0.07349524646997452,0.09612854786029132
1512,7560,7574,-0.2815159857273102,-1.1469916105270386,68.52135467529297,-0.39853060245513916,-0.6942979097366333,111.83998107910156,0.9011229872703552,0.7936040759086609,43.318626403808594,0.3784105603213954,0.2746442336924648,0.3640701174736023,0.17379575967788696,-0.014340430498123169,-0.10084846615791321,0.1018629524080039
1513,7565,7579,-0.28828608989715576,-0.9633156061172485,94.85538482666016,-0.4002321660518646,-0.5265640020370483,89.50129699707031,0.8705661296844482,0.7963515520095825,-5.354087829589844,0.44465955859690454,0.0745772390308854,0.3885309398174286,-0.0014105886220932007,-0.056128621101379395,-0.07598783075809479,0.09446995570054571
1514,7570,7584,-0.34485185146331787,-0.8282332420349121,113.38678741455078,-0.3620959222316742,-0.3957802653312683,72.85752868652344,0.6746037006378174,0.6367417573928833,-40.529258728027344,0.40377011144769503,-0.15582885528047205,0.418218195438385,-0.18874353170394897,0.014448076486587524,-0.03291468322277069,0.03594611642191164
1515,7575,7589,-0.4014924168586731,-0.6713497042655945,104.88433074951172,-0.27577024698257446,-0.2577739953994751,55.48759078979492,0.6492334008216858,0.6253299117088318,-49.3967399597168,0.3674046749480295,-0.2277383054929507,0.38250795006752014,-0.15548929572105408,0.015103280544281006,0.07224901020526886,0.0738107618091041
1516,7580,7594,-0.3962193429470062,-0.5064083337783813,85.7343978881836,-0.1815689206123352,-0.12948951125144958,55.07670211791992,0.6509193181991577,0.621760368347168,-30.657695770263672,0.3918404537158194,-0.18602059406238375,0.3526217043399811,-0.14557123184204102,-0.039218753576278687,0.040449365973472595,0.05634058785398671
1517,7585,7599,-0.3401888608932495,-0.35146018862724304,68.85739135742188,-0.09620010852813721,0.0003233056340832263,56.304725646972656,0.7742314338684082,0.72982257604599,-12.552665710449219,0.41610780388650276,-0.10067982218773514,0.3748100697994232,-0.0942554697394371,-0.041297733783721924,0.006424352526664734,0.04179443887717636
1518,7590,7604,-0.24628618359565735,-0.22217918932437897,53.2225227355957,0.02486380934715271,0.09508539736270905,36.96699905395508,0.7521361112594604,0.7218276858329773,-16.255523681640625,0.41645827894157783,-0.027233041321777812,0.3402375876903534,-0.08468680828809738,-0.07622069120407104,-0.05745376646518707,0.09544909139778444
1519,7595,7609,-0.16981609165668488,-0.11007893830537796,56.87686538696289,0.14758411049842834,0.14544489979743958,20.76234245300293,0.6158120632171631,0.6069574952125549,-36.114524841308594,0.3874409618681338,-0.12619360873379606,0.32777005434036255,-0.15621355175971985,-0.05967089533805847,-0.030019938945770264,0.06679679995892994
1520,7600,7614,-0.07999569922685623,0.01616274006664753,53.16792678833008,0.298940509557724,0.16633400321006775,5.289448261260986,0.6089404821395874,0.5827987194061279,-47.87847900390625,0.3473580123178492,-0.2132755607038846,0.3343238830566406,-0.17929479479789734,-0.013034135103225708,0.03398077189922333,0.03639480095777674
1521,7605,7619,0.0443948395550251,0.10632456094026566,32.94411087036133,0.46133241057395935,0.14310039579868317,-10.988454818725586,0.6031138896942139,0.632964551448822,-43.93256378173828,0.3698940592973843,-0.19587694028120003,0.3566202223300934,-0.200873464345932,-0.013273835182189941,-0.0049965232610702515,0.01418308658728274
1522,7610,7624,0.19342832267284393,0.15656553208827972,17.677610397338867,0.6054319739341736,0.07076849043369293,-27.541807174682617,0.747722864151001,0.764750599861145,-45.219417572021484,0.3664957185101006,-0.2068550628929491,0.42642852663993835,-0.16761302947998047,0.05993279814720154,0.03924202919006348,0.07163712130388127
1523,7615,7629,0.3483579456806183,0.16503678262233734,1.6969293355941772,0.7269606590270996,-0.039942581206560135,-43.643653869628906,0.7451988458633423,0.7723078727722168,-45.34058380126953,0.3723666895388501,-0.21610090500430534,0.35455167293548584,-0.16610398888587952,-0.01781502366065979,0.049996912479400635,0.05307604285836233
1524,7620,7634,0.48214393854141235,0.1350625604391098,-13.311237335205078,0.8104537129402161,-0.18643325567245483,-61.39321517944336,0.6326768398284912,0.7943984270095825,-48.08197784423828,0.3935107102264548,-0.23726819900995513,0.3744787871837616,-0.19007784128189087,-0.019031912088394165,0.0471903532743454,0.05088362329765723
1525,7625,7639,0.6253465414047241,0.05697096884250641,-31.367568969726562,0.8451565504074097,-0.32715854048728943,-76.94615173339844,0.6311498880386353,0.6625826358795166,-45.578582763671875,0.3876333656674083,-0.21357037543868157,0.36276525259017944,-0.20081281661987305,-0.024868100881576538,0.012757554650306702,0.02794955531152204
1526,7630,7644,0.7412983179092407,-0.05962901934981346,-47.463645935058594,0.8725809454917908,-0.501624584197998,-80.75086212158203,0.6468840837478638,0.6960228085517883,-33.28721618652344,0.414438432389841,-0.2020791679406165,0.42309656739234924,-0.23090150952339172,0.008658140897750854,-0.02882234752178192,0.030094702531702724
1527,7635,7649,0.8179464936256409,-0.20980212092399597,-64.06291198730469,0.898662269115448,-0.680543839931488,-81.87227630615234,0.7979148626327515,0.714015007019043,-17.809364318847656,0.4586299742678269,-0.13330922372492454,0.4196108877658844,-0.16750243306159973,-0.03901907801628113,-0.03419320285320282,0.0518812448829142
1528,7640,7654,0.8522409200668335,-0.37672027945518494,-79.05455017089844,0.9386364221572876,-0.8642823696136475,-77.37577819824219,0.8105276226997375,0.8836057186126709,1.67877197265625,0.4950968448984109,-0.007751690963220745,0.45388415455818176,-0.0757538452744484,-0.04121267795562744,-0.06800215691328049,0.07951589884502773
1529,7645,7659,0.8803081512451172,-0.5520269274711609,-81.05194091796875,1.0131672620773315,-1.0424052476882935,-66.76839447021484,0.8442038297653198,0.9142640829086304,14.283546447753906,0.5050750690371064,0.054969217815659055,0.45353272557258606,0.060378968715667725,-0.05154237151145935,0.005409751087427139,0.051825490522070465
1530,7650,7664,0.9035242199897766,-0.7075107097625732,-81.30950927734375,1.1294207572937012,-1.165814757347107,-45.07282638549805,0.7243452072143555,0.7717950344085693,36.2366828918457,0.4871744833797333,0.15405475760897458,0.44054272770881653,0.12152057141065598,-0.04663175344467163,-0.03253418952226639,0.05685942241348739
1531,7655,7669,0.9475980997085571,-0.8896536827087402,-74.86825561523438,1.252254605293274,-1.3228192329406738,-55.66581344604492,0.7499654293060303,0.7907724976539612,19.202442169189453,0.49767424624015627,0.18102023348818388,0.4443238079547882,0.1516212671995163,-0.05335044860839844,-0.02939896285533905,0.06091444314517673
1532,7660,7674,1.0303212404251099,-1.0664629936218262,-64.2541275024414,1.3251162767410278,-1.5155655145645142,-71.54832458496094,0.91596519947052,0.8196698427200317,-7.294197082519531,0.532573081643456,0.07044927581156277,0.40555909276008606,-0.023207373917102814,-0.12701401114463806,-0.09365665167570114,0.15781041610158011
1533,7665,7679,1.1711617708206177,-1.2040938138961792,-43.15907669067383,1.339587688446045,-1.7195919752120972,-86.81383514404297,0.9330131411552429,0.9640042781829834,-43.65475845336914,0.4754738115443359,-0.26082618462025764,0.40038827061653137,-0.14399614930152893,-0.07508555054664612,0.1168300211429596,0.13887798148431355
1534,7670,7684,1.2779473066329956,-1.374196171760559,-59.35174560546875,1.2906969785690308,-1.9176790714263916,-105.11327362060547,0.9431546926498413,0.9597724080085754,-45.76152801513672,0.47406475944366744,-0.2660804769562689,0.44751110672950745,-0.2232842743396759,-0.02655366063117981,0.042796194553375244,0.050364780960173085
1535,7675,7689,1.329845905303955,-1.5445894002914429,-74.50640106201172,1.2104252576828003,-2.071505069732666,-118.19825744628906,0.8086945414543152,0.791883647441864,-43.691856384277344,0.47586679030644996,-0.25583629856684814,0.4756408631801605,-0.24896204471588135,-0.00022593140602111816,0.006874263286590576,0.006877975046014179
1536,7680,7694,1.3361951112747192,-1.7492107152938843,-90.60336303710938,1.1023868322372437,-2.2488136291503906,-120.35133361816406,0.8198080062866211,0.8097801804542542,-29.747970581054688,0.5020373250621359,-0.22853425809894007,0.43739697337150574,-0.11700897663831711,-0.06464037299156189,0.1115252748131752,0.12890409125641628
1537,7685,7699,1.2784587144851685,-1.9446139335632324,-109.25846099853516,1.075246810913086,-2.4571917057037354,-92.01895141601562,0.8004317283630371,0.8315946459770203,17.23950958251953,0.5509194798795887,-0.02277667524276117,0.5027097463607788,-0.05292446166276932,-0.04820972681045532,-0.030147787183523178,0.056860063587739144
1538,7690,7704,1.1767836809158325,-2.121760129928589,-120.4786148071289,1.1314929723739624,-2.6677355766296387,-75.18696594238281,0.9677462577819824,1.0514802932739258,45.291648864746094,0.4935039648083383,0.2378955094134521,0.4736193120479584,0.06826012581586838,-0.01988464593887329,-0.16963538527488708,0.17079684739910667
1539,7695,7709,1.080573558807373,-2.306086540222168,-116.39185333251953,1.1619364023208618,-2.8817825317382812,-84.01356506347656,0.9810565710067749,1.031018853187561,32.37828826904297,0.479527640827877,0.3287841672501457,0.46738311648368835,0.085772305727005,-0.012144535779953003,-0.24301186203956604,0.24331513483802777
1540,7700,7714,1.0826152563095093,-2.4829111099243164,-86.111083984375,1.1233115196228027,-3.100376844406128,-101.1178207397461,0.808766782283783,1.047510027885437,-15.006736755371094,0.6188040824943091,-0.0012753804154731,0.5273967981338501,-0.05009999871253967,-0.09140729904174805,-0.04882461950182915,0.10362981128809387
1541,7705,7719,1.1423858404159546,-2.6953468322753906,-71.4972152709961,1.0437825918197632,-3.2660164833068848,-117.27890014648438,0.8488198518753052,0.8355389833450317,-45.78168487548828,0.5098789133453264,-0.2746087124763502,0.47160592675209045,-0.22717496752738953,-0.038273006677627563,0.04743373394012451,0.060949012753679976
1542,7710,7724,1.1600366830825806,-2.913494825363159,-88.64563751220703,0.9024308323860168,-3.4154365062713623,-136.23768615722656,0.8556028008460999,0.8123923540115356,-47.59204864501953,0.4957127133581078,-0.26939771929471695,0.4430268704891205,-0.28765422105789185,-0.05268585681915283,-0.01825651526451111,0.05575930288634893
1543,7715,7729,1.113409161567688,-3.130995512008667,-103.3424301147461,0.7223302721977234,-3.4987363815307617,-156.55516052246094,1.0601943731307983,0.9310675859451294,-53.212730407714844,0.44806431250626133,-0.2956592915604086,0.44673988223075867,-0.2203001081943512,-0.0013244450092315674,0.07535919547080994,0.07537083319554203
1544,7720,7734,1.0091075897216797,-3.3132717609405518,-121.50157165527344,0.5234043002128601,-3.507624626159668,-179.4266357421875,0.9905460476875305,0.9437350630760193,-57.92506408691406,0.41950090470418433,-0.3125695324418857,0.40538081526756287,-0.3301975131034851,-0.014120101928710938,-0.017627984285354614,0.022585905083522678
1545,7725,7739,0.8776397109031677,-3.4313836097717285,-140.3919219970703,0.3359997570514679,-3.4395813941955566,159.01673889160156,0.8041009306907654,0.9473142027854919,-60.591339111328125,0.42251840847668115,-0.3389973532227167,0.4364784061908722,-0.2390456199645996,0.013960003852844238,0.09995174407958984,0.1009219146277123
1546,7730,7744,0.6949838995933533,-3.5059075355529785,-161.1852569580078,0.19298414885997772,-3.3235552310943604,139.31980895996094,0.7622409462928772,0.8336122035980225,-59.49493408203125,0.4163657262852283,-0.33450811603301334,0.40162232518196106,-0.26129114627838135,-0.014743387699127197,0.07321697473526001,0.07468663113456435
1547,7735,7749,0.4968166947364807,-3.5012593269348145,175.1577911376953,0.07064177840948105,-3.146568536758423,122.44969177246094,0.7802531719207764,0.8434440493583679,-52.708099365234375,0.45459399787639093,-0.3174506366138475,0.4648933708667755,-0.3909813463687897,0.010299384593963623,-0.07353070378303528,0.0742485132635183
1548,7740,7754,0.30792558193206787,-3.422351360321045,155.52749633789062,0.003075090702623129,-2.9257755279541016,105.84283447265625,0.9625965356826782,0.9333254098892212,-49.684661865234375,0.4831725430585774,-0.32567725052341745,0.44105544686317444,-0.3505374491214752,-0.04211708903312683,-0.0248602032661438,0.04890683893954218
1549,7745,7759,0.15292493999004364,-3.275977849960327,135.1458740234375,-0.00678757019340992,-2.694199323654175,91.54194641113281,1.009269118309021,1.0968044996261597,-43.60392761230469,0.5235518027982656,-0.2997796670419272,0.43300631642341614,-0.32373008131980896,-0.09054550528526306,-0.023950427770614624,0.09365955112939112
1550,7750,7764,0.049401890486478806,-3.0890250205993652,117.66389465332031,0.00027890963247045875,-2.4671590328216553,88.69175720214844,1.0083842277526855,1.0716919898986816,-28.972137451171875,0.5735852467629381,-0.2452148828770586,0.497610479593277,-0.2807770073413849,-0.07597479224205017,-0.03556212782859802,0.08388583904283388
1551,7755,7769,-0.0014214396942406893,-2.8935461044311523,103.32339477539062,-0.055483151227235794,-2.287696599960327,109.9508056640625,0.9265165328979492,0.8521011471748352,6.627410888671875,0.60200134298024,-0.08700961841018079,0.4712757170200348,0.0054921433329582214,-0.1307256519794464,0.09250175952911377,0.1601429723760407
1552,7760,7774,-0.004169799853116274,-2.661961317062378,88.83692932128906,-0.19352948665618896,-2.1214866638183594,131.2225341796875,0.9020850658416748,0.907888650894165,42.38560485839844,0.5365196750907152,0.20029123141223398,0.44819071888923645,0.14395731687545776,-0.08832892775535583,-0.056333914399147034,0.10476406535611958
1553,7765,7779,-0.002619854873046279,-2.433326244354248,91.26388549804688,-0.3198511600494385,-1.963293194770813,124.35710144042969,0.9076956510543823,0.8012593984603882,33.09321594238281,0.47691592172916353,0.3067865176486843,0.45519164204597473,0.21892160177230835,-0.021724283695220947,-0.08786490559577942,0.09051069625975525
1554,7770,7784,-0.08475034683942795,-2.245645523071289,116.14983367919922,-0.3847619593143463,-1.763442039489746,106.86283874511719,0.9554077386856079,0.9980332255363464,-9.286994934082031,0.5650684867700261,0.05678704065970919,0.46066489815711975,0.046472229063510895,-0.10440358519554138,-0.010314811021089554,0.10491188649568484
1555,7775,7789,-0.2376348078250885,-2.0835602283477783,134.21551513671875,-0.395540714263916,-1.5570924282073975,92.09078216552734,0.9764999151229858,0.9890459179878235,-42.124732971191406,0.4874480853047638,-0.25396256418149415,0.44889137148857117,-0.18815016746520996,-0.03855672478675842,0.06581240892410278,0.07627512172835357
1556,7780,7794,-0.3321235775947571,-1.9371001720428467,120.3781509399414,-0.3563907742500305,-1.3876605033874512,76.65364837646484,0.8035711646080017,0.7888062596321106,-43.72450256347656,0.48627725376006303,-0.2569188175304171,0.41655704379081726,-0.22641918063163757,-0.06972020864486694,0.030499637126922607,0.07609950958027085
1557,7785,7799,-0.38898012042045593,-1.7367992401123047,103.26806640625,-0.28871846199035645,-1.1966321468353271,69.51200103759766,0.8125198483467102,0.7849085927009583,-33.756065368652344,0.5027375972065629,-0.2215576610397948,0.4625231921672821,-0.18981528282165527,-0.04021438956260681,0.03174237906932831,0.05123256539422979
1558,7790,7804,-0.3894972503185272,-1.5272064208984375,87.56256866455078,-0.27719855308532715,-1.0048084259033203,91.28440856933594,0.8147030472755432,0.7532196044921875,3.7218399047851562,0.5267012411245501,-0.08998035992954803,0.45140400528907776,-0.01912059634923935,-0.07529720664024353,0.07085976004600525,0.10339620361309682
1559,7795,7809,-0.3386687934398651,-1.3303157091140747,74.3098373413086,-0.34011590480804443,-0.8294356465339661,110.371337890625,0.9636891484260559,0.8885546922683716,36.061500549316406,0.48182501642696324,0.13684876604018784,0.4091522693634033,0.17585745453834534,-0.0726727545261383,0.039008691906929016,0.0824803448992914
1560,7800,7814,-0.274128794670105,-1.1417230367660522,71.2732162475586,-0.4122368097305298,-0.6737995147705078,113.39928436279297,0.9459002614021301,0.8079662919044495,42.126068115234375,0.39881141928416275,0.28102615200225944,0.37332233786582947,0.1826527714729309,-0.025489091873168945,-0.09837338328361511,0.10162192845633217
1561,7805,7819,-0.283877968788147,-0.9808867573738098,95.3264389038086,-0.419601708650589,-0.49925681948661804,91.64143371582031,0.7525482773780823,0.8410014510154724,-3.6850051879882812,0.49214948612496184,0.0904279488786735,0.3887171149253845,0.046696506440639496,-0.10343235731124878,-0.0437314435839653,0.11229733610776071
1562,7810,7824,-0.35389629006385803,-0.8086211085319519,114.68317413330078,-0.38137948513031006,-0.3675582706928253,73.20500946044922,0.7321515083312988,0.6275004148483276,-41.47816467285156,0.41224029146872043,-0.15921587553868097,0.419007271528244,-0.14676421880722046,0.006766974925994873,0.012451663613319397,0.01417165750321061
1563,7815,7829,-0.4152216911315918,-0.6521034240722656,105.82855987548828,-0.29496172070503235,-0.22863110899925232,55.89180374145508,0.6577295064926147,0.6444113850593567,-49.9367561340332,0.3746130654699675,-0.2312062137994744,0.4093031883239746,-0.18746402859687805,0.03469011187553406,0.04374217987060547,0.05582814847162201
1564,7820,7834,-0.4143458604812622,-0.4767826795578003,88.11286926269531,-0.17788471281528473,-0.11228305846452713,44.26689147949219,0.832477331161499,0.6371387243270874,-43.845977783203125,0.37208876646381994,-0.22432967577998114,0.3633340001106262,-0.14441069960594177,-0.008754760026931763,0.07991898059844971,0.08039707260233138
1565,7825,7839,-0.3606632649898529,-0.3256419897079468,69.69475555419922,-0.06986525654792786,0.003438499988988042,47.4196662902832,0.7687071561813354,0.7456434369087219,-22.275089263916016,0.40954366114613305,-0.15852899329026907,0.3691563308238983,-0.1405928134918213,-0.04038733243942261,0.017936185002326965,0.04419098724864762
1566,7830,7844,-0.2608397305011749,-0.19314193725585938,51.25033187866211,0.06702162325382233,0.09006884694099426,30.881643295288086,0.7707532048225403,0.7588444352149963,-20.368688583374023,0.42608736802563607,-0.07842818467536011,0.32143649458885193,-0.10282578319311142,-0.10465088486671448,-0.0243975967168808,0.1074572027783428
1567,7835,7849,-0.1615961194038391,-0.09638681262731552,43.87788009643555,0.19997316598892212,0.13017451763153076,14.711969375610352,0.6408466696739197,0.6254863739013672,-29.165910720825195,0.41766093191685366,-0.0873025419702218,0.35785457491874695,-0.14398092031478882,-0.05980634689331055,-0.05667837709188461,0.08239682978423907
1568,7840,7854,-0.05138976126909256,0.01925262063741684,45.990718841552734,0.3664243519306183,0.13401247560977936,-0.7707494497299194,0.623801052570343,0.657078742980957,-46.76146697998047,0.3728251638955082,-0.22077103171048182,0.3297438621520996,-0.20928004384040833,-0.043081313371658325,0.011490985751152039,0.04458746814251966
1569,7845,7859,0.08997686952352524,0.10129296779632568,28.241029739379883,0.5247717499732971,0.08909154683351517,-18.150548934936523,0.6524858474731445,0.6497984528541565,-46.391578674316406,0.3772655019359308,-0.21648602104737583,0.4079110324382782,-0.1310623288154602,0.030645519495010376,0.08542369306087494,0.09075436739506057
1570,7850,7864,0.24696630239486694,0.13561953604221344,11.625079154968262,0.6652153134346008,-0.001824155799113214,-34.25012969970703,0.7850234508514404,0.7874323725700378,-45.87520980834961,0.38197370678153586,-0.21890429619872456,0.358450710773468,-0.17978715896606445,-0.023523002862930298,0.03911714255809784,0.045645180529821285
1571,7855,7869,0.4125053286552429,0.12589552998542786,-4.770248889923096,0.7762771248817444,-0.12928619980812073,-50.31276321411133,0.7869766354560852,0.803736686706543,-45.54251480102539,0.38373276869658657,-0.2240464174646293,0.3653770387172699,-0.15217840671539307,-0.018355727195739746,0.07186801731586456,0.07417509443066338
1572,7860,7874,0.5468730330467224,0.07875262200832367,-20.395221710205078,0.8343567252159119,-0.261349618434906,-67.7821273803711,0.6530247926712036,0.632371187210083,-47.386905670166016,0.38798519756839356,-0.2185952968876164,0.3650919198989868,-0.1964331865310669,-0.022893279790878296,0.02216210961341858,0.031863166228430856
1573,7865,7879,0.6829565167427063,-0.016830019652843475,-37.557586669921875,0.8682997822761536,-0.43492090702056885,-79.4057388305664,0.6446460485458374,0.7016388773918152,-41.84815216064453,0.40178007260054294,-0.2184602554461492,0.38350531458854675,-0.20767644047737122,-0.018274754285812378,0.01078382134437561,0.02121927065179736
1574,7870,7884,0.7908806800842285,-0.15490974485874176,-54.60265350341797,0.8923893570899963,-0.6148912310600281,-82.7708969116211,0.6976014375686646,0.7268312573432922,-28.168243408203125,0.4337542803505238,-0.18369599108723475,0.440145343542099,-0.2216678261756897,0.006391048431396484,-0.03797183930873871,0.03850592266835233
1575,7875,7889,0.8448455333709717,-0.309524804353714,-71.82540130615234,0.9151755571365356,-0.7988366484642029,-82.63700103759766,0.8005107045173645,0.8856277465820312,-10.811599731445312,0.4868371855293807,-0.0858017937778896,0.4544253647327423,-0.13378512859344482,-0.032411813735961914,-0.047983333468437195,0.05790445544513768
1576,7880,7894,0.8757598400115967,-0.4837905764579773,-80.28791046142578,0.975958526134491,-0.9830946922302246,-70.86143493652344,0.834326446056366,0.9127200841903687,9.426475524902344,0.5090512909828084,0.014531341183667848,0.45970770716667175,0.0209168940782547,-0.04934355616569519,0.0063855526968836784,0.049755018021520145
1577,7885,7899,0.8945395946502686,-0.6391412019729614,-83.13074493408203,1.0881521701812744,-1.1437798738479614,-52.727867126464844,0.714862585067749,0.9219649434089661,30.402877807617188,0.5241730654909433,0.13186590146561977,0.44617798924446106,0.030560653656721115,-0.07799509167671204,-0.10130524635314941,0.12785142652442721
1578,7890,7904,0.9215514659881592,-0.8263178467750549,-80.54917907714844,1.2119063138961792,-1.2549071311950684,-43.25588607788086,0.7515727877616882,0.7771345376968384,37.29329299926758,0.47044855174231626,0.2160390533836551,0.4330696165561676,0.17607539892196655,-0.037378937005996704,-0.03996364772319794,0.05471999699417146
1579,7895,7909,0.9866352081298828,-1.010385274887085,-69.22637939453125,1.3068833351135254,-1.4264719486236572,-63.508811950683594,0.7938726544380188,0.7660543918609619,5.717567443847656,0.5026209851625351,0.15185232356450346,0.430698424577713,0.05469619855284691,-0.07192257046699524,-0.09715612232685089,0.12088080181803026
1580,7900,7914,1.108999490737915,-1.158082127571106,-48.06211471557617,1.351957082748413,-1.6247234344482422,-79.46904754638672,0.8978121876716614,0.7934750914573669,-31.406932830810547,0.5094949014474484,-0.13113903384803544,0.4055229723453522,-0.1356985867023468,-0.103971928358078,-0.004559546709060669,0.10407185667936078
1581,7905,7919,1.2447549104690552,-1.3018136024475098,-48.190425872802734,1.3359999656677246,-1.8264367580413818,-96.01458740234375,0.9342415928840637,0.9522742629051208,-47.824161529541016,0.4518646921453437,-0.28173287964998706,0.46724560856819153,-0.24417877197265625,0.015380918979644775,0.03755411505699158,0.04058182137820034
1582,7910,7924,1.325589656829834,-1.4828852415084839,-67.25129699707031,1.2583180665969849,-2.010557174682617,-114.45124816894531,0.9435972571372986,0.931650698184967,-47.199951171875,0.460610931573814,-0.2660840198638141,0.4534764587879181,-0.29191088676452637,-0.007134467363357544,-0.025826871395111084,0.02679417680426889
1583,7915,7929,1.3541419506072998,-1.6542490720748901,-81.57575225830078,1.1637448072433472,-2.1549174785614014,-123.89317321777344,0.7912834286689758,0.8063664436340332,-42.317420959472656,0.4673729043985387,-0.2616916003408791,0.4514147937297821,-0.21898257732391357,-0.01595810055732727,0.042709022760391235,0.045592999446684636
1584,7920,7934,1.3284322023391724,-1.8563581705093384,-100.12491607666016,1.0895695686340332,-2.3465094566345215,-107.2260971069336,0.8065454363822937,0.8058751821517944,-7.1011810302734375,0.5245088926543593,-0.14897671830599712,0.4933898150920868,-0.0765204206109047,-0.031119078397750854,0.07245629280805588,0.07885627056748305
1585,7925,7939,1.2455024719238281,-2.0332179069519043,-116.58061981201172,1.1097657680511475,-2.5635063648223877,-82.60205078125,0.921716570854187,0.8359745740890503,33.97856903076172,0.5349762445696127,0.11589097926529564,0.5301478505134583,0.13192391395568848,-0.004828393459320068,0.016032934188842773,0.016744203836007502
1586,7930,7944,1.1329612731933594,-2.206559181213379,-123.38349151611328,1.1725784540176392,-2.7675983905792236,-72.53314971923828,0.9721039533615112,1.0025159120559692,50.850341796875,0.44667238683945887,0.34178691358426316,0.44656142592430115,0.12385474145412445,-0.00011095404624938965,-0.21793217957019806,0.21793220781476388
1587,7935,7949,1.090194821357727,-2.412776231765747,-99.0190658569336,1.1674591302871704,-2.9812283515930176,-92.90657043457031,1.007054090499878,1.003204107284546,6.112495422363281,0.5493117145808695,0.16542135954793585,0.49765828251838684,0.03714687377214432,-0.0516534149646759,-0.12827450037002563,0.13828384837967417
1588,7940,7954,1.1178677082061768,-2.5937273502349854,-80.97183227539062,1.1126402616500854,-3.160914897918701,-108.36339569091797,0.8586262464523315,0.8666778802871704,-27.391563415527344,0.5593405488390406,-0.09416576272406536,0.5343145728111267,-0.055139146745204926,-0.02502596378326416,0.039026618003845215,0.046361360809399295
1589,7945,7959,1.1767082214355469,-2.7990622520446777,-76.47797393798828,1.0020989179611206,-3.3327932357788086,-124.96259307861328,0.8319554924964905,0.8115971088409424,-48.484619140625,0.478109018027113,-0.2945656781411865,0.4232198894023895,-0.26618048548698425,-0.054889142513275146,0.028385192155838013,0.061794312841607656
1590,7950,7964,1.162284016609192,-3.0113613605499268,-96.38957214355469,0.8438593149185181,-3.4512531757354736,-146.20114135742188,0.826226532459259,0.7885106205940247,-49.81156921386719,0.47259615948711875,-0.2674919994169092,0.46083149313926697,-0.24422499537467957,-0.011764675378799438,0.023267000913619995,0.026072225035138896
1591,7955,7969,1.0866587162017822,-3.2118613719940186,-111.87841033935547,0.6592383980751038,-3.505308151245117,-165.05535888671875,0.9979938268661499,0.906801700592041,-53.17694854736328,0.43158489503432373,-0.28728664949587507,0.44300875067710876,-0.24770039319992065,0.011423856019973755,0.03958624601364136,0.041201642683485654
1592,7960,7974,0.9629954695701599,-3.371501922607422,-129.6278839111328,0.46049386262893677,-3.4849681854248047,173.12596130371094,0.9484923481941223,0.9379725456237793,-57.24615478515625,0.4078870196835933,-0.31465955722000705,0.41210275888442993,-0.32493484020233154,0.004215747117996216,-0.010275274515151978,0.011106475144015094
1593,7965,7979,0.8185346722602844,-3.46278977394104,-149.8097381591797,0.289854496717453,-3.3870720863342285,150.1570281982422,0.7752508521080017,0.8655979633331299,-60.033233642578125,0.41889378845043457,-0.3313063865034287,0.4152100384235382,-0.163469135761261,-0.003683745861053467,0.1678372621536255,0.16787768330184222
1594,7970,7984,0.6298084259033203,-3.5053796768188477,-171.12222290039062,0.15531471371650696,-3.2515273094177246,133.2636260986328,0.7672274708747864,0.8802663087844849,-55.6141357421875,0.42963286114150473,-0.3240384421134964,0.4455518424510956,-0.343683123588562,0.015918970108032227,-0.01964467763900757,0.025284915836145224
1595,7975,7989,0.4384326636791229,-3.4743685722351074,167.6927947998047,0.05634170025587082,-3.0615546703338623,119.11381530761719,0.7546069025993347,0.9195679426193237,-48.5789794921875,0.4613026644194519,-0.3218830036497039,0.42948517203330994,-0.3566987216472626,-0.031817495822906494,-0.03481572866439819,0.04716447818934998
1596,7980,7994,0.2650049030780792,-3.3680758476257324,148.4961395263672,0.009632780216634274,-2.8435633182525635,100.96699523925781,0.8950007557868958,1.0456857681274414,-47.529144287109375,0.4918187258350576,-0.3137557372498481,0.42283543944358826,-0.32826128602027893,-0.0689832866191864,-0.014505535364151001,0.07049187463094918
1597,7985,7999,0.13545477390289307,-3.2193965911865234,133.2636260986328,0.015021390281617641,-2.622408151626587,88.30316925048828,0.8802663087844849,1.0432010889053345,-44.96045684814453,0.5172715215126217,-0.3214491712018713,0.44550636410713196,-0.2916831970214844,-0.07176515460014343,0.029765963554382324,0.07769330731217011
1598,7990,8004,0.045802779495716095,-3.0302157402038574,116.32765197753906,0.002605756279081106,-2.3962349891662598,94.43025970458984,0.9053895473480225,1.0631098747253418,-21.89739227294922,0.5873775520593941,-0.24245656715869698,0.4753810465335846,-0.1749667525291443,-0.11199650168418884,0.06748981773853302,0.13075967225363072
1599,7995,8009,0.009404979646205902,-2.811997890472412,97.15457916259766,-0.08874067664146423,-2.244013547897339,123.26435852050781,0.8779298663139343,0.8061646223068237,26.109779357910156,0.5757855903885961,0.02664089261701759,0.5063279867172241,0.05279845744371414,-0.06945759057998657,0.026157565414905548,0.07421977578524543
1600,8000,8014,0.01753675937652588,-2.5889501571655273,87.44569396972656,-0.2261604219675064,-2.1027228832244873,135.63333129882812,0.8847413063049316,0.77293860912323,48.18763732910156,0.47488349496196214,0.2651243940716762,0.4644082486629486,0.24545854330062866,-0.010475248098373413,-0.019665837287902832,0.022281740931909814
1601,8005,8019,-0.008343669585883617,-2.366572380065918,97.78352355957031,-0.3254736661911011,-1.9322149753570557,115.19393920898438,1.0403046607971191,0.7196791768074036,17.410415649414062,0.47330471969493754,0.2553829161452311,0.4693974554538727,0.23017123341560364,-0.003907263278961182,-0.025211691856384277,0.025512665728856947
1602,8010,8024,-0.1256953328847885,-2.200991153717041,127.32136535644531,-0.3710806667804718,-1.7377172708511353,102.05715942382812,0.9537356495857239,0.9472516775131226,-25.264205932617188,0.5171908202607376,-0.0857339377071547,0.45853951573371887,-0.043513230979442596,-0.05865129828453064,0.04222070425748825,0.07226730006343998
1603,8015,8029,-0.26977264881134033,-2.0506181716918945,134.61581420898438,-0.3647843599319458,-1.5406811237335205,87.31157684326172,0.9845761656761169,0.9305820465087891,-47.304237365722656,0.42972105247720427,-0.29052166044625705,0.429953008890152,-0.23169860243797302,0.00023195147514343262,0.05882304906845093,0.0588235063830456
1604,8020,8034,-0.33510449528694153,-1.906145453453064,114.6142578125,-0.32397162914276123,-1.380192518234253,75.19983673095703,0.7973668575286865,0.751802921295166,-39.41442108154297,0.473523985126934,-0.22918434999662227,0.40930625796318054,-0.22643828392028809,-0.0642177164554596,0.0027460604906082153,0.06427640278494033
1605,8025,8039,-0.37272047996520996,-1.7096916437149048,98.82868957519531,-0.27170902490615845,-1.1977349519729614,75.55941009521484,0.7631781697273254,0.7420085072517395,-23.26927947998047,0.4903875475765775,-0.17839008227570263,0.46171292662620544,-0.12568187713623047,-0.02867463231086731,0.052708208560943604,0.060003248144307686
1606,8030,8044,-0.35888925194740295,-1.5123488903045654,83.58209228515625,-0.2942662537097931,-1.0163421630859375,100.38694763183594,0.7768867015838623,0.7226241230964661,16.804855346679688,0.5001217967268304,-0.008774610309259204,0.44437506794929504,0.06859344244003296,-0.05574670433998108,0.07736805081367493,0.09535989896951784
1607,8035,8049,-0.30535250902175903,-1.3283833265304565,73.36643981933594,-0.36582642793655396,-0.8555134534835815,114.54108428955078,0.9185341596603394,0.8275877237319946,41.174644470214844,0.43577202971622414,0.19330222404639621,0.38468238711357117,0.19502833485603333,-0.05108964443206787,0.001726105809211731,0.05111879507049944
1608,8040,8054,-0.27057796716690063,-1.1455752849578857,80.83433532714844,-0.4044685661792755,-0.694320797920227,101.9289779663086,0.882912814617157,0.788510262966156,21.094642639160156,0.4241654437421307,0.20406121853638515,0.3699059784412384,0.11511620879173279,-0.05425947904586792,-0.08894501626491547,0.10418880450746643
1609,8045,8059,-0.3033291697502136,-0.9923909902572632,103.78227996826172,-0.3926120102405548,-0.5527218580245972,83.92173767089844,0.7137404084205627,0.6428561210632324,-19.86054229736328,0.44828030887661907,-0.018031531208753795,0.41645267605781555,-0.09204760938882828,-0.03182762861251831,-0.07401607930660248,0.0805690879867562
1610,8050,8064,-0.3748350441455841,-0.8345902562141418,116.87968444824219,-0.3341393768787384,-0.3994498550891876,66.59684753417969,0.6792160272598267,0.6482838988304138,-50.2828369140625,0.36972765317279943,-0.2330338355364174,0.38474154472351074,-0.19430994987487793,0.015013903379440308,0.038723886013031006,0.041532597350001935
1611,8055,8069,-0.4049883782863617,-0.668947696685791,96.3851318359375,-0.2481025755405426,-0.2638225257396698,57.28282928466797,0.6656720638275146,0.6428666114807129,-39.10230255126953,0.3851646688077143,-0.20096700510175236,0.3515312671661377,-0.14257055521011353,-0.033633410930633545,0.05839644372463226,0.0673895464483402
1612,8060,8074,-0.38095706701278687,-0.5076228380203247,79.91513061523438,-0.18614891171455383,-0.12828633189201355,66.55885314941406,0.7733466625213623,0.7089860439300537,-13.356277465820312,0.40758777056946693,-0.12537388697231305,0.36127549409866333,-0.1476244032382965,-0.04631227254867554,-0.022250518202781677,0.05138007540783805
1613,8065,8079,-0.31127795577049255,-0.3621634542942047,62.98201370239258,-0.11677340418100357,0.0017289530951529741,59.668556213378906,0.7666598558425903,0.6897181272506714,-3.313457489013672,0.41253625279214934,-0.007971632703092951,0.3677733540534973,-0.10525118559598923,-0.04476290941238403,-0.09727955609560013,0.10708421962744236
1614,8070,8084,-0.23742882907390594,-0.24655412137508392,57.66266632080078,-0.00927785038948059,0.102341428399086,41.39659881591797,0.6240620613098145,0.6858036518096924,-16.266067504882812,0.4168251944312244,-0.006142557631261647,0.3525547683238983,-0.14196914434432983,-0.06427043676376343,-0.13582658767700195,0.1502649359025026
1615,8075,8089,-0.18010224401950836,-0.10650896281003952,69.64659881591797,0.10095430165529251,0.1595906764268875,26.882593154907227,0.6056562066078186,0.5734285712242126,-42.764007568359375,0.34723992562404543,-0.1709568195310059,0.3200254738330841,-0.16486778855323792,-0.02721443772315979,0.00608903169631958,0.027887307643200826
1616,8080,8094,-0.10281527787446976,0.019886959344148636,54.408416748046875,0.25573790073394775,0.19634220004081726,11.394257545471191,0.5842121243476868,0.6497321724891663,-43.01416015625,0.35217018885530715,-0.18887294118790987,0.3245777487754822,-0.17389222979545593,-0.027592450380325317,0.014980718493461609,0.03139689864574298
1617,8085,8099,0.007961389608681202,0.11244820058345795,39.189876556396484,0.4097270965576172,0.1844784915447235,-7.444948673248291,0.6875253915786743,0.5931293368339539,-46.63482666015625,0.35690637041249373,-0.19804516305651562,0.3374106287956238,-0.16903716325759888,-0.019495755434036255,0.02900800108909607,0.03495065960935148
1618,8090,8104,0.13993306457996368,0.1730039268732071,23.635854721069336,0.564903199672699,0.13059258460998535,-21.13930892944336,0.6612628102302551,0.7516794800758362,-44.77516174316406,0.37231660488391416,-0.20923359210728648,0.39634785056114197,-0.1678120493888855,0.024031251668930054,0.041421547532081604,0.047887844561307506
1619,8095,8109,0.30279451608657837,0.1984519213438034,8.338134765625,0.6890866756439209,0.03517384082078934,-38.809356689453125,0.7970700860023499,0.736714243888855,-47.147491455078125,0.3585311213095811,-0.21757021104511706,0.3760530650615692,-0.17518624663352966,0.017521947622299194,0.04238396883010864,0.04586305116616444
1620,8100,8114,0.4374311566352844,0.17988045513629913,-8.747213363647461,0.7724810242652893,-0.07470989972352982,-54.17494583129883,0.6278263926506042,0.6280245184898376,-45.427734375,0.3698697816037791,-0.20067638385371142,0.3731842041015625,-0.15132373571395874,0.0033144354820251465,0.04935264587402344,0.04946381644526906
1621,8105,8119,0.5847095847129822,0.11912325024604797,-24.489803314208984,0.8314318656921387,-0.2227257937192917,-71.27754211425781,0.6387137770652771,0.6369033455848694,-46.78773880004883,0.36623304562090275,-0.20882049444179843,0.3656971752643585,-0.1983228623867035,-0.0005358755588531494,0.010497629642486572,0.010511298241672573
1622,8110,8124,0.7056463956832886,0.017873229458928108,-41.886009216308594,0.8548663258552551,-0.38501837849617004,-82.47370147705078,0.62598717212677,0.6533896923065186,-40.58769226074219,0.38008134500850255,-0.20031576322598918,0.37831905484199524,-0.20958250761032104,-0.001762300729751587,-0.009266749024391174,0.00943283315569282
1623,8115,8129,0.7942616939544678,-0.11305282264947891,-56.51396942138672,0.875482976436615,-0.5555292963981628,-82.68209075927734,0.7415475845336914,0.8142659664154053,-26.168121337890625,0.4138469121827626,-0.17638896342832983,0.4234641492366791,-0.16781994700431824,0.009617239236831665,0.008569017052650452,0.012880968278319326
1624,8120,8134,0.8393059968948364,-0.26724371314048767,-75.045166015625,0.9345523715019226,-0.7304232120513916,-70.38964080810547,0.7518869042396545,0.8731144666671753,4.655525207519531,0.4720704459531723,-0.02750662001632452,0.44280436635017395,-0.010449938476085663,-0.02926608920097351,0.017056681215763092,0.03387380036570305
1625,8125,8139,0.8566253781318665,-0.4086868464946747,-83.56257629394531,1.010260820388794,-0.8731365203857422,-61.062931060791016,0.6528997421264648,0.7325425148010254,22.499645233154297,0.4787465711921128,0.10059358462047156,0.48189035058021545,0.11833649128675461,0.003143787384033203,0.017742909491062164,0.01801927402322386
1626,8130,8144,0.8812730312347412,-0.5808830261230469,-80.35700988769531,1.1389132738113403,-1.0173425674438477,-46.41648483276367,0.6891305446624756,0.759709894657135,33.94052505493164,0.4734495763501315,0.18088926020848678,0.4136872887611389,0.1444493681192398,-0.05976229906082153,-0.03643989562988281,0.0699957026006013
1627,8135,8149,0.945817232131958,-0.7565754652023315,-68.36894226074219,1.2312254905700684,-1.186324954032898,-64.12095642089844,0.7520186901092529,0.7535861730575562,4.24798583984375,0.504694772460951,0.106890990197478,0.45289358496665955,0.10266368091106415,-0.0518011748790741,-0.004227310419082642,0.05197337657139184
1628,8140,8154,1.0436855554580688,-0.9172859787940979,-57.08837127685547,1.274093508720398,-1.3766887187957764,-78.39462280273438,0.8891417980194092,0.9230520725250244,-21.306251525878906,0.5108639869638855,-0.05618442195972498,0.4189651310443878,-0.04944140464067459,-0.0918988287448883,0.0067430175840854645,0.09214587896819691
1629,8145,8159,1.1714218854904175,-1.063049554824829,-48.68505859375,1.2603559494018555,-1.5690889358520508,-95.2083969116211,0.9133694171905518,0.9162942171096802,-46.523338317871094,0.43879617997711884,-0.26728829999030135,0.4323168098926544,-0.18398287892341614,-0.006479382514953613,0.08330541849136353,0.08355701734621873
1630,8150,8164,1.2403316497802734,-1.2122920751571655,-66.41972351074219,1.204087257385254,-1.7582989931106567,-107.18621063232422,0.7581132650375366,0.9260164499282837,-40.76648712158203,0.4859166353468177,-0.251639094590611,0.45576098561286926,-0.23870012164115906,-0.030155658721923828,0.012938976287841797,0.0328143392487259
1631,8155,8169,1.2754795551300049,-1.4031778573989868,-82.01122283935547,1.1310110092163086,-1.910487413406372,-116.24677276611328,0.7625941038131714,0.7730810642242432,-34.23554992675781,0.48230816152251554,-0.21357196375835288,0.41193801164627075,-0.153395414352417,-0.0703701376914978,0.0601765513420105,0.09259143378379009
1632,8160,8174,1.253835916519165,-1.5974500179290771,-99.23779296875,1.069234013557434,-2.1066062450408936,-103.92054748535156,0.7622894048690796,0.8148429989814758,-4.6827545166015625,0.5321873359577723,-0.10047171557210047,0.4987362325191498,-0.15604475140571594,-0.03345111012458801,-0.05557303875684738,0.06486400700879784
1633,8165,8179,1.1931720972061157,-1.784419298171997,-108.24247741699219,1.103258490562439,-2.316901683807373,-78.7417221069336,0.9430875182151794,0.855924129486084,29.500755310058594,0.5338664215707768,0.08129324443536941,0.5248149037361145,0.12814736366271973,-0.009051501750946045,0.04685411602258682,0.047720413579572074
1634,8170,8184,1.104876160621643,-1.9628041982650757,-116.96636962890625,1.1713812351226807,-2.5176210403442383,-70.67463684082031,0.9386733770370483,1.0048751831054688,46.29173278808594,0.4643352998456791,0.3108655376626787,0.45474275946617126,0.09119787812232971,-0.009592533111572266,-0.21966767311096191,0.21987701858421
1635,8175,8189,1.0728759765625,-2.164273738861084,-97.04193115234375,1.1768559217453003,-2.7316651344299316,-89.86101531982422,0.9558350443840027,1.0246846675872803,7.180915832519531,0.5503638972061847,0.17275533397786239,0.5010250210762024,0.00817321240901947,-0.04933887720108032,-0.16458211839199066,0.17181850452689465
1636,8180,8194,1.110918402671814,-2.3452110290527344,-78.01799011230469,1.1346278190612793,-2.904390811920166,-104.90670013427734,0.836938202381134,0.8220535516738892,-26.888710021972656,0.5519190229702027,-0.09289541472437696,0.45153459906578064,-0.15838724374771118,-0.10038444399833679,-0.06549182534217834,0.11985914976965927
1637,8185,8199,1.1764039993286133,-2.5453593730926514,-74.04646301269531,1.0323872566223145,-3.0830514430999756,-122.21826171875,0.8322896957397461,0.8129446506500244,-48.17179870605469,0.47739869044342287,-0.2862587547855934,0.44468459486961365,-0.24766230583190918,-0.03271409869194031,0.03859645128250122,0.05059543758906035
1638,8190,8204,1.173076868057251,-2.7599565982818604,-93.08027648925781,0.8898547887802124,-3.2111058235168457,-140.87600708007812,0.8458107113838196,0.7634428143501282,-47.79573059082031,0.46571637633053037,-0.2585703510414459,0.3787144124507904,-0.2737874984741211,-0.08700194954872131,-0.01521715521812439,0.08832270964033395
1639,8195,8209,1.1111905574798584,-2.9580023288726807,-108.23457336425781,0.7107915282249451,-3.2784440517425537,-160.3340606689453,0.9724612236022949,0.8932977914810181,-52.0994873046875,0.4296383287918095,-0.2800235468975252,0.44644954800605774,-0.2518433928489685,0.016811221837997437,0.02818015217781067,0.03281368855296413
1640,8200,8214,0.9975394010543823,-3.1235179901123047,-125.91449737548828,0.5186871886253357,-3.271898031234741,176.1652069091797,0.9410431981086731,0.9022073149681091,-57.9202880859375,0.40105583124022076,-0.30078280898333326,0.4294169843196869,-0.26169535517692566,0.028361141681671143,0.0390874445438385,0.04829267727570583
1641,8205,8219,0.8637356162071228,-3.2237846851348877,-144.04678344726562,0.3590853810310364,-3.2204880714416504,158.3338165283203,0.7967340350151062,0.7760517597198486,-57.619384765625,0.4065771603397396,-0.29896110150853317,0.4477440416812897,-0.246692955493927,0.041166871786117554,0.052268147468566895,0.06653322908480015
1642,8210,8224,0.6823576092720032,-3.2828688621520996,-165.9695587158203,0.2014666497707367,-3.102324962615967,140.23379516601562,0.7494092583656311,0.7580137252807617,-53.796630859375,0.42277397646444714,-0.2917436878737928,0.45072248578071594,-0.292225182056427,0.027948498725891113,-0.00048148632049560547,0.0279526458516535
1643,8215,8229,0.49021705985069275,-3.2725820541381836,173.64137268066406,0.08243943750858307,-2.9248218536376953,135.69830322265625,0.7387372255325317,0.9055867791175842,-37.94306945800781,0.443783920121493,-0.30045892635101457,0.3752308785915375,-0.27535301446914673,-0.06855303049087524,0.025105923414230347,0.07300565306854032
1644,8220,8234,0.3074040114879608,-3.1904828548431396,154.7098846435547,0.008734660223126411,-2.7169711589813232,106.81266021728516,0.9541981816291809,1.0004948377609253,-47.89722442626953,0.4723288420479861,-0.30053646148860025,0.3953995704650879,-0.2836483418941498,-0.07692927122116089,0.01688811182975769,0.07876116487072378
1645,8225,8239,0.16679562628269196,-3.0596933364868164,135.69830322265625,-0.011829719878733158,-2.5050315856933594,95.09135437011719,0.9055867791175842,1.0020065307617188,-40.60694885253906,0.5152331678115734,-0.2721974550554935,0.48395517468452454,-0.3030635118484497,-0.031277984380722046,-0.03086605668067932,0.043943438212497674
1646,8230,8244,0.06135039031505585,-2.891103744506836,125.41478729248047,-0.01935379020869732,-2.2924880981445312,91.8986587524414,0.837139904499054,1.001216173171997,-33.51612854003906,0.5346261299594893,-0.28112054049634316,0.5118429064750671,-0.28870275616645813,-0.022783219814300537,-0.007582217454910278,0.024011770585283435
1647,8235,8249,0.0043379198759794235,-2.686495780944824,103.58258819580078,-0.08291933685541153,-2.1244590282440186,113.18280792236328,0.8538788557052612,0.8122923374176025,9.6002197265625,0.566810023211168,-0.04717560970637481,0.49854758381843567,-0.03409145027399063,-0.06826242804527283,0.013084158301353455,0.06950506658575997
1648,8240,8254,-0.013322490267455578,-2.4744274616241455,94.36946868896484,-0.20295608043670654,-1.975889801979065,128.44635009765625,0.8478502631187439,0.7388845086097717,34.076881408691406,0.5115364062884421,0.15109997586379614,0.4393666088581085,0.21279186010360718,-0.07216981053352356,0.061691880226135254,0.09494403424270799
1649,8245,8259,-0.02477899007499218,-2.260223150253296,93.25245666503906,-0.3040059506893158,-1.8105432987213135,119.7912368774414,0.9638713598251343,0.9211933612823486,26.538780212402344,0.4647976324567222,0.25326433667250337,0.4805639684200287,0.22920852899551392,0.01576632261276245,-0.024055808782577515,0.02876210814446045
1650,8250,8264,-0.11942429840564728,-2.0811057090759277,120.29732513427734,-0.3446372449398041,-1.6243948936462402,101.76697540283203,0.9586858749389648,0.9367883205413818,-18.530349731445312,0.507949917687381,-0.03595165279135312,0.4753763973712921,-0.020156405866146088,-0.03257349133491516,0.01579524576663971,0.03620113432717741
1651,8255,8269,-0.22079014778137207,-1.9558978080749512,128.96206665039062,-0.3403061628341675,-1.4326053857803345,86.98473358154297,0.7506301999092102,0.8828520774841309,-41.977333068847656,0.4820448884050991,-0.23611811164665658,0.43008992075920105,-0.22055551409721375,-0.051954954862594604,0.015562593936920166,0.05423570470473954
1652,8260,8274,-0.30990251898765564,-1.7911406755447388,114.54557800292969,-0.3015686273574829,-1.274750828742981,75.91210174560547,0.7283525466918945,0.7463317513465881,-38.63347625732422,0.4662622244652289,-0.22209787406993087,0.39113137125968933,-0.2061220407485962,-0.07513085007667542,0.01597583293914795,0.07681062342764472
1653,8265,8279,-0.3487497568130493,-1.5929017066955566,99.73667907714844,-0.2562248110771179,-1.0950989723205566,77.1385726928711,0.7758631706237793,0.7282679677009583,-22.598106384277344,0.47498423522529837,-0.17538074073883442,0.4575122892856598,-0.12250185757875443,-0.01747193932533264,0.05287887901067734,0.05569061419318302
1654,8270,8284,-0.334598571062088,-1.406366229057312,84.8295669555664,-0.2826359272003174,-0.923233151435852,102.26250457763672,0.8962475657463074,0.6795253157615662,17.432937622070312,0.4858500299570944,-0.008211908412748659,0.4391826093196869,0.007110990583896637,-0.0466674268245697,0.01532289944589138,0.04911863163663526
1655,8275,8289,-0.2856989800930023,-1.224189281463623,74.28614807128906,-0.35426801443099976,-0.7755589485168457,117.01290130615234,0.8762927055358887,0.7583085298538208,42.72675323486328,0.4132925867016758,0.18751033541492998,0.40324923396110535,0.19211970269680023,-0.010043352842330933,0.004609361290931702,0.011050572284994854
1656,8280,8294,-0.25639501214027405,-1.0439643859863281,82.13707733154297,-0.41458985209465027,-0.6280497908592224,109.9749755859375,0.8614474534988403,0.7493609189987183,27.83789825439453,0.3903626352451404,0.2136061114116457,0.3783327043056488,0.13102692365646362,-0.012029916048049927,-0.08257918059825897,0.083450823533402
1657,8285,8299,-0.2916467487812042,-0.8983917236328125,105.14278411865234,-0.4206641912460327,-0.49451661109924316,91.61050415039062,0.6776788234710693,0.6093687415122986,-13.532279968261719,0.42355432505728896,0.019035249129787296,0.37617307901382446,0.03113669529557228,-0.04738125205039978,0.012101445347070694,0.04890222924726083
1658,8290,8304,-0.3680464029312134,-0.7561008334159851,121.82707214355469,-0.3833226263523102,-0.3488321602344513,73.7242431640625,0.6330840587615967,0.5978008508682251,-48.10282897949219,0.3540892548374966,-0.20179676599411753,0.39442726969718933,-0.11047109216451645,0.04033800959587097,0.09132567793130875,0.09983754037319685
1659,8295,8309,-0.41755032539367676,-0.6052671670913696,103.47038269042969,-0.3075428903102875,-0.21924182772636414,56.59982681274414,0.6061326265335083,0.585497260093689,-46.87055587768555,0.3497805325224307,-0.19690296461409254,0.3938494026660919,-0.17009851336479187,0.044068872928619385,0.026804447174072266,0.05158046092762678
1660,8300,8314,-0.4137844443321228,-0.4531673192977905,87.02262115478516,-0.1986124962568283,-0.1154870092868805,42.767826080322266,0.7125058174133301,0.7011416554450989,-44.25479507446289,0.3484008744607765,-0.19734180926136205,0.33522874116897583,-0.13924279808998108,-0.013172119855880737,0.058099016547203064,0.05957348793926593
1661,8305,8319,-0.366144061088562,-0.30811458826065063,70.43799591064453,-0.07817497849464417,-0.021667160093784332,37.99147415161133,0.7160614728927612,0.7270246148109436,-32.4465217590332,0.3663333611068782,-0.1754371523991759,0.3340875506401062,-0.15055236220359802,-0.03224581480026245,0.024884790182113647,0.04073138046446063
1662,8310,8324,-0.29219722747802734,-0.2020498514175415,53.858551025390625,0.0322331003844738,0.042358189821243286,28.4691162109375,0.5881812572479248,0.5824563503265381,-25.389434814453125,0.3887177432117988,-0.11785091056030389,0.32182031869888306,-0.19410166144371033,-0.0668974220752716,-0.07625075429677963,0.10143688979431938
1663,8315,8329,-0.18235130608081818,-0.10303366184234619,40.68398666381836,0.17655132710933685,0.08111211657524109,12.520268440246582,0.5751212239265442,0.5870153307914734,-28.163719177246094,0.392203954970078,-0.09432298513975892,0.3051673173904419,-0.21265661716461182,-0.08703663945198059,-0.11833363026380539,0.14689528467076493
1664,8320,8334,-0.060861870646476746,-0.008123300038278103,38.47343444824219,0.3336183428764343,0.0802268385887146,-2.626368284225464,0.6091687083244324,0.6188769936561584,-41.09980392456055,0.3638044615228832,-0.1762575148852582,0.33523133397102356,-0.17346280813217163,-0.02857312560081482,0.002794712781906128,0.028709474501169275
1665,8325,8339,0.07235938310623169,0.05797465145587921,24.85405731201172,0.4812361001968384,0.03279569000005722,-19.24610710144043,0.702708899974823,0.7327110767364502,-44.10016632080078,0.3604241715616343,-0.19470122350128,0.3249007761478424,-0.17485210299491882,-0.03552338480949402,0.019849121570587158,0.04069273271048946
1666,8330,8344,0.2212134450674057,0.08538295328617096,9.18653678894043,0.6107499599456787,-0.05257070064544678,-34.74303436279297,0.7144395709037781,0.7348517775535583,-43.92957305908203,0.3625160349339249,-0.1983734353770391,0.3473066985607147,-0.20259937644004822,-0.015209347009658813,-0.004225939512252808,0.015785525053714146
1667,8335,8349,0.35546138882637024,0.0767085999250412,-4.342090606689453,0.7154258489608765,-0.17901454865932465,-51.347618103027344,0.6204718351364136,0.7765243053436279,-47.00552749633789,0.37829240560767613,-0.2277358055760788,0.35413575172424316,-0.19413641095161438,-0.024156659841537476,0.03359939157962799,0.041381920318188783
1668,8340,8354,0.5009609460830688,0.02357289008796215,-22.665014266967773,0.7671341896057129,-0.30293843150138855,-68.24722290039062,0.592758059501648,0.6234517693519592,-45.58220672607422,0.37143637079329983,-0.1987281116541918,0.36336761713027954,-0.19441375136375427,-0.008068740367889404,0.0043143630027771,0.009149770447619977
1669,8345,8359,0.6272417902946472,-0.06875517964363098,-38.33592224121094,0.8332024812698364,-0.45218586921691895,-66.13572692871094,0.6245007514953613,0.6425859332084656,-27.7998046875,0.39938393219042656,-0.1730068629902792,0.41018497943878174,-0.09193070977926254,0.010801047086715698,0.08107615262269974,0.08179245162158151
1670,8350,8364,0.7251245975494385,-0.19765537977218628,-53.89917755126953,0.9254869222640991,-0.6023598313331604,-57.05182647705078,0.7592798471450806,0.6854099631309509,-3.15264892578125,0.4450487556857686,-0.07656604561345096,0.4625580608844757,0.028065267950296402,0.01750931143760681,0.10463131964206696,0.10608623396586145
1671,8355,8369,0.7859348654747009,-0.3453406095504761,-67.58808898925781,1.0485996007919312,-0.7338621020317078,-46.44417190551758,0.7537642121315002,0.8574790358543396,21.143917083740234,0.45931945034489163,0.09469612364812544,0.4396107494831085,0.1903117597103119,-0.019708693027496338,0.09561563283205032,0.09762572316108876
1672,8360,8374,0.8577085733413696,-0.497783362865448,-64.61865997314453,1.1392637491226196,-0.8921011090278625,-61.90056610107422,0.7913217544555664,0.8677616119384766,2.7180938720703125,0.4769422698883953,0.0853573262322698,0.4843551814556122,0.15442831814289093,0.007412910461425781,0.06907099485397339,0.06946764406273423
1673,8365,8379,0.9411713480949402,-0.6208770275115967,-55.31454849243164,1.1791874170303345,-1.0439395904541016,-76.5622787475586,0.6941825747489929,0.7200308442115784,-21.247730255126953,0.48332749013411214,-0.04503463684320114,0.3906779885292053,-0.08310193568468094,-0.09264948964118958,-0.038067299872636795,0.10016509996184374
1674,8370,8384,1.0649513006210327,-0.7529229521751404,-46.66649627685547,1.1769558191299438,-1.224503993988037,-92.71770477294922,0.6973892450332642,0.7201851010322571,-46.05120849609375,0.41987706378942674,-0.2421506606790899,0.34936243295669556,-0.14777395129203796,-0.07051461935043335,0.09437671303749084,0.11781033700782544
1675,8375,8389,1.1487643718719482,-0.9166089296340942,-64.99341583251953,1.1632918119430542,-1.410487174987793,-93.09366607666016,0.723701536655426,0.7521438598632812,-28.100250244140625,0.4537227857324703,-0.19560777452809658,0.39109981060028076,-0.14186319708824158,-0.06262296438217163,0.05374458432197571,0.08252342704924884
1676,8380,8394,1.1831644773483276,-1.0937085151672363,-79.85211181640625,1.1333481073379517,-1.5994826555252075,-99.10564422607422,0.8597463965415955,0.8991459608078003,-19.25353240966797,0.4890848206995553,-0.13814915829327112,0.41500529646873474,-0.15396693348884583,-0.07407951354980469,-0.015817776322364807,0.07574943151971546
1677,8385,8399,1.1706721782684326,-1.2739330530166626,-94.8663558959961,1.0792155265808105,-1.788394808769226,-106.12348175048828,0.8569342494010925,0.9353073239326477,-11.257125854492188,0.5203657031563069,-0.04748423157811051,0.41387638449668884,-0.15569615364074707,-0.10648933053016663,-0.10821191966533661,0.15182159620561345
1678,8390,8404,1.1592198610305786,-1.4380617141723633,-94.12728118896484,1.025536298751831,-1.9450181722640991,-108.71490478515625,0.7560558319091797,0.7561171054840088,-14.587623596191406,0.5152632527335604,-0.09685001603967147,0.4450528919696808,-0.18681052327156067,-0.07021036744117737,-0.0899605080485344,0.11411568123871303
1679,8395,8409,1.126441478729248,-1.6250280141830444,-100.49274444580078,1.0514750480651855,-2.1359972953796387,-82.26542663574219,0.742684006690979,0.8480232954025269,18.227317810058594,0.5160770535004293,0.019340292226045164,0.47615793347358704,0.017685212194919586,-0.039919108152389526,-0.001655079424381256,0.03995340390483872
1680,8400,8414,1.0696467161178589,-1.814811110496521,-107.21714782714844,1.135792851448059,-2.3133506774902344,-61.89871597290039,0.7797114253044128,0.7659313678741455,45.31843185424805,0.45662106318835216,0.21074680479224184,0.5072303414344788,0.17131774127483368,0.050609290599823,-0.03942906856536865,0.06415568363714844
1681,8405,8419,1.018789529800415,-1.9994919300079346,-104.92315673828125,1.197556972503662,-2.5043513774871826,-74.1857681274414,0.9080239534378052,0.9555636644363403,30.737388610839844,0.44179479740323696,0.30275108136411855,0.44464340806007385,0.1358363926410675,0.0028486251831054688,-0.166914701461792,0.16693900751326207
1682,8410,8424,1.0701968669891357,-2.190506935119629,-74.93704223632812,1.2013769149780273,-2.702270030975342,-89.92176818847656,0.8703712224960327,0.9373537302017212,-14.984725952148438,0.5282704556172239,-0.0063243175254113215,0.5120285749435425,-0.0012395530939102173,-0.016241908073425293,0.005084764212369919,0.017019236321321695
1683,8415,8429,1.1502097845077515,-2.337188482284546,-59.61204528808594,1.1548279523849487,-2.8968496322631836,-104.67462158203125,0.7590494155883789,0.9566860795021057,-45.06257629394531,0.48511103142276296,-0.27912222674286663,0.4542052447795868,-0.15295740962028503,-0.03090578317642212,0.12616482377052307,0.12989507377416265
1684,8420,8434,1.2011442184448242,-2.5318422317504883,-78.55471801757812,1.0735762119293213,-3.046020746231079,-119.6596908569336,0.7765933871269226,0.7873790264129639,-41.10497283935547,0.4786403223910572,-0.22706074698457082,0.40210917592048645,-0.17692536115646362,-0.07653114199638367,0.05013538897037506,0.09149083518299221
1685,8425,8439,1.1988928318023682,-2.7285807132720947,-92.6536865234375,0.9411197304725647,-3.1773738861083984,-138.40049743652344,0.7790670990943909,0.722364068031311,-45.74681091308594,0.46024653805440086,-0.2367179924775479,0.4128723442554474,-0.21587637066841125,-0.047374188899993896,0.020841628313064575,0.051756035828415606
1686,8430,8444,1.144418478012085,-2.9216177463531494,-107.39209747314453,0.7739748954772949,-3.254960298538208,-158.60487365722656,0.9383968710899353,0.7181833386421204,-51.21277618408203,0.42883163817330044,-0.2538683340632735,0.4233640134334564,-0.23437616229057312,-0.005467623472213745,0.01949217915534973,0.020244504307543647
1687,8435,8449,1.0393354892730713,-3.0901753902435303,-123.83928680419922,0.5858469605445862,-3.264842987060547,-178.80715942382812,0.9249306917190552,0.887844979763031,-54.967872619628906,0.3976114157802221,-0.2794025359716789,0.3771694600582123,-0.23349079489707947,-0.020441949367523193,0.04591172933578491,0.050256941655325134
1688,8440,8454,0.8955550789833069,-3.2073254585266113,-142.16567993164062,0.4105187952518463,-3.2092888355255127,164.88613891601562,0.8790946006774902,0.8621548414230347,-52.94818115234375,0.3842800072182082,-0.295961023510934,0.42733582854270935,-0.27498960494995117,0.043055832386016846,0.02097141742706299,0.04789159687620469
1689,8445,8459,0.7472383379936218,-3.2614824771881104,-161.5197296142578,0.2578337490558624,-3.098863124847412,146.28170776367188,0.7175757884979248,0.8550429344177246,-52.19854736328125,0.4126206239025724,-0.3093640673370088,0.4146968126296997,-0.22749671339988708,0.002076178789138794,0.08186736702919006,0.08189368902825532
1690,8450,8464,0.5613715052604675,-3.258857488632202,175.0076446533203,0.13532060384750366,-2.9478044509887695,130.85682678222656,0.7123016119003296,0.810433566570282,-44.15081787109375,0.45150331390571735,-0.27279684813824556,0.38187679648399353,-0.24538785219192505,-0.06962651014328003,0.027408987283706665,0.07482715749412555
1691,8455,8469,0.38309675455093384,-3.195117235183716,161.02191162109375,0.05818561092019081,-2.7532691955566406,109.02113342285156,0.7861501574516296,0.8251771926879883,-52.00077819824219,0.4509418269219948,-0.3121672829281716,0.3646223545074463,-0.26862597465515137,-0.08631947636604309,0.0435413122177124,0.09667935596469487
1692,8460,8474,0.23445871472358704,-3.074735641479492,146.28170776367188,0.022686289623379707,-2.5429720878601074,98.90119171142578,0.8550429344177246,0.9993795156478882,-47.380516052246094,0.47133469216679147,-0.3247516678012429,0.4472510516643524,-0.2620437741279602,-0.024083644151687622,0.06270790100097656,0.06717367612073494
1693,8465,8479,0.10708364099264145,-2.8951094150543213,127.38368225097656,0.008954619988799095,-2.3283517360687256,92.92155456542969,0.9013437032699585,1.0117624998092651,-34.462127685546875,0.5099175972829882,-0.2661345807442115,0.48366865515708923,-0.24664345383644104,-0.026248961687088013,0.019491136074066162,0.0326942254092061
1694,8470,8484,0.05080173909664154,-2.72248911857605,107.06783294677734,-0.043460190296173096,-2.1552083492279053,109.20589447021484,0.8318905234336853,0.8285173773765564,2.1380615234375,0.5699627811061112,-0.07638855122900275,0.4911159574985504,-0.09477130323648453,-0.07884684205055237,-0.01838275045156479,0.08096141065661627
1695,8475,8489,0.018330639228224754,-2.5120694637298584,98.37866973876953,-0.1723231077194214,-2.0163512229919434,135.80865478515625,0.8317299485206604,0.7366548180580139,37.42998504638672,0.5182083240319224,0.1163853779423132,0.4528779685497284,0.14764440059661865,-0.06533035635948181,0.031259022653102875,0.07242362845980643
1696,8480,8494,0.006094770040363073,-2.2974636554718018,93.37805938720703,-0.2824844419956207,-1.875353455543518,125.10079193115234,0.8459249138832092,0.6979638338088989,31.722732543945312,0.4383810420585732,0.2632053423859293,0.435973197221756,0.24177280068397522,-0.002407848834991455,-0.021432548761367798,0.02156738005462365
1697,8485,8499,-0.07628796249628067,-2.109713077545166,115.8309097290039,-0.3505561053752899,-1.694347620010376,109.76300048828125,0.9705120921134949,0.90793776512146,-6.067909240722656,0.4933669609369029,0.06588264911328667,0.4746439754962921,0.14347682893276215,-0.018722981214523315,0.07759418338537216,0.07982109571286376
1698,8490,8504,-0.20951339602470398,-1.979177713394165,135.50955200195312,-0.36606892943382263,-1.5013014078140259,93.8503646850586,0.886087954044342,0.919765293598175,-41.65918731689453,0.4465726981288989,-0.2311887189328483,0.4541304409503937,-0.1262628734111786,0.0075577497482299805,0.10492584109306335,0.10519767920607209
1699,8495,8509,-0.29473769664764404,-1.8497039079666138,121.9691390991211,-0.33104750514030457,-1.3220939636230469,77.7239990234375,0.7396509051322937,0.8511848449707031,-44.245140075683594,0.46681381688150975,-0.2485468083309695,0.4221244156360626,-0.233079195022583,-0.04468938708305359,0.015467613935470581,0.0472904683706533
1700,8500,8514,-0.3548392653465271,-1.668154001235962,106.14600372314453,-0.280914306640625,-1.1743086576461792,70.99652862548828,0.7568917870521545,0.7105221152305603,-35.14947509765625,0.4538087034526335,-0.20834054712326056,0.44875892996788025,-0.2191065549850464,-0.005049765110015869,-0.010766014456748962,0.011891475726303327
1701,8505,8519,-0.3639529347419739,-1.4733161926269531,90.27696228027344,-0.25680628418922424,-1.004657506942749,85.42230987548828,0.7703105211257935,0.6701504588127136,-4.854652404785156,0.46813527563610013,-0.10941084085697902,0.41662102937698364,-0.05136161297559738,-0.051514238119125366,0.05804922431707382,0.07761075423424195
1702,8510,8524,-0.32298049330711365,-1.2964537143707275,76.25971984863281,-0.3035261034965515,-0.8427805304527283,106.64474487304688,0.8751757740974426,0.6623580455780029,30.385025024414062,0.4453109642864489,0.08885930550859104,0.4160025119781494,0.09348732233047485,-0.029308438301086426,0.004628017544746399,0.0296715874540455
1703,8515,8529,-0.2665308713912964,-1.1261143684387207,71.5145492553711,-0.38703450560569763,-0.7087850570678711,122.50347137451172,0.8400087952613831,0.7378179430961609,50.988922119140625,0.35758952656509874,0.24660618499764828,0.3973006010055542,0.153415247797966,0.03971108794212341,-0.09319093823432922,0.1012991681828712
1704,8520,8534,-0.269030898809433,-0.9581632018089294,93.61289978027344,-0.4153280556201935,-0.5646307468414307,99.85010528564453,0.7902463674545288,0.6967315673828125,6.237205505371094,0.40196928241134394,0.1212078677370735,0.3849276900291443,0.09046557545661926,-0.01704159379005432,-0.03074229508638382,0.03514974574706788
1705,8525,8539,-0.3149496018886566,-0.8219205737113953,109.55855560302734,-0.4027717411518097,-0.4343525171279907,83.08545684814453,0.6639096140861511,0.6029924750328064,-26.473098754882812,0.3946055446792969,-0.04699139002997382,0.369728147983551,-0.036676906049251556,-0.0248773992061615,0.01031448319554329,0.026930903342700364
1706,8530,8544,-0.39365702867507935,-0.6894418001174927,119.44066619873047,-0.349605917930603,-0.29660481214523315,66.08714294433594,0.6745597720146179,0.5815874934196472,-53.35352325439453,0.3204559603991188,-0.23145059283056002,0.3896258771419525,-0.1441030502319336,0.06916990876197815,0.08734753727912903,0.11141843898955513
1707,8535,8549,-0.4159705638885498,-0.5431901216506958,97.66067504882812,-0.26177430152893066,-0.17927688360214233,50.50553512573242,0.6977932453155518,0.5725357532501221,-47.1551399230957,0.34011000025924687,-0.20133186502964384,0.3839446008205414,-0.17217007279396057,0.04383459687232971,0.02916179597377777,0.05264866785946155
1708,8540,8554,-0.39246857166290283,-0.3932713270187378,80.30168151855469,-0.14648793637752533,-0.08163691312074661,39.94477844238281,0.7105249762535095,0.7095080018043518,-40.356903076171875,0.3486186798238246,-0.18996710658045704,0.3325541913509369,-0.12531760334968567,-0.016064494848251343,0.06464950740337372,0.06661551472613844
1709,8545,8559,-0.327980637550354,-0.2596074044704437,62.907711029052734,-0.02418181300163269,0.001762986066751182,34.07151794433594,0.7028886079788208,0.6968551278114319,-28.836193084716797,0.37104889938779506,-0.15142959146319962,0.32588818669319153,-0.14059963822364807,-0.04516071081161499,0.010829955339431763,0.04644112114995078
1710,8550,8564,-0.24538865685462952,-0.1644621640443802,48.182926177978516,0.09395846724510193,0.04976138845086098,21.14680290222168,0.5831527709960938,0.5950466990470886,-27.036123275756836,0.3859172094025748,-0.11007318914830841,0.3294995129108429,-0.21671953797340393,-0.05641770362854004,-0.1066463515162468,0.12064991327988867
1711,8555,8569,-0.12913313508033752,-0.06921833753585815,38.64064407348633,0.24396467208862305,0.0703609436750412,5.598836421966553,0.5885048508644104,0.601185142993927,-33.04180908203125,0.378576406812303,-0.12395262668747248,0.32752835750579834,-0.1994989812374115,-0.05104804039001465,-0.07554635405540466,0.09117649937744443
1712,8560,8574,-0.006946220062673092,0.010730789974331856,32.73536682128906,0.3967415690422058,0.04791245982050896,-11.027544021606445,0.5723585486412048,0.6055010557174683,-43.762908935546875,0.35967927766431096,-0.187021692448753,0.32914769649505615,-0.16099897027015686,-0.030531585216522217,0.026022717356681824,0.0401168233346
1713,8565,8579,0.13517974317073822,0.05969671905040741,17.42381477355957,0.5380970239639282,-0.015583259984850883,-25.124011993408203,0.693485677242279,0.732598602771759,-42.547828674316406,0.36188814907943345,-0.19247432616782512,0.3547951281070709,-0.17047378420829773,-0.00709301233291626,0.02200053632259369,0.023115674821139583
1714,8570,8584,0.2886832654476166,0.06897077709436417,2.141083002090454,0.6616061925888062,-0.12316013872623444,-42.08838653564453,0.7188234925270081,0.7596399188041687,-44.229469299316406,0.3654845159380728,-0.2059292836730642,0.34507042169570923,-0.20043551921844482,-0.020414084196090698,0.005493760108947754,0.02114039341402486
1715,8575,8589,0.4174991846084595,0.040970541536808014,-13.879220962524414,0.736259400844574,-0.23729437589645386,-58.238277435302734,0.5867343544960022,0.6181291937828064,-44.35905456542969,0.3762026152886316,-0.193677638958549,0.35074031352996826,-0.19742628931999207,-0.025462299585342407,-0.003748655319213867,0.02573676585890307
1716,8580,8594,0.5591084361076355,-0.03058403916656971,-28.97845458984375,0.8001424074172974,-0.39140501618385315,-67.73471069335938,0.6287341117858887,0.6584827899932861,-38.756256103515625,0.38566778744661495,-0.1988705907146891,0.3828100562095642,-0.14854109287261963,-0.0028577446937561035,0.05032949149608612,0.0504105586062017
1717,8585,8599,0.6771001815795898,-0.14173783361911774,-46.0272102355957,0.8776043653488159,-0.5447778701782227,-62.96662902832031,0.637588620185852,0.6752381920814514,-16.93941879272461,0.4292690774890149,-0.13554065774441135,0.4807094633579254,0.04374762624502182,0.05144038796424866,0.17928829789161682,0.1865218680873252
1718,8590,8604,0.7547794580459595,-0.28060758113861084,-61.8084831237793,0.9928026795387268,-0.6830757856369019,-49.36604309082031,0.7650434970855713,0.8523259162902832,12.442440032958984,0.4671717686424347,0.01965319784087527,0.4203506410121918,0.18362301588058472,-0.04682111740112305,0.16396981477737427,0.17052365581589016
1719,8595,8609,0.8218039870262146,-0.435420960187912,-65.82362365722656,1.1015429496765137,-0.8301601409912109,-54.882328033447266,0.798975944519043,0.8618817329406738,10.941295623779297,0.47468246510762424,0.09353857709669347,0.4841262400150299,0.1927696168422699,0.009443789720535278,0.0992310419678688,0.09967941038306069
1720,8600,8614,0.8918835520744324,-0.5654725432395935,-60.6432991027832,1.161328673362732,-1.0003670454025269,-72.05029296875,0.6700478196144104,0.8581039309501648,-11.406993865966797,0.5111415110180568,0.02163924933517325,0.416788250207901,0.006134778261184692,-0.09435328841209412,-0.015504471957683563,0.09561867853543266
1721,8605,8619,1.0113967657089233,-0.7019791603088379,-47.025428771972656,1.1714009046554565,-1.1602283716201782,-87.65985107421875,0.7222275137901306,0.7365636229515076,-40.634422302246094,0.44435154203411564,-0.19530840032981284,0.36914339661598206,-0.12167192250490189,-0.0752081573009491,0.0736364796757698,0.1052549194272855
1722,8610,8624,1.1132464408874512,-0.8519420027732849,-58.632816314697266,1.170883297920227,-1.3488729000091553,-89.24579620361328,0.7053706645965576,0.7603012323379517,-30.612979888916016,0.45430515854790043,-0.20944962839076803,0.3446873128414154,-0.11334262043237686,-0.10961785912513733,0.09610701352357864,0.1457828285073375
1723,8615,8629,1.1659326553344727,-1.0264194011688232,-74.45038604736328,1.1589490175247192,-1.5439629554748535,-94.37089538574219,0.8642512559890747,0.7645162343978882,-19.920509338378906,0.4967286559463956,-0.1454673302238825,0.38331204652786255,-0.14237520098686218,-0.11341661214828491,0.0030921250581741333,0.11345875527507729
1724,8620,8634,1.169063687324524,-1.2106482982635498,-90.07559204101562,1.1264631748199463,-1.7427761554718018,-99.52091979980469,0.8696537017822266,0.9506025314331055,-9.445327758789062,0.5321835982070505,-0.041898423384359174,0.39394450187683105,-0.17338737845420837,-0.1382390856742859,-0.13148894906044006,0.19078623779791234
1725,8625,8639,1.1695427894592285,-1.4053642749786377,-89.72726440429688,1.0699312686920166,-1.9347150325775146,-106.72140502929688,0.9236785769462585,0.9508201479911804,-16.994140625,0.5288705979540433,-0.10213016332011972,0.4527638256549835,-0.16978010535240173,-0.07610675692558289,-0.0676499456167221,0.10182707690823309
1726,8630,8644,1.1550517082214355,-1.5723201036453247,-95.5037841796875,1.0065739154815674,-2.0945425033569336,-111.52689361572266,0.7614555358886719,0.8020345568656921,-16.023109436035156,0.5340556114572151,-0.0977061593171829,0.4524116814136505,-0.17577582597732544,-0.08164390921592712,-0.07806966453790665,0.1129628276607833
1727,8635,8649,1.1196709871292114,-1.7691487073898315,-101.042724609375,1.0113179683685303,-2.296063184738159,-83.36170196533203,0.7904570698738098,0.8146412372589111,17.68102264404297,0.5379124969841607,-0.005421134759367591,0.4785020053386688,-0.06436208635568619,-0.05941048264503479,-0.05894095078110695,0.08368775972086272
1728,8640,8654,1.0600824356079102,-1.9588899612426758,-108.6137466430664,1.0957679748535156,-2.4717719554901123,-63.74005126953125,0.775169312953949,0.792151153087616,44.873695373535156,0.47466374013803964,0.19752400242159118,0.5003513693809509,0.06794755905866623,0.02568763494491577,-0.1295764446258545,0.13209810593244853
1729,8645,8659,0.9941955208778381,-2.148939609527588,-108.67496490478516,1.1754295825958252,-2.652163505554199,-67.74905395507812,0.9443913102149963,0.9236836433410645,40.92591094970703,0.41869831748030345,0.33282396788417123,0.44585803151130676,0.15934959053993225,0.02715972065925598,-0.17347437143325806,0.17558760767905232
1730,8650,8664,1.0320438146591187,-2.342608690261841,-76.72633361816406,1.1992108821868896,-2.854706048965454,-84.3747329711914,0.9366845488548279,0.9700337648391724,-7.648399353027344,0.5367983883504974,0.045122317331449405,0.42920127511024475,0.0972021147608757,-0.10759714245796204,0.05207979679107666,0.11953848877628835
1731,8655,8669,1.1118358373641968,-2.4967269897460938,-61.76921081542969,1.1748874187469482,-3.0253708362579346,-98.71382141113281,0.7929838299751282,0.7969771027565002,-36.944610595703125,0.495586267155975,-0.19450982025622016,0.5091190934181213,0.0013637766242027283,0.013532817363739014,0.19587358832359314,0.19634051988461465
1732,8660,8674,1.1819227933883667,-2.679185628890991,-72.52950286865234,1.099276065826416,-3.2134759426116943,-114.52751159667969,0.7743030190467834,0.7960994243621826,-41.998008728027344,0.48483263080796746,-0.23923616159830813,0.49198856949806213,-0.051225148141384125,0.007155925035476685,0.1880110204219818,0.1881471526843503
1733,8665,8679,1.1968404054641724,-2.88213849067688,-88.31049346923828,0.9758769273757935,-3.3615610599517822,-132.77369689941406,0.7965938448905945,0.7582467794418335,-44.46320343017578,0.4726994473734671,-0.23500232133296234,0.39391154050827026,-0.23302948474884033,-0.0787878930568695,0.0019728392362594604,0.07881258901338561
1734,8670,8684,1.1593642234802246,-3.081792116165161,-101.54071044921875,0.8043777346611023,-3.46134877204895,-151.9054718017578,0.9655759930610657,0.9282745718955994,-50.36476135253906,0.44290315370120154,-0.27187397578904793,0.4141165018081665,-0.20037716627120972,-0.028786659240722656,0.07149681448936462,0.07707442009102697
1735,8675,8689,1.0695003271102905,-3.260363817214966,-117.52520751953125,0.6267481446266174,-3.48602294921875,-172.09176635742188,0.9455933570861816,0.7890745401382446,-54.566558837890625,0.4047292009930644,-0.2883501566052509,0.36576539278030396,-0.2708345949649811,-0.03896379470825195,0.017515569925308228,0.04271969672030883
1736,8680,8694,0.9532682299613953,-3.381866931915283,-134.8804473876953,0.44115909934043884,-3.4414775371551514,165.9057159423828,0.7700234651565552,0.9105677604675293,-59.213836669921875,0.4035984093719205,-0.3208076376879992,0.4351542294025421,-0.30179521441459656,0.03155583143234253,0.019012421369552612,0.03684077447231311
1737,8685,8699,0.7815131545066833,-3.4661850929260254,-155.9618377685547,0.2990472912788391,-3.3528971672058105,146.64157104492188,0.744114875793457,0.7814874053001404,-57.3966064453125,0.3944764223954732,-0.299993025699342,0.3897212743759155,-0.2032316029071808,-0.004755139350891113,0.09676143527030945,0.09687820552537438
1738,8690,8704,0.6017329692840576,-3.4817938804626465,-175.03793334960938,0.17183184623718262,-3.2010576725006104,128.20928955078125,0.7940086126327515,0.7701964378356934,-56.752777099609375,0.40400732207618106,-0.31686886525296365,0.4928453266620636,-0.397019624710083,0.08883801102638245,-0.08015075325965881,0.1196508898889363
1739,8695,8709,0.41772639751434326,-3.431028127670288,163.6573028564453,0.09050724655389786,-3.017592430114746,111.40193176269531,0.9116185903549194,0.7622929215431213,-52.25537109375,0.4303314685539989,-0.30465764526204875,0.40262508392333984,-0.3126821219921112,-0.027706384658813477,-0.008024483919143677,0.028845035847277607
1740,8700,8714,0.2584489583969116,-3.311091661453247,141.3969268798828,0.05884094908833504,-2.80582857131958,97.84014892578125,0.9450445771217346,1.0263949632644653,-43.55677795410156,0.4712355809570419,-0.27031680739241815,0.40439659357070923,-0.3056410551071167,-0.06683897972106934,-0.03532424569129944,0.07559928269377167
1741,8705,8719,0.14108304679393768,-3.1466338634490967,123.66763305664062,0.05898125097155571,-2.5906596183776855,89.81566619873047,0.9653282165527344,0.9902612566947937,-33.851966857910156,0.5082343825257911,-0.2398872190570131,0.44202831387519836,-0.24520763754844666,-0.06620606780052185,-0.005320414900779724,0.06641950186747665
1742,8710,8724,0.08429736644029617,-2.99070143699646,109.73487854003906,0.03119022026658058,-2.4172396659851074,100.9190673828125,0.7480438947677612,0.7959915399551392,-8.815811157226562,0.5577121890226172,-0.1436519613572817,0.4707668721675873,-0.12710413336753845,-0.08694532513618469,0.016547828912734985,0.08850604614805713
1743,8715,8729,0.05840199068188667,-2.7707061767578125,94.43292999267578,-0.08612622320652008,-2.255800485610962,129.0862579345703,0.8530743718147278,0.7843897938728333,34.65332794189453,0.5245362306901006,0.10429773248633667,0.5019239783287048,0.11173795163631439,-0.022612273693084717,0.007440216839313507,0.02380486816151216
1744,8720,8734,0.05860450118780136,-2.559345245361328,89.1165771484375,-0.21335537731647491,-2.1235928535461426,133.28118896484375,0.8341503143310547,0.7233311533927917,44.16461181640625,0.43150751167154544,0.278645986526325,0.4908893406391144,0.24298813939094543,0.059381842613220215,-0.0356578528881073,0.06926532830161969
1745,8725,8739,0.003791909897699952,-2.3664989471435547,107.97802734375,-0.2935144007205963,-1.9530905485153198,113.86170196533203,0.9460746049880981,0.8807476758956909,5.883674621582031,0.4849879711067813,0.15519087437022352,0.4666108787059784,0.15198677778244019,-0.018377095460891724,-0.0032040923833847046,0.01865432511724804
1746,8730,8744,-0.12319157272577286,-2.2193353176116943,131.2955322265625,-0.3281702697277069,-1.7572578191757202,98.8907699584961,0.9002470374107361,0.9353418350219727,-32.404762268066406,0.48244030976787194,-0.15094115194657423,0.4015063941478729,-0.14033642411231995,-0.08093392848968506,0.010604724287986755,0.08162573710538651
1747,8735,8749,-0.22873455286026,-2.099538803100586,129.646484375,-0.31721267104148865,-1.5921295881271362,85.84187316894531,0.7505559325218201,0.7795137166976929,-43.80461120605469,0.4471563527070788,-0.25562410893843024,0.4145386219024658,-0.21496567130088806,-0.0326177179813385,0.04065844416618347,0.05212508617090999
1748,8740,8754,-0.3018869459629059,-1.9252766370773315,110.98240661621094,-0.27514785528182983,-1.406649112701416,75.98589324951172,0.7544249892234802,0.7522643804550171,-34.99651336669922,0.4746627856257883,-0.21067683297578926,0.3921892046928406,-0.20259788632392883,-0.08247357606887817,0.00807894766330719,0.08286833016862045
1749,8745,8759,-0.3274894058704376,-1.733486294746399,94.90548706054688,-0.2394227385520935,-1.2249581813812256,80.80339050292969,0.7460120916366577,0.7228253483772278,-14.102096557617188,0.49913464477478764,-0.13122951787173898,0.4396175444126129,-0.053643666207790375,-0.059517085552215576,0.0775858536362648,0.09778470308334353
1750,8750,8764,-0.3082694709300995,-1.5393534898757935,82.65702819824219,-0.28555041551589966,-1.056957483291626,107.76830291748047,0.8969407081604004,0.8186296224594116,25.11127471923828,0.48134350016534244,0.0391215732792361,0.4192981421947479,0.12707768380641937,-0.06204536557197571,0.08795611560344696,0.10763784492922103
1751,8755,8769,-0.2604270875453949,-1.3546916246414185,74.93122100830078,-0.35631468892097473,-0.9038336277008057,114.22747039794922,0.8907962441444397,0.7935611605644226,39.29624938964844,0.4104262889562999,0.2098037817495756,0.35720163583755493,0.15104053914546967,-0.053224653005599976,-0.05876323580741882,0.07928418234506068
1752,8760,8774,-0.24012860655784607,-1.1986992359161377,84.03556060791016,-0.3688064515590668,-0.7390592694282532,93.37055969238281,0.7203043699264526,0.7778757810592651,9.334999084472656,0.44378067356630174,0.1757429951838233,0.4149218499660492,-0.023197457194328308,-0.028858810663223267,-0.1989404559135437,0.2010227249640806
1753,8765,8779,-0.2971063256263733,-1.0354094505310059,112.44905853271484,-0.34191563725471497,-0.601624071598053,77.95431518554688,0.6775176525115967,0.6294711232185364,-34.49474334716797,0.4180238341044549,-0.12423245753514855,0.3935714066028595,-0.1894707977771759,-0.024452418088912964,-0.0652383416891098,0.06967038091427404
1754,8770,8784,-0.36049118638038635,-0.8802465796470642,109.76023864746094,-0.2966242730617523,-0.4500974714756012,74.01810455322266,0.6562689542770386,0.6283146739006042,-35.74213409423828,0.38322760360579,-0.20553306719873182,0.313615083694458,-0.09825364500284195,-0.0696125328540802,0.10727942734956741,0.12788580946614644
1755,8775,8789,-0.36580023169517517,-0.7135533690452576,90.43824768066406,-0.2846318185329437,-0.3017939329147339,87.11775207519531,0.7943609356880188,0.590752124786377,-3.32049560546875,0.41112655099040696,-0.0843155004049303,0.34900036454200745,-0.09102066606283188,-0.06212618947029114,-0.006705164909362793,0.062486979880293975
1756,8780,8794,-0.32807812094688416,-0.5599210262298584,75.33641815185547,-0.24418263137340546,-0.16101659834384918,72.01028442382812,0.728908896446228,0.6932653784751892,-3.3261337280273438,0.40714922919069124,0.019816983008080782,0.3414711654186249,-0.12796369194984436,-0.06567806005477905,-0.1477806717157364,0.16171807105365008
1757,8785,8799,-0.2900327444076538,-0.4090675413608551,76.6136245727539,-0.16310393810272217,-0.03781392052769661,55.10283660888672,0.7253928780555725,0.6878108382225037,-21.510787963867188,0.39055312783309837,-0.03752890743605615,0.3722897469997406,-0.1441667079925537,-0.01826336979866028,-0.10663780570030212,0.10819044449940117
1758,8790,8804,-0.28311216831207275,-0.28090259432792664,87.72250366210938,-0.06590214371681213,0.04691474139690399,39.99140167236328,0.5767481327056885,0.5893237590789795,-47.731101989746094,0.3361901551134401,-0.2040112012157261,0.3263372778892517,-0.11039774864912033,-0.009852886199951172,0.09361345320940018,0.09413053695936162
1759,8795,8809,-0.2346494346857071,-0.1403827965259552,67.56825256347656,0.06957481801509857,0.11293663829565048,24.123701095581055,0.5882444381713867,0.6015112996101379,-43.444549560546875,0.3502386444622936,-0.184542753013144,0.32592320442199707,-0.1118677631020546,-0.024315446615219116,0.07267499715089798,0.07663482338324139
1760,8800,8814,-0.14799396693706512,-0.02194749005138874,52.37682342529297,0.22296184301376343,0.13919299840927124,7.378758430480957,0.69527268409729,0.603032648563385,-44.99806594848633,0.3540859280029963,-0.1954421551327196,0.3371187448501587,-0.2057897448539734,-0.016967177391052246,-0.01034758985042572,0.019873543326041986
1761,8805,8819,-0.03023942932486534,0.06823801249265671,36.01057815551758,0.3847618103027344,0.12364642322063446,-6.333237648010254,0.7058896422386169,0.7686452865600586,-42.343814849853516,0.3682745394219821,-0.1991732601966737,0.3801811635494232,-0.18711620569229126,0.011906623840332031,0.012057051062583923,0.016945210875079695
1762,8810,8824,0.11422750353813171,0.12511186301708221,20.534440994262695,0.5280541777610779,0.06263983249664307,-23.41608238220215,0.7337955832481384,0.7485542297363281,-43.950523376464844,0.36561941448722285,-0.20366078327894024,0.39295411109924316,-0.14285078644752502,0.02733469009399414,0.06080999970436096,0.06667114328237578
1763,8815,8829,0.2458610236644745,0.1390627771615982,5.380223274230957,0.6367705464363098,-0.021450839936733246,-39.219783782958984,0.6260618567466736,0.6314057111740112,-44.600006103515625,0.3741368215715768,-0.19645995169543512,0.3247363865375519,-0.20140188932418823,-0.0494004487991333,-0.0049419403076171875,0.04964702524381337
1764,8820,8834,0.40316224098205566,0.11672701686620712,-11.008803367614746,0.7319895625114441,-0.14889632165431976,-58.25536346435547,0.6372610330581665,0.6000367999076843,-47.246559143066406,0.3734995762498584,-0.19794248642992812,0.35164976119995117,-0.22421801090240479,-0.02184981107711792,-0.026275530457496643,0.034173348459414665
1765,8825,8839,0.5478311777114868,0.05113749951124191,-26.649076461791992,0.7888460159301758,-0.300794392824173,-71.7785873413086,0.6205838918685913,0.6367935538291931,-45.12950897216797,0.3732621118244595,-0.2064451748162341,0.36399561166763306,-0.19127225875854492,-0.009266495704650879,0.015172913670539856,0.01777878656989752
1766,8830,8844,0.6745895743370056,-0.056119561195373535,-41.14578628540039,0.8493657112121582,-0.46193671226501465,-69.13414001464844,0.781133770942688,0.816940426826477,-27.988353729248047,0.3986314854016298,-0.19059694900436425,0.3980136811733246,-0.11203765124082565,-0.0006178021430969238,0.07855930179357529,0.07856173100041812
1767,8835,8849,0.7526425719261169,-0.19081953167915344,-59.94977569580078,0.9223892688751221,-0.6192184686660767,-64.56744384765625,0.7529757618904114,0.8339442610740662,-4.617668151855469,0.4558186343866383,-0.06759410390354584,0.4614465534687042,0.04198690876364708,0.005627930164337158,0.10958100855350494,0.1097254347612165
1768,8840,8854,0.7964604496955872,-0.32314345240592957,-72.05223846435547,1.028682827949524,-0.7678301930427551,-53.437294006347656,0.6503706574440002,0.8576747179031372,18.614944458007812,0.49460660236398185,0.08389183010326914,0.41964200139045715,0.18845415115356445,-0.07496461272239685,0.10456231981515884,0.12865835334616443
1769,8845,8859,0.8572736382484436,-0.48228612542152405,-69.37408447265625,1.1161619424819946,-0.8974713087081909,-56.49912643432617,0.6715720891952515,0.72086501121521,12.874958038330078,0.47976922596846405,0.09603843138727158,0.4931127727031708,0.16873875260353088,0.01334354281425476,0.07270032167434692,0.07391472726317379
1770,8850,8864,0.9357885122299194,-0.6425776481628418,-63.57747268676758,1.1750177145004272,-1.074971079826355,-74.33906555175781,0.7108986377716064,0.7323734760284424,-10.761592864990234,0.49367822179276744,0.021828978268894822,0.408876895904541,-0.019088007509708405,-0.0848013162612915,-0.040916986763477325,0.09415658790254754
1771,8855,8869,1.0438199043273926,-0.788178026676178,-52.8810920715332,1.1814464330673218,-1.2597448825836182,-89.40656280517578,0.8506987690925598,0.8709913492202759,-36.52547073364258,0.45907389533949483,-0.17483569321295211,0.3533342778682709,-0.12239552289247513,-0.10573962330818176,0.05244017392396927,0.11802897855413441
1772,8860,8874,1.139072299003601,-0.9467556476593018,-60.70631790161133,1.1656287908554077,-1.4483017921447754,-94.95425415039062,0.8705864548683167,0.899657130241394,-34.2479362487793,0.45040377104716905,-0.2222391174708179,0.3858080506324768,-0.13708460330963135,-0.06459572911262512,0.08515451848506927,0.10688264703877637
1773,8865,8879,1.1798062324523926,-1.101391315460205,-76.52986907958984,1.1331406831741333,-1.6371828317642212,-100.49893188476562,0.7346275448799133,0.9005245566368103,-23.96906280517578,0.5101824887451951,-0.17018827988600532,0.4062449634075165,-0.16896015405654907,-0.1039375364780426,0.0012281239032745361,0.10394479196884387
1774,8870,8884,1.1797550916671753,-1.2853388786315918,-92.53893280029297,1.0855305194854736,-1.7964454889297485,-107.45230865478516,0.7208006978034973,0.752679169178009,-14.913375854492188,0.5147788655117217,-0.07149095548222335,0.4080476760864258,-0.15343806147575378,-0.10673117637634277,-0.08194710314273834,0.13456177660897833
1775,8875,8889,1.1629754304885864,-1.4761922359466553,-94.72661590576172,1.036453127861023,-1.9836066961288452,-102.02366638183594,0.7468560338020325,0.7545525431632996,-7.297050476074219,0.5161144772793449,-0.08428032870624355,0.4609827697277069,-0.1859111189842224,-0.0551317036151886,-0.1016307920217514,0.11562146267229752
1776,8880,8894,1.1265736818313599,-1.6658943891525269,-101.33349609375,1.0760983228683472,-2.167876720428467,-73.01901245117188,0.9073148369789124,0.7398902773857117,28.314483642578125,0.502113031443302,0.04915817765631778,0.47900405526161194,0.060115594416856766,-0.023108989000320435,0.010957416146993637,0.02557518995501945
1777,8885,8899,1.0650322437286377,-1.8494250774383545,-109.35462188720703,1.166348934173584,-2.3509795665740967,-62.374515533447266,0.9101216793060303,0.9451925754547119,46.980106353759766,0.439631584866497,0.2618129999115866,0.5088132619857788,0.18067239224910736,0.06918168067932129,-0.08114062249660492,0.10662975926425101
1778,8890,8904,1.0368095636367798,-2.0392162799835205,-97.25553131103516,1.2033189535140991,-2.548433542251587,-80.24097442626953,0.9196367263793945,0.942161500453949,17.014556884765625,0.48411057889853704,0.22948756939674375,0.4387032687664032,0.08959413319826126,-0.04540732502937317,-0.13989344239234924,0.14707821181502267
1779,8895,8909,1.0866622924804688,-2.1987180709838867,-72.17326354980469,1.189751148223877,-2.716057538986206,-95.79535675048828,0.8079208135604858,0.7748222947120667,-23.622093200683594,0.5240598399526025,-0.0602388701774913,0.5102147459983826,-0.09921837598085403,-0.013845086097717285,-0.03897950425744057,0.0413653014156676
1780,8900,8914,1.174282431602478,-2.379610300064087,-64.31212615966797,1.1308040618896484,-2.9099366664886475,-109.60072326660156,0.7817927598953247,0.7601767778396606,-45.288597106933594,0.45906706731977326,-0.2690610548934675,0.4346260130405426,-0.18505451083183289,-0.024441063404083252,0.08400654792785645,0.08748980326345271
1781,8905,8919,1.2039762735366821,-2.5759007930755615,-83.17481231689453,1.020581603050232,-3.0732951164245605,-126.66375732421875,0.797972559928894,0.76852947473526,-43.48894500732422,0.4720747599710685,-0.24120559500330893,0.40498465299606323,-0.23287969827651978,-0.06709009408950806,0.008325889706611633,0.0676047421735022
1782,8910,8924,1.1771697998046875,-2.7797317504882812,-98.06002044677734,0.8693491816520691,-3.1894352436065674,-143.94068908691406,0.970109224319458,0.8903930187225342,-45.88066864013672,0.44881598014668106,-0.24733520007908216,0.37134167551994324,-0.2325066328048706,-0.07747429609298706,0.01482856273651123,0.07888062390685358
1783,8915,8929,1.1040184497833252,-2.9612081050872803,-113.07093811035156,0.6893202066421509,-3.2390525341033936,-166.26675415039062,0.9275760650634766,0.8966060876846313,-53.19581604003906,0.41813054949974443,-0.27265179840725123,0.4231621325016022,-0.23120445013046265,0.005031585693359375,0.041447341442108154,0.04175163430583664
1784,8920,8934,1.000222086906433,-3.0941433906555176,-128.7252655029297,0.5269423723220825,-3.2249186038970947,177.0027618408203,0.7775624394416809,0.7064620852470398,-54.27197265625,0.3981024001386469,-0.2874201169703906,0.39271870255470276,-0.2508544921875,-0.005383700132369995,0.0365656316280365,0.03695983825008632
1785,8925,8939,0.8476790189743042,-3.2003514766693115,-147.58970642089844,0.3680957555770874,-3.1598966121673584,155.21287536621094,0.7231998443603516,0.7556949853897095,-57.197418212890625,0.383196431687655,-0.2911995833349423,0.42043885588645935,-0.2454495131969452,0.03724241256713867,0.04575008153915405,0.05899209484888813
1786,8930,8944,0.6638873815536499,-3.241520881652832,-169.64964294433594,0.20964229106903076,-3.033022880554199,137.73739624023438,0.7400408983230591,0.7958269119262695,-52.61297607421875,0.4093932063514128,-0.28671801702162847,0.39442408084869385,-0.22570562362670898,-0.01496914029121399,0.0610123872756958,0.06282186372703004
1787,8935,8949,0.49283650517463684,-3.217500925064087,172.0064697265625,0.09502962231636047,-2.8571293354034424,121.51773071289062,0.7600082755088806,0.9855827689170837,-50.488739013671875,0.44405543758191757,-0.30155060443960335,0.39346709847450256,-0.3060359060764313,-0.05058833956718445,-0.00448530912399292,0.05078679058675133
1788,8940,8954,0.31672734022140503,-3.1303350925445557,152.82237243652344,0.03469080850481987,-2.6504030227661133,105.17292785644531,0.9285412430763245,1.020031213760376,-47.649444580078125,0.47010749962740506,-0.29812470867510665,0.3622875511646271,-0.2447957694530487,-0.10781994462013245,0.05332893133163452,0.12028763600163825
1789,8945,8959,0.18870699405670166,-3.0098907947540283,135.90126037597656,0.004221600014716387,-2.4421610832214355,97.71914672851562,0.8295780420303345,1.0103570222854614,-38.18211364746094,0.5275680374973257,-0.2793274969998835,0.4855979382991791,-0.2797383666038513,-0.04197010397911072,-0.0004108548164367676,0.041972114906179726
1790,8950,8964,0.08323191106319427,-2.8293981552124023,117.81153106689453,-0.0034214500337839127,-2.2651681900024414,92.3835678100586,0.8386437296867371,0.8086650371551514,-25.427963256835938,0.5394835174816476,-0.1866059824149724,0.508825957775116,-0.2496851086616516,-0.030657589435577393,-0.06307913362979889,0.07013461976432503
1791,8955,8969,0.028895869851112366,-2.6241977214813232,102.44175720214844,-0.06438738107681274,-2.077198028564453,112.98504638671875,0.8251404166221619,0.7616294026374817,10.543289184570312,0.55425129245894,-0.02675693858473073,0.4805839955806732,-0.08641821891069412,-0.07366731762886047,-0.05966128036379814,0.09479631881713099
1792,8960,8974,0.002693403512239456,-2.4120709896087646,96.38528442382812,-0.19851946830749512,-1.9429272413253784,136.92454528808594,1.009468674659729,0.7359100580215454,40.53926086425781,0.48861104864924776,0.14778943797869987,0.3915584683418274,0.12780193984508514,-0.09705257415771484,-0.019987493753433228,0.09908936399625477
1793,8965,8979,-0.010312959551811218,-2.204681873321533,94.10006713867188,-0.31682097911834717,-1.8093889951705933,130.6978302001953,0.9885873794555664,0.8473653793334961,36.59776306152344,0.4161961019971485,0.27746066590272284,0.3874090611934662,0.15354996919631958,-0.028787046670913696,-0.12391069531440735,0.12721066963636837
1794,8970,8984,-0.10078327357769012,-2.034308671951294,120.79866027832031,-0.38700810074806213,-1.6414729356765747,111.69841766357422,0.8997063636779785,0.8624600768089294,-9.100242614746094,0.4839884861782352,0.04471824191842885,0.4333168566226959,0.20709159970283508,-0.05067163705825806,0.1623733639717102,0.17009622020977805
1795,8975,8989,-0.216358944773674,-1.9261958599090576,137.6415252685547,-0.4094860851764679,-1.4870282411575317,97.53424835205078,0.7158681154251099,0.7135031819343567,-40.107276916503906,0.43860676721366015,-0.19439751406442463,0.44207045435905457,-0.042489148676395416,0.0034636855125427246,0.15190836787223816,0.15194785074800182
1796,8980,8994,-0.3290317952632904,-1.7871726751327515,125.61612701416016,-0.3947106599807739,-1.3058607578277588,83.13631439208984,0.7162612676620483,0.7111905813217163,-42.47981262207031,0.42952441362769755,-0.22690009499373986,0.4424869120121002,-0.250672310590744,0.012962490320205688,-0.023772209882736206,0.027076634170632937
1797,8985,8999,-0.39247632026672363,-1.6156361103057861,108.34253692626953,-0.33346226811408997,-1.137255072593689,68.18006134033203,0.7296203374862671,0.7202873826026917,-40.1624755859375,0.43550394535727704,-0.2065608606978161,0.37855663895606995,-0.19386395812034607,-0.05694732069969177,0.012696906924247742,0.05834559778009437
1798,8990,9004,-0.41016387939453125,-1.4342414140701294,94.49288940429688,-0.261116623878479,-0.9807249307632446,65.63701629638672,0.8590584993362427,0.8113768100738525,-28.855873107910156,0.4404471832036077,-0.184115626213309,0.45766839385032654,-0.1917949914932251,0.01722121238708496,-0.007679358124732971,0.01885583987227805
1799,8995,9009,-0.3821394145488739,-1.258833885192871,79.69652557373047,-0.2649156451225281,-0.8131278157234192,94.1280746459961,0.8341301083564758,0.7854552865028381,14.431549072265625,0.45948556316577693,-0.0356136170959617,0.43320855498313904,-0.019762389361858368,-0.026277005672454834,0.015851229429244995,0.030687823342961065
1800,9000,9014,-0.3219722509384155,-1.1151111125946045,66.27316284179688,-0.3193884491920471,-0.702530562877655,117.75434112548828,0.7111690640449524,0.5505994558334351,51.481178283691406,0.3787465191351109,0.16364736563489746,0.39541250467300415,0.12497416138648987,0.016665995121002197,-0.03867320716381073,0.04211142773295974
1801,9005,9019,-0.2546353042125702,-0.9555673599243164,68.42488098144531,-0.4051746428012848,-0.5837227702140808,124.52239227294922,0.6836702823638916,0.5759732723236084,56.097511291503906,0.29043532669958827,0.2767269635659029,0.38982152938842773,0.18780666589736938,0.09938621520996094,-0.08892029523849487,0.13335830937388854
1802,9010,9024,-0.2727695405483246,-0.7911222577095032,100.38642883300781,-0.43853136897087097,-0.4542692005634308,102.43973541259766,0.654199481010437,0.5142222046852112,2.0533065795898438,0.3612180159154378,0.1023157409627441,0.4016357660293579,0.10724160075187683,0.040417760610580444,0.004925861954689026,0.04071682071049802
1803,9015,9029,-0.3458254933357239,-0.6700040698051453,121.8790054321289,-0.43653929233551025,-0.31923970580101013,88.07836151123047,0.6660608649253845,0.6326848864555359,-33.80064392089844,0.3457653395754574,-0.1082171997996052,0.36260855197906494,0.0010021328926086426,0.016843199729919434,0.10921933501958847,0.1105104362459178
1804,9020,9034,-0.4183913767337799,-0.5455691814422607,118.64566040039062,-0.39416423439979553,-0.19166049361228943,70.91381072998047,0.6743988990783691,0.6475226283073425,-47.731849670410156,0.29897641112602574,-0.19092254800678954,0.3870178759098053,-0.09674645215272903,0.08804145455360413,0.09417609125375748,0.1289202617269698
1805,9025,9039,-0.44039666652679443,-0.43420863151550293,100.18031311035156,-0.31554725766181946,-0.07483182847499847,54.980560302734375,0.5159416198730469,0.6608883738517761,-45.19975280761719,0.3316521989943432,-0.18640244003097362,0.373989999294281,-0.10647270828485489,0.0423378050327301,0.07992973178625107,0.09045027229595
1806,9030,9044,-0.432661235332489,-0.3029199242591858,84.45014953613281,-0.22908665239810944,0.004425089806318283,42.23225784301758,0.5238369703292847,0.5463730096817017,-42.217891693115234,0.32559235913665624,-0.17289643515689346,0.3344918489456177,-0.1306959092617035,0.008899480104446411,0.042200520634651184,0.04312869912210497
1807,9035,9049,-0.38450247049331665,-0.17323899269104004,67.90072631835938,-0.10100142657756805,0.07257343083620071,25.514551162719727,0.5558009743690491,0.5546369552612305,-42.38617706298828,0.33441004957815407,-0.17019546436645003,0.32161158323287964,-0.1400395631790161,-0.012798458337783813,0.03015589714050293,0.03275940579700097
1808,9040,9054,-0.30264100432395935,-0.06234541907906532,52.354331970214844,0.040944989770650864,0.1040712520480156,10.060365676879883,0.6505212783813477,0.5749874711036682,-42.293968200683594,0.3416234772390961,-0.1704090589313998,0.3139767050743103,-0.19132351875305176,-0.027646780014038086,-0.020914465188980103,0.03466640014892917
1809,9045,9059,-0.19200988113880157,0.02913624979555607,37.97335433959961,0.18817251920700073,0.09819643199443817,-3.1218149662017822,0.6653643846511841,0.6852047443389893,-41.09516906738281,0.3421890098802754,-0.17948436350319338,0.3369159698486328,-0.18153277039527893,-0.005273044109344482,-0.002048403024673462,0.005656938140954339
1810,9050,9064,-0.06199074909090996,0.08580905944108963,22.681034088134766,0.34398820996284485,0.08133392035961151,-5.700031757354736,0.6648955345153809,0.7350063323974609,-28.381065368652344,0.3728572663379484,-0.16067480178554558,0.3212665617465973,-0.18846461176872253,-0.05159071087837219,-0.02778981626033783,0.05859927761260481
1811,9055,9069,0.0637747123837471,0.10498107969760895,7.854226589202881,0.47563889622688293,0.06152043864130974,-9.029760360717773,0.5965317487716675,0.6113865375518799,-16.883987426757812,0.4020614380588765,-0.09933548921246486,0.34904149174690247,-0.1565813422203064,-0.053019940853118896,-0.057245850563049316,0.07802692826681824
1812,9060,9074,0.21101145446300507,0.09460683912038803,-5.270567417144775,0.6132704019546509,0.0027734243776649237,-25.409252166748047,0.5989576578140259,0.5905494689941406,-20.13868522644043,0.40899392115781863,-0.054494008691118555,0.38750770688056946,-0.15920647978782654,-0.021486222743988037,-0.10471247136592865,0.10689415057600063
1813,9065,9079,0.36585533618927,0.0789669081568718,-4.766019821166992,0.7353702783584595,-0.09438902884721756,-40.37343978881836,0.7221896052360535,0.6094620823860168,-35.607421875,0.3826408716819206,-0.14205469615385885,0.3512071371078491,-0.16423749923706055,-0.03143373131752014,-0.022182807326316833,0.0384728008522715
1814,9070,9084,0.5162843465805054,0.04884497821331024,-13.27821159362793,0.8290584683418274,-0.2273866832256317,-56.36982727050781,0.7196968197822571,0.7634173631668091,-43.09161376953125,0.36785729303024894,-0.19700910069587474,0.3600705862045288,-0.12358447164297104,-0.0077867209911346436,0.07342462986707687,0.07383636837569284
1815,9075,9089,0.6509499549865723,-0.022609159350395203,-28.89165687561035,0.8755450248718262,-0.37818998098373413,-74.04541778564453,0.7216550707817078,0.7552831172943115,-45.15376281738281,0.36844142818817655,-0.2028091948796335,0.36404937505722046,-0.16881322860717773,-0.004392057657241821,0.03399597108364105,0.03427850959981042
1816,9080,9094,0.7521851062774658,-0.11181505024433136,-42.88086700439453,0.8940361142158508,-0.5175505876541138,-83.02599334716797,0.6089589595794678,0.647381067276001,-40.14512634277344,0.38003757869506744,-0.20078467481805629,0.41273289918899536,-0.22509989142417908,0.03269532322883606,-0.02431522309780121,0.04074572658983899
1817,9085,9099,0.837797999382019,-0.2461555153131485,-59.82243347167969,0.9026028513908386,-0.6855196952819824,-87.2573471069336,0.6325563788414001,0.6670718193054199,-27.434913635253906,0.4123941077626046,-0.1648382979174722,0.437101274728775,-0.18761414289474487,0.024707168340682983,-0.022775843739509583,0.03360332164327517
1818,9090,9104,0.8797444105148315,-0.40071579813957214,-77.20426940917969,0.9343794584274292,-0.855390727519989,-77.42105865478516,0.6330550909042358,0.6879152059555054,-0.21678924560546875,0.45548381145925143,-0.047421275457878685,0.46039941906929016,-0.0420105904340744,0.004915595054626465,0.005410686135292053,0.0073101709416202995
1819,9095,9109,0.8967993259429932,-0.5643728375434875,-84.24293518066406,1.02670156955719,-1.0134221315383911,-58.84728240966797,0.7668755650520325,0.8603395223617554,25.395652770996094,0.4598149506935968,0.08420256796540512,0.44983282685279846,0.05495953559875488,-0.009982109069824219,-0.02924302965402603,0.030899794252197098
1820,9100,9114,0.9071399569511414,-0.7333174347877502,-85.77691650390625,1.166621208190918,-1.1348552703857422,-40.10192108154297,0.8056744933128357,0.8760928511619568,45.67499542236328,0.4195558134746192,0.22920748796959195,0.4254116714000702,0.14441028237342834,0.005855858325958252,-0.084797203540802,0.08499915767273167
1821,9105,9119,0.9457794427871704,-0.8795546293258667,-73.92577362060547,1.2696943283081055,-1.2925825119018555,-58.662086486816406,0.6958263516426086,0.8897317051887512,15.263687133789062,0.48656640475582946,0.196890879956974,0.43789300322532654,0.11600960046052933,-0.048673391342163086,-0.0808812752366066,0.09439745604965775
1822,9110,9124,1.0447806119918823,-1.0322489738464355,-55.934654235839844,1.3214597702026367,-1.4458400011062622,-71.91730499267578,0.7235690951347351,0.7567073106765747,-15.982650756835938,0.49759703279499023,-0.0024672599522048144,0.40584906935691833,-0.04746846854686737,-0.09174796938896179,-0.045001208782196045,0.10219001261794945
1823,9115,9129,1.1855605840682983,-1.154412865638733,-40.74459457397461,1.332411289215088,-1.6376384496688843,-88.50054168701172,0.7298752069473267,0.7640793919563293,-47.75594711303711,0.42665366996760157,-0.2702568048478468,0.39852821826934814,-0.19298973679542542,-0.028125464916229248,0.07726708054542542,0.08222678099480303
1824,9120,9134,1.2787554264068604,-1.3150521516799927,-60.64010238647461,1.288841724395752,-1.8234492540359497,-104.44390106201172,0.8741772174835205,0.9063595533370972,-43.80379867553711,0.4480424000577467,-0.24047318944437082,0.44188156723976135,-0.21971476078033447,-0.006160825490951538,0.020758435130119324,0.02165336924779445
1825,9125,9139,1.3287760019302368,-1.4987624883651733,-75.83045196533203,1.2023663520812988,-1.9939275979995728,-117.39806365966797,0.9218195080757141,0.9015095829963684,-41.56761169433594,0.4491559195494488,-0.2437762197341385,0.45167914032936096,-0.25637510418891907,0.0025232136249542236,-0.012598887085914612,0.012849068557711903
1826,9130,9144,1.3299462795257568,-1.663865327835083,-90.89253234863281,1.113669753074646,-2.1631968021392822,-116.5824966430664,0.7497243881225586,0.9127975106239319,-25.689964294433594,0.5026398300708886,-0.2084722004269907,0.45234546065330505,-0.11394406110048294,-0.05029436945915222,0.09452814608812332,0.1070751792067204
1827,9135,9149,1.2777931690216064,-1.848402500152588,-108.9067153930664,1.094955563545227,-2.3435959815979004,-93.75720977783203,0.7580000162124634,0.8165037035942078,15.149505615234375,0.5277210583085221,-0.0125163357257084,0.46832457184791565,-0.0778316929936409,-0.05939647555351257,-0.0653153583407402,0.08828384531361509
1828,9140,9154,1.1879359483718872,-2.014777421951294,-119.33560943603516,1.1185518503189087,-2.5516903400421143,-82.55208587646484,0.7428950667381287,0.8238579630851746,36.78352355957031,0.502054823347582,0.20256008745271958,0.48197034001350403,0.06666705012321472,-0.020084470510482788,-0.13589303195476532,0.13736921812962802
1829,9145,9159,1.1046836376190186,-2.1954598426818848,-113.12910461425781,1.160068392753601,-2.7518324851989746,-72.2697525024414,0.9463921189308167,0.827226459980011,40.859352111816406,0.4898971977718195,0.2694786152147992,0.42972108721733093,0.10369155555963516,-0.06017610430717468,-0.16578707098960876,0.17637039557959136
1830,9150,9164,1.0991350412368774,-2.4031617641448975,-89.17635345458984,1.1371933221817017,-2.9713292121887207,-98.08390045166016,0.9907609820365906,0.9880759716033936,-8.907546997070312,0.5686558250472844,0.029887027368040796,0.48482421040534973,-0.04705866426229477,-0.08383163809776306,-0.07694569230079651,0.11379096233797821
1831,9155,9169,1.1401288509368896,-2.6072559356689453,-76.96705627441406,1.0583606958389282,-3.1584556102752686,-114.24369049072266,0.9829363822937012,0.9612107276916504,-37.276634216308594,0.518561441414917,-0.20396358486731017,0.5240356922149658,-0.13495418429374695,0.005474269390106201,0.06900939345359802,0.06922618009242566
1832,9160,9174,1.1624562740325928,-2.793464183807373,-79.70764923095703,0.952241063117981,-3.290832996368408,-129.9029998779297,0.9010022282600403,0.7767714262008667,-50.195350646972656,0.4518062686121724,-0.2956979307519659,0.42735621333122253,-0.28249189257621765,-0.024450063705444336,0.013206034898757935,0.027788576302997223
1833,9165,9179,1.1301226615905762,-2.99910306930542,-101.2877197265625,0.7874769568443298,-3.398822784423828,-149.08494567871094,0.8261862397193909,0.7745097875595093,-47.79722595214844,0.45905587726101216,-0.25777825972629215,0.45402052998542786,-0.25506791472435,-0.005035340785980225,0.0027103424072265625,0.0057184449630442915
1834,9170,9184,1.0428394079208374,-3.182490110397339,-118.10330963134766,0.6023774743080139,-3.4049620628356934,-160.35098266601562,0.7844089865684509,0.7495803236961365,-42.24767303466797,0.4037276803571407,-0.28373305182358155,0.45098575949668884,-0.28344762325286865,0.047258079051971436,0.000285416841506958,0.04725894093667141
1835,9175,9189,0.9082906246185303,-3.326474189758301,-134.99485778808594,0.42177340388298035,-3.380314350128174,-160.35098266601562,0.9155786633491516,0.7495803236961365,-25.356124877929688,0.38206290844289686,-0.3059831742646188,0.42810365557670593,-0.29186132550239563,0.046040743589401245,0.014121860265731812,0.04815783433284606
1836,9180,9194,0.7407591938972473,-3.410740375518799,-155.3907928466797,0.24324573576450348,-3.304030179977417,166.09683227539062,0.875552773475647,0.8150215148925781,-38.51239013671875,0.4078869321872346,-0.3041956150795478,0.3993699848651886,-0.17085403203964233,-0.008516937494277954,0.13334158062934875,0.1336133052843711
1837,9185,9199,0.5662566423416138,-3.4000325202941895,-160.35098266601562,0.11966665089130402,-3.176795244216919,132.88336181640625,0.7495803236961365,0.8003045916557312,-66.76565551757812,0.3455199420999863,-0.36040738729197613,0.43135973811149597,-0.3012343645095825,0.08583980798721313,0.059173017740249634,0.10425890208404037
1838,9190,9204,0.3856526017189026,-3.375384569168091,-160.35098266601562,0.025137310847640038,-2.9889140129089355,121.92108154296875,0.7495803236961365,0.8953724503517151,-77.72793579101562,0.20956895506662304,-0.4851923566057158,0.3998635411262512,-0.3128454089164734,0.19029457867145538,0.17234694957733154,0.25674013652009686
1839,9195,9209,0.21868732571601868,-3.283416271209717,146.36776733398438,-0.017601000145077705,-2.782919406890869,99.66138458251953,0.8643238544464111,0.8193836212158203,-46.706382751464844,0.47394118248387174,-0.28584792949536214,0.4065971076488495,-0.3109194338321686,-0.067344069480896,-0.02507150173187256,0.07185961239346506
1840,9200,9214,0.10076078772544861,-3.139219045639038,132.88336181640625,-0.018450189381837845,-2.5670969486236572,89.3516616821289,0.8003045916557312,1.0164357423782349,-43.531700134277344,0.5003410910689716,-0.30198301716465925,0.46215811371803284,-0.2995453476905823,-0.038183003664016724,0.002437680959701538,0.038260737803492574
1841,9205,9219,0.0074013699777424335,-2.9297852516174316,117.2394790649414,-0.024561269208788872,-2.352783679962158,92.2839126586914,0.8928250670433044,1.0182640552520752,-24.95556640625,0.5276424331935633,-0.23568174893127103,0.4980872571468353,-0.2683286666870117,-0.029555171728134155,-0.03264692425727844,0.04403782282697427
1842,9210,9224,-0.020541349425911903,-2.751891613006592,97.93597412109375,-0.11220836639404297,-2.1708784103393555,117.2763442993164,0.8200346827507019,0.9867225885391235,19.340370178222656,0.5881049602129135,0.01057070423048223,0.45611444115638733,-0.017290450632572174,-0.13199052214622498,-0.027861155569553375,0.13489900639405747
1843,9215,9229,-0.017183249816298485,-2.5377755165100098,88.65470886230469,-0.20383067429065704,-2.028142213821411,122.25403594970703,0.8404354453086853,0.7692487835884094,33.599327087402344,0.5051107947924528,0.19856095120210407,0.4535001814365387,0.188297837972641,-0.05161061882972717,-0.010263115167617798,0.05262116977919795
1844,9220,9234,-0.02999058924615383,-2.330333948135376,95.5248031616211,-0.29364362359046936,-1.8572980165481567,116.18022918701172,0.7963394522666931,0.740833044052124,20.655426025390625,0.49622212774655705,0.2168859561446638,0.46577009558677673,0.1380605846643448,-0.030452042818069458,-0.07882536947727203,0.08450305192726465
1845,9225,9239,-0.12918919324874878,-2.14642333984375,120.5765380859375,-0.32811132073402405,-1.6659793853759766,97.38131713867188,0.9560781121253967,0.7193436026573181,-23.195220947265625,0.5148278954361157,-0.07313442601620612,0.43903788924217224,-0.15665164589881897,-0.07579001784324646,-0.08351722359657288,0.11277966767977092
1846,9230,9244,-0.2342158555984497,-1.978176474571228,122.84207153320312,-0.3140769898891449,-1.4749983549118042,84.48368835449219,0.9207872152328491,0.9031932353973389,-38.35838317871094,0.4660651723496797,-0.20578939719250172,0.4267498552799225,-0.22593560814857483,-0.03931531310081482,-0.0201462060213089,0.04417650349753955
1847,9235,9249,-0.31130847334861755,-1.7956852912902832,110.55416870117188,-0.26756876707077026,-1.287596583366394,75.7612533569336,0.8726082444190979,0.913178563117981,-34.79291534423828,0.46038742981503533,-0.21934154073805867,0.3951241075992584,-0.20764470100402832,-0.06526333093643188,0.011696845293045044,0.06630323185733601
1848,9240,9254,-0.3298630118370056,-1.638454794883728,96.30935668945312,-0.24373461306095123,-1.1349482536315918,82.79370880126953,0.7626826763153076,0.6981412172317505,-13.515647888183594,0.4909915925868378,-0.1409403922530969,0.4281710088253021,-0.05049449950456619,-0.06282058358192444,0.09044589847326279,0.11012214251552371
1849,9245,9259,-0.3084065914154053,-1.4485284090042114,81.76594543457031,-0.2871984541416168,-0.9683321714401245,109.53406524658203,0.7677353024482727,0.6719262599945068,27.76811981201172,0.478283400180615,0.04778285015566269,0.42150935530662537,0.1410703957080841,-0.05677404999732971,0.09328754246234894,0.10920557829966311
1850,9250,9264,-0.2596575915813446,-1.2608803510665894,74.01226806640625,-0.36615803837776184,-0.8222147822380066,120.0032958984375,0.7736379504203796,0.6426405310630798,45.99102783203125,0.3923647079891957,0.22320341029673754,0.38460230827331543,0.1586267054080963,-0.007762402296066284,-0.06457670032978058,0.06504156451753185
1851,9255,9269,-0.24634933471679688,-1.0834689140319824,87.49705505371094,-0.391821950674057,-0.6640855073928833,98.06782531738281,0.8450966477394104,0.7489891648292542,10.570770263671875,0.4126304093456859,0.16364861454004478,0.37360817193984985,0.08100225776433945,-0.039022237062454224,-0.08264636248350143,0.09139560283248144
1852,9260,9274,-0.3077303469181061,-0.9234010577201843,112.75267791748047,-0.37275776267051697,-0.5088242292404175,82.05088806152344,0.7948167324066162,0.7352208495140076,-30.70178985595703,0.4074652777403056,-0.10037210243785115,0.39105457067489624,-0.10954532772302628,-0.0164107084274292,-0.00917322188615799,0.018800514643561854
1853,9265,9279,-0.3727097511291504,-0.7989175319671631,117.07723999023438,-0.3210151493549347,-0.38430681824684143,66.26461791992188,0.6462914347648621,0.6202933192253113,-50.8126220703125,0.345635834662069,-0.23475571469449727,0.3604852259159088,-0.1866426169872284,0.01484939455986023,0.04811309278011322,0.0503524995969633
1854,9270,9284,-0.3912443518638611,-0.6412162780761719,94.50389099121094,-0.2375192940235138,-0.2523401081562042,57.86254119873047,0.6274858117103577,0.6154468655586243,-36.64134979248047,0.37560378518163606,-0.18378755533732163,0.33232519030570984,-0.1442575752735138,-0.04327860474586487,0.03952997922897339,0.058614476766340455
1855,9275,9289,-0.3664108216762543,-0.48754778504371643,78.34256744384766,-0.18145734071731567,-0.12143974751234055,67.90782928466797,0.6138714551925659,0.5584094524383545,-10.434738159179688,0.39592804390963265,-0.10716279137070371,0.3249770402908325,-0.1280490756034851,-0.07095101475715637,-0.020886287093162537,0.07396136480357991
1856,9280,9294,-0.29704445600509644,-0.3470936715602875,62.12507629394531,-0.10194683074951172,-0.001896976144053042,54.26710510253906,0.7271851897239685,0.6704245209693909,-7.85797119140625,0.3963601641205246,-0.011066224329545848,0.357052743434906,-0.1177513375878334,-0.03930741548538208,-0.10668511688709259,0.11369602929457591
1857,9285,9299,-0.21964216232299805,-0.21551449596881866,60.17001724243164,0.008836699649691582,0.0906834527850151,38.3784294128418,0.7239725589752197,0.6795781850814819,-21.791587829589844,0.3792801101112403,-0.04589519094460112,0.33257901668548584,-0.08831522613763809,-0.0467011034488678,-0.04242003336548805,0.06309082575201383
1858,9290,9304,-0.17313462495803833,-0.1008453369140625,68.14866638183594,0.1430584192276001,0.14891739189624786,22.28445053100586,0.5637201070785522,0.6817063689231873,-45.86421585083008,0.349504868989888,-0.20051386098351148,0.31415119767189026,-0.11945409327745438,-0.035353660583496094,0.0810597613453865,0.08843396534151379
1859,9295,9309,-0.08802509307861328,0.013971090316772461,51.054405212402344,0.27835649251937866,0.17215056717395782,7.968836307525635,0.5700027346611023,0.6112976670265198,-43.085567474365234,0.35332394124599953,-0.18552198173398482,0.3120630979537964,-0.1425708532333374,-0.04126083850860596,0.04295112192630768,0.05955884207371571
1860,9300,9314,0.028369039297103882,0.10191620886325836,35.01959991455078,0.43483537435531616,0.15689021348953247,-7.622745990753174,0.5721283555030823,0.6262029409408569,-42.6423454284668,0.364425153271336,-0.18823211836312043,0.3349146842956543,-0.1923084557056427,-0.029510468244552612,-0.004076331853866577,0.029790673329006773
1861,9305,9319,0.16828472912311554,0.15674203634262085,19.72533416748047,0.5774794220924377,0.09836731851100922,-25.22159767150879,0.7100549936294556,0.6071605086326599,-44.946929931640625,0.36548159658198676,-0.19305729509918146,0.423613578081131,-0.15142837166786194,0.05813199281692505,0.04162892699241638,0.07150032273638321
1862,9310,9324,0.32198643684387207,0.17199307680130005,4.645637512207031,0.702023446559906,0.002837174804881215,-39.07537841796875,0.7343220710754395,0.7333909869194031,-43.72101593017578,0.36508804778719345,-0.19938044831499996,0.3668678402900696,-0.16733306646347046,0.001779794692993164,0.03204737603664398,0.032096759649274095
1863,9315,9329,0.4776107370853424,0.14540794491767883,-10.830902099609375,0.7943115830421448,-0.12351507693529129,-55.522705078125,0.7427253127098083,0.7351328134536743,-44.691802978515625,0.3615927647196082,-0.20462083473452095,0.3701300621032715,-0.13687139749526978,0.00853729248046875,0.06774944067001343,0.06828522588376447
1864,9320,9334,0.5985063314437866,0.08688942342996597,-26.508752822875977,0.8415258526802063,-0.252034068107605,-70.99427032470703,0.6221179962158203,0.6324436068534851,-44.48551940917969,0.3687432040815951,-0.1948231639494701,0.36734041571617126,-0.19844117760658264,-0.0014027953147888184,-0.003618016839027405,0.003880448497619742
1865,9325,9339,0.7186490893363953,-0.013331959955394268,-42.19501876831055,0.8591877222061157,-0.4134567975997925,-84.62467193603516,0.6136422753334045,0.6388527750968933,-42.42965316772461,0.3728661997353907,-0.20204405044922846,0.38407665491104126,-0.20964345335960388,0.011210441589355469,-0.007599398493766785,0.01354344336184176
1866,9330,9344,0.8040779829025269,-0.14331287145614624,-57.72385787963867,0.877602219581604,-0.5820080041885376,-82.5315170288086,0.7327067852020264,0.6781492829322815,-24.807659149169922,0.41017179837522005,-0.172099763741759,0.43151620030403137,-0.16525799036026,0.021344393491744995,0.006841778755187988,0.02241412657377904
1867,9335,9349,0.8483063578605652,-0.2978125512599945,-75.66375732421875,0.9342586994171143,-0.7513033747673035,-70.54529571533203,0.7645170092582703,0.83914715051651,5.118461608886719,0.460651624766085,-0.029014007388793214,0.4558992087841034,0.008030444383621216,-0.004752427339553833,0.037044450640678406,0.037348050670515553
1868,9340,9354,0.8615756034851074,-0.4597541391849518,-85.7481689453125,1.0294322967529297,-0.9154488444328308,-58.904361724853516,0.7763555645942688,0.8937380909919739,26.843807220458984,0.466885505381695,0.13360935120805884,0.4716370403766632,0.10709679126739502,0.004751533269882202,-0.026512563228607178,0.026934978696217506
1869,9345,9359,0.883442759513855,-0.6074422597885132,-80.90289306640625,1.15005362033844,-1.0256365537643433,-41.38328170776367,0.6965503692626953,0.7525712251663208,39.51961135864258,0.4550875246481818,0.19713742296469172,0.42170026898384094,0.11405317485332489,-0.03338724374771118,-0.08308425545692444,0.0895416190935844
1870,9350,9364,0.9455073475837708,-0.7763009071350098,-67.46759033203125,1.2527986764907837,-1.1862982511520386,-59.573665618896484,0.7227550148963928,0.7659151554107666,7.893924713134766,0.49645521437795676,0.12672017613384573,0.4506618082523346,0.06912565231323242,-0.04579341411590576,-0.05759452283382416,0.07358101546490596
1871,9355,9369,1.0473886728286743,-0.9351784586906433,-53.90792465209961,1.3079754114151,-1.3722188472747803,-75.2691879272461,0.7387642860412598,0.7679283618927002,-21.361263275146484,0.5066674590084365,-0.046881078942553334,0.39653125405311584,-0.067184217274189,-0.11013618111610413,-0.020303137600421906,0.1119919451892008
1872,9360,9374,1.182274580001831,-1.0662193298339844,-44.203121185302734,1.309653639793396,-1.5630515813827515,-90.40292358398438,0.8869123458862305,0.9032499194145203,-46.19980239868164,0.4377080717791125,-0.26735623230403993,0.40136441588401794,-0.19076007604599,-0.036343663930892944,0.07659617066383362,0.08478110207047804
1873,9365,9379,1.2724722623825073,-1.237184762954712,-63.74358367919922,1.2560096979141235,-1.7493821382522583,-107.10076141357422,0.8983737826347351,0.9083567261695862,-43.357177734375,0.4520676326341179,-0.24135455830614724,0.4604242146015167,-0.261699378490448,0.008356571197509766,-0.020344823598861694,0.021994183991406673
1874,9370,9384,1.310808539390564,-1.398828387260437,-77.9769058227539,1.1669292449951172,-1.9199360609054565,-117.95873260498047,0.7687296867370605,0.9004450440406799,-39.98182678222656,0.47970559799712587,-0.24927293904007256,0.4272429049015045,-0.20640182495117188,-0.05246269702911377,0.04287111759185791,0.06775151144545405
1875,9375,9389,1.3045742511749268,-1.591528058052063,-94.3886947631836,1.101327896118164,-2.080378532409668,-111.24019622802734,0.7674711346626282,0.788328230381012,-16.85150146484375,0.5029699789235283,-0.16524245043323602,0.484605997800827,-0.13973581790924072,-0.018363982439041138,0.025506630539894104,0.03142966834887174
1876,9380,9394,1.2436857223510742,-1.7753269672393799,-111.04292297363281,1.1113539934158325,-2.288666248321533,-83.90092468261719,0.7706694006919861,0.8219029903411865,27.141998291015625,0.5266215425463621,0.060816567734643875,0.5074825882911682,0.06063612550497055,-0.01913893222808838,-0.00018044188618659973,0.01913978281239499
1877,9385,9399,1.1532541513442993,-1.9467827081680298,-118.70655822753906,1.1614031791687012,-2.4967095851898193,-75.39347839355469,0.9107295274734497,1.01532781124115,43.313079833984375,0.47842184636113255,0.2712904599314658,0.4540456235408783,0.06860758364200592,-0.024376213550567627,-0.20268286764621735,0.20414344129644954
1878,9390,9404,1.0954766273498535,-2.140075206756592,-104.6631851196289,1.1675225496292114,-2.7058329582214355,-89.77801513671875,0.9543338418006897,0.9783214330673218,14.885169982910156,0.529093918431696,0.21291330098947098,0.48738446831703186,-0.02639034390449524,-0.041709452867507935,-0.23930364847183228,0.2429113307987858
1879,9395,9409,1.11484956741333,-2.318070888519287,-82.77849578857422,1.114696741104126,-2.902012586593628,-106.00189971923828,0.8222084045410156,0.9728192687034607,-23.223403930664062,0.5792904228400587,-0.0735563465080428,0.44325366616249084,-0.18207237124443054,-0.13603678345680237,-0.10851602256298065,0.17401647509980847
1880,9400,9414,1.1668334007263184,-2.5279576778411865,-73.89484405517578,1.0293852090835571,-3.0450446605682373,-121.24935150146484,0.8600767254829407,0.7746691107749939,-47.35450744628906,0.4586652068835563,-0.2754944302269922,0.4288499653339386,-0.26691734790802,-0.029815226793289185,0.008577078580856323,0.031024410159057877
1881,9405,9419,1.1634560823440552,-2.731989860534668,-93.4590072631836,0.8835659027099609,-3.180021047592163,-140.27932739257812,0.819412350654602,0.7663678526878357,-46.82032012939453,0.4641019792012233,-0.2523485885303522,0.3996175527572632,-0.2757841944694519,-0.06448441743850708,-0.023435592651367188,0.06861098378032815
1882,9410,9424,1.1024525165557861,-2.9246304035186768,-108.41413116455078,0.7098352909088135,-3.2495076656341553,-160.89105224609375,0.9650377035140991,0.7348111271858215,-52.47692108154297,0.4322640677880182,-0.2698912688727273,0.439354807138443,-0.25341442227363586,0.007090747356414795,0.016476839780807495,0.01793780776000523
1883,9415,9429,0.9907416105270386,-3.0909767150878906,-125.63097381591797,0.5052404403686523,-3.248972177505493,178.37326049804688,0.9437134265899658,0.978114902973175,-55.995758056640625,0.41125123985962597,-0.30256630692070574,0.3977096974849701,-0.20643079280853271,-0.013541549444198608,0.09613552689552307,0.09708456670773948
1884,9420,9434,0.8360755443572998,-3.205770969390869,-145.07260131835938,0.33682867884635925,-3.1869983673095703,157.92752075195312,0.9007968902587891,0.8562007546424866,-56.9998779296875,0.398573585145307,-0.3012290499533845,0.44559726119041443,-0.1987251341342926,0.04702368378639221,0.10250392556190491,0.11277535897723025
1885,9425,9439,0.6830078363418579,-3.2540206909179688,-163.038818359375,0.2023787498474121,-3.0832722187042236,141.79075622558594,0.745471179485321,0.7812861204147339,-55.17041015625,0.4099115990294026,-0.30353227263171173,0.4313158094882965,-0.23638078570365906,0.0214042067527771,0.06715148687362671,0.0704802259932138
1886,9430,9444,0.4810921549797058,-3.245496988296509,175.67921447753906,0.07880208641290665,-2.913203716278076,123.5827407836914,0.8153029680252075,0.8563709855079651,-52.096473693847656,0.42618184775292045,-0.30104012446298883,0.38894638419151306,-0.25658145546913147,-0.03723546862602234,0.04445865750312805,0.05799183003475523
1887,9435,9449,0.31399714946746826,-3.1711363792419434,155.40872192382812,0.010161959566175938,-2.7207911014556885,107.28941345214844,0.7518597841262817,0.8085305690765381,-48.11930847167969,0.46368492515314474,-0.2830600255615335,0.3643433451652527,-0.26767393946647644,-0.09934157133102417,0.015386074781417847,0.10052601201528064
1888,9440,9454,0.16492818295955658,-3.0429186820983887,137.7942657470703,-0.01726437918841839,-2.5159459114074707,96.99930572509766,0.9386463165283203,0.976661205291748,-40.794960021972656,0.48897436846789144,-0.26795241818623955,0.4617537558078766,-0.2899390161037445,-0.027220606803894043,-0.02198660373687744,0.03499102997419018
1889,9445,9459,0.05385177955031395,-2.861154317855835,120.33389282226562,-0.024678179994225502,-2.3045012950897217,91.8810043334961,0.9980258345603943,0.9946616888046265,-28.45288848876953,0.5201061623277032,-0.21335210920451134,0.5001360177993774,-0.25752952694892883,-0.0199701189994812,-0.04417741298675537,0.04848143429247718
1890,9450,9464,0.004374399781227112,-2.692197322845459,105.13105010986328,-0.06848683953285217,-2.1390209197998047,106.94454956054688,0.8272427916526794,0.7749946117401123,1.8134994506835938,0.5530173051326682,-0.07405912033445326,0.4772442877292633,-0.07888007909059525,-0.07577303051948547,-0.004820957779884338,0.07592623912734191
1891,9455,9469,-0.018742069602012634,-2.4852514266967773,95.61226654052734,-0.18887245655059814,-1.9897691011428833,130.95721435546875,0.8104432821273804,0.768957257270813,35.344947814941406,0.5097452895963818,0.12085869118053275,0.4455632269382477,0.12838499248027802,-0.06418207287788391,0.007526300847530365,0.06462185143857717
1892,9460,9474,-0.02741972915828228,-2.2738118171691895,92.70195007324219,-0.30356380343437195,-1.8423361778259277,124.61895751953125,0.8302732110023499,0.7390511631965637,31.917007446289062,0.4440135114235053,0.25549713497192444,0.42711499333381653,0.23046448826789856,-0.016898512840270996,-0.025032639503479004,0.03020252931004192
1893,9465,9479,-0.09722740203142166,-2.095353841781616,113.47732543945312,-0.3637448251247406,-1.668405532836914,107.8128662109375,0.9078675508499146,0.8839004635810852,-5.664459228515625,0.4977814348850112,0.0743642547080417,0.4617755115032196,0.12189297378063202,-0.03600591421127319,0.047528721392154694,0.059627218745826376
1894,9470,9484,-0.22722437977790833,-1.9529181718826294,133.34719848632812,-0.3778510093688965,-1.4778324365615845,93.07244873046875,0.8958696126937866,0.8904969692230225,-40.274749755859375,0.4488787110717674,-0.21657040470486139,0.4542875587940216,-0.09464838355779648,0.00540885329246521,0.12192202359437943,0.12204194168927265
1895,9475,9489,-0.3145824372768402,-1.8214104175567627,121.56705474853516,-0.342700719833374,-1.2981358766555786,77.73362731933594,0.730843722820282,0.8546971082687378,-43.83342742919922,0.4605644164998665,-0.2499746011566206,0.4331667125225067,-0.22674310207366943,-0.02739769220352173,0.02323150634765625,0.03592125311372235
1896,9480,9494,-0.36917293071746826,-1.6395082473754883,104.41927337646484,-0.29255297780036926,-1.1523127555847168,70.72423553466797,0.7545076012611389,0.7009629011154175,-33.695037841796875,0.4527689960041745,-0.19552570333243152,0.4379383623600006,-0.21562102437019348,-0.014830619096755981,-0.02009531855583191,0.024975369680015257
1897,9485,9499,-0.3757164180278778,-1.4499876499176025,89.72904968261719,-0.25874748826026917,-0.9819679856300354,82.29560852050781,0.7585994005203247,0.7003004550933838,-7.433441162109375,0.4685675721874951,-0.11475437675811492,0.42182496190071106,-0.05141657590866089,-0.04674261808395386,0.06333780288696289,0.07871816575537145
1898,9490,9504,-0.3346254229545593,-1.272615909576416,75.62950897216797,-0.3006612956523895,-0.8206251859664917,106.6923599243164,0.8656092286109924,0.6602722406387329,31.062850952148438,0.4462780288067896,0.07927860478809688,0.42468610405921936,0.03704407811164856,-0.021591931581497192,-0.042234525084495544,0.04743381302966207
1899,9495,9509,-0.27581727504730225,-1.1081459522247314,70.10804748535156,-0.37705475091934204,-0.6893866062164307,122.12476348876953,0.8213273286819458,0.7091881036758423,52.01671600341797,0.3593286614065876,0.2376790472086077,0.3932802975177765,0.1678549349308014,0.033951640129089355,-0.06982411444187164,0.07764097388007687
1900,9500,9514,-0.2661791443824768,-0.9356158971786499,88.80979919433594,-0.41360995173454285,-0.5431913137435913,101.7403335571289,0.814458966255188,0.7129165530204773,12.930534362792969,0.389277569535607,0.15555021856979795,0.38715168833732605,0.10664200037717819,-0.0021258890628814697,-0.048908211290836334,0.04895439240739047
1901,9505,9519,-0.30848726630210876,-0.7985876798629761,107.64185333251953,-0.4081839919090271,-0.4143303632736206,86.13744354248047,0.6471486687660217,0.5924128293991089,-21.504409790039062,0.39640021511518125,-0.02144742189241751,0.3708972632884979,-0.029240816831588745,-0.025502949953079224,-0.007793394848704338,0.026667160695827273
1902,9510,9524,-0.3872350752353668,-0.6701008081436157,121.80448913574219,-0.35979169607162476,-0.28139418363571167,67.96678924560547,0.5713467001914978,0.5592864751815796,-53.83769989013672,0.31587959521655296,-0.22817988588409865,0.3899501860141754,-0.1271008551120758,0.07407060265541077,0.10107903182506561,0.125313306765197
1903,9515,9529,-0.41543978452682495,-0.5217971205711365,98.0697021484375,-0.2764895260334015,-0.1606452465057373,53.49778747558594,0.5900772213935852,0.5811110734939575,-44.57191467285156,0.3380702417572395,-0.1882720428383906,0.3703155815601349,-0.14408868551254272,0.03224533796310425,0.044183358550071716,0.054698546535707944
1904,9520,9534,-0.3979395031929016,-0.37565597891807556,82.31188201904297,-0.162326842546463,-0.06537061184644699,38.72500228881836,0.6991682052612305,0.6972561478614807,-43.58687973022461,0.33901661360531427,-0.19198454612713484,0.3276141881942749,-0.14617836475372314,-0.011402428150177002,0.04580618441104889,0.04720404535650485
1905,9525,9539,-0.3393397331237793,-0.24557556211948395,64.3808822631836,-0.026439260691404343,0.004078300204128027,26.370861053466797,0.6651564836502075,0.7206634879112244,-38.0100212097168,0.36040395405329734,-0.17419171283558543,0.33076393604278564,-0.11611182242631912,-0.029640018939971924,0.05807989090681076,0.06520586208700054
1906,9530,9544,-0.2612304091453552,-0.14467819035053253,51.52701187133789,0.09505022317171097,0.04517475143074989,17.313396453857422,0.5955356955528259,0.5940297245979309,-34.21361541748047,0.37029458650664904,-0.1608164822013453,0.3177903890609741,-0.18455907702445984,-0.05250421166419983,-0.02374260127544403,0.05762294124568629
1907,9535,9549,-0.14383374154567719,-0.054122429341077805,35.89777374267578,0.24613125622272491,0.05775560066103935,2.6682887077331543,0.5828856825828552,0.5861396789550781,-33.22948455810547,0.3814954339107105,-0.13802400873378218,0.3137083947658539,-0.16071653366088867,-0.0677870512008667,-0.02269253134727478,0.07148451083595643
1908,9540,9554,-0.008061589673161507,0.013032549992203712,25.674457550048828,0.3989163339138031,0.030702730640769005,-11.034025192260742,0.5963423252105713,0.6057470440864563,-36.70848083496094,0.3744528315698533,-0.160400564165212,0.32396256923675537,-0.15314900875091553,-0.05049026012420654,0.007251560688018799,0.05100834735435036
1909,9545,9559,0.13967594504356384,0.05279434844851494,14.120820999145508,0.5485842823982239,-0.025959590449929237,-21.88903045654297,0.7208040952682495,0.7502557039260864,-36.009849548339844,0.3773391295001302,-0.17613458743710048,0.34071895480155945,-0.15624141693115234,-0.03662016987800598,0.019893169403076172,0.041674632941316986
1910,9550,9564,0.2908165156841278,0.051781829446554184,-1.8902335166931152,0.6782275438308716,-0.12321382015943527,-37.98285675048828,0.7120493054389954,0.7659176588058472,-36.09262466430664,0.39297241847230174,-0.16212174168491503,0.3461725115776062,-0.19233494997024536,-0.04679989814758301,-0.030213207006454468,0.05570519135806835
1911,9555,9569,0.4220082759857178,0.02489548921585083,-12.166919708251953,0.7688604593276978,-0.250349760055542,-56.028682708740234,0.6090134978294373,0.7275580763816833,-43.86176300048828,0.3970719100212159,-0.19595990050944875,0.3500494658946991,-0.19075000286102295,-0.04702243208885193,0.005209892988204956,0.04731016914469065
1912,9560,9574,0.5684652924537659,-0.03751102089881897,-25.60525131225586,0.8169528841972351,-0.38100382685661316,-70.59922790527344,0.6320764422416687,0.6319892406463623,-44.99397659301758,0.37253108831405324,-0.20237089522649976,0.3580818772315979,-0.17728334665298462,-0.014449208974838257,0.025087550282478333,0.028951076304248605
1913,9565,9579,0.6949434876441956,-0.14064492285251617,-41.6464958190918,0.8761407136917114,-0.5375596880912781,-69.19264221191406,0.6717804074287415,0.6556722521781921,-27.546146392822266,0.39916417416261185,-0.17618666091937296,0.4145602881908417,-0.09707260876893997,0.0153961181640625,0.07911405712366104,0.08059822882103351
1914,9570,9584,0.7787837386131287,-0.2726213335990906,-58.16106033325195,0.9479800462722778,-0.6940619945526123,-64.37319946289062,0.7490413188934326,0.6739140748977661,-6.212139129638672,0.44728500750045086,-0.07858589756280895,0.4766305983066559,0.09408973157405853,0.029345601797103882,0.17267563939094543,0.17515147953673132
1915,9575,9589,0.8337929844856262,-0.42612162232398987,-71.20262908935547,1.0526986122131348,-0.8321092128753662,-51.65678787231445,0.7689694166183472,0.8197076916694641,19.545841217041016,0.45487012074553645,0.07641184977101165,0.41423487663269043,0.160672128200531,-0.040635257959365845,0.08426027745008469,0.09354687886503459
1916,9580,9594,0.8949849605560303,-0.5835853815078735,-68.87698364257812,1.1598968505859375,-0.9810011982917786,-56.0014533996582,0.7948641777038574,0.8667435050010681,12.875530242919922,0.4661796992266648,0.10389479745479249,0.4611668884754181,0.1539621353149414,-0.005012810230255127,0.05006733536720276,0.05031765432903747
1917,9585,9599,0.9602399468421936,-0.7152175903320312,-63.04941940307617,1.2101309299468994,-1.1293736696243286,-72.39533233642578,0.6769460439682007,0.7119460105895996,-9.34591293334961,0.48243385070477957,0.03504769815497874,0.4636426270008087,0.08310884237289429,-0.018791228532791138,0.04806114360690117,0.05160410637318275
1918,9590,9604,1.071777105331421,-0.8503511548042297,-47.30490493774414,1.225480556488037,-1.3128072023391724,-87.62932586669922,0.6828811168670654,0.721950113773346,-40.32442092895508,0.44411835699008806,-0.20062211190075774,0.39449071884155273,-0.09902019053697586,-0.0496276319026947,0.10160192102193832,0.11307454268586521
1919,9595,9609,1.17098069190979,-1.0059913396835327,-59.14366912841797,1.1961859464645386,-1.4955655336380005,-100.33503723144531,0.8554359078407288,0.7246617078781128,-41.191368103027344,0.433205384917893,-0.22945869066452174,0.4015671908855438,-0.19074276089668274,-0.03163820505142212,0.03871592879295349,0.0499989916016001
1920,9600,9614,1.2200509309768677,-1.1816558837890625,-75.02505493164062,1.1480287313461304,-1.6749370098114014,-105.61827087402344,0.8652474284172058,0.8727129697799683,-30.593215942382812,0.457918469232168,-0.19703842789056228,0.4436782896518707,-0.19111478328704834,-0.014240175485610962,0.005923643708229065,0.015423104507298042
1921,9605,9619,1.2198235988616943,-1.3659465312957764,-91.39772033691406,1.0759459733963013,-1.8487987518310547,-113.34406280517578,0.8730953335762024,0.8865439295768738,-21.94634246826172,0.48621807414541257,-0.132056890618154,0.39873620867729187,-0.12524878978729248,-0.08748185634613037,0.006808102130889893,0.08774636997841916
1922,9610,9624,1.1907483339309692,-1.522120714187622,-101.58028411865234,1.0541948080062866,-2.007280111312866,-95.62682342529297,0.7225589156150818,0.7443081736564636,5.953460693359375,0.5026955469077125,-0.03638259447248357,0.5029069781303406,-0.1644665002822876,0.00021141767501831055,-0.12808391451835632,0.12808408900319712
1923,9615,9629,1.139817714691162,-1.7008036375045776,-106.3620376586914,1.1042931079864502,-2.1920971870422363,-72.18789672851562,0.7268222570419312,0.7400392293930054,34.17414093017578,0.4814040578768418,0.1043143449317816,0.5099332928657532,0.13155795633792877,0.028529226779937744,0.027243614196777344,0.03944783004379284
1924,9620,9634,1.0674636363983154,-1.872603416442871,-112.72264099121094,1.1794947385787964,-2.3749477863311768,-69.8177719116211,0.7332851886749268,0.7922592163085938,42.904869079589844,0.4200808574538244,0.2973767089318056,0.4591725170612335,0.10678347945213318,0.039091646671295166,-0.19059324264526367,0.1945608927341508
1925,9625,9639,1.063133955001831,-2.0639944076538086,-89.1512451171875,1.1907590627670288,-2.565222978591919,-87.19044494628906,0.9032964706420898,0.9112793803215027,1.9608001708984375,0.5030640906718653,0.12018639329486486,0.44426611065864563,0.018706977367401123,-0.058797985315322876,-0.1014794185757637,0.11728288652491453
1926,9630,9644,1.1297974586486816,-2.2397451400756836,-68.40470886230469,1.1543391942977905,-2.7538938522338867,-102.00138092041016,0.8926859498023987,0.9277544617652893,-33.59667205810547,0.4870914765460062,-0.16641240482260025,0.42805197834968567,-0.17128995060920715,-0.05903950333595276,-0.004877552390098572,0.05924064037022332
1927,9635,9649,1.1826376914978027,-2.3997349739074707,-73.56346130371094,1.0677930116653442,-2.9246346950531006,-118.2903060913086,0.7744545936584473,0.9042821526527405,-44.726844787597656,0.47095335791486026,-0.25867344744541804,0.3140222132205963,-0.1940527856349945,-0.15693113207817078,0.06462067365646362,0.16971508972142535
1928,9640,9654,1.1894142627716064,-2.588898181915283,-90.13619995117188,0.9592121243476868,-3.039422035217285,-134.0522003173828,0.7353304624557495,0.723490297794342,-43.91600036621094,0.45106980203725394,-0.22913053183524407,0.36621662974357605,-0.24682170152664185,-0.0848531723022461,-0.01769116520881653,0.08667778363687147
1929,9645,9659,1.1457157135009766,-2.779857873916626,-105.11376953125,0.8026112914085388,-3.125079870223999,-153.69723510742188,0.7862787246704102,0.7029486298561096,-48.583465576171875,0.4227406220529121,-0.24122445493803174,0.40111783146858215,-0.2177383303642273,-0.021622776985168457,0.023486122488975525,0.03192401030756463
1930,9650,9664,1.0506762266159058,-2.944880723953247,-121.84524536132812,0.629777729511261,-3.1498773097991943,-173.71473693847656,0.8874822854995728,0.8195253610610962,-51.86949157714844,0.39621705808387786,-0.24938161110394738,0.3675706088542938,-0.18690884113311768,-0.02864643931388855,0.06247277557849884,0.06872747757517207
1931,9655,9669,0.9171874523162842,-3.068445920944214,-138.6422576904297,0.45835450291633606,-3.1100876331329346,166.25955200195312,0.8731207251548767,0.8341689109802246,-55.09820556640625,0.3719144858317481,-0.27192153809062286,0.4042971134185791,-0.18872788548469543,0.03238263726234436,0.08319365978240967,0.08927384960925512
1932,9660,9674,0.777886688709259,-3.1335644721984863,-156.57095336914062,0.29890725016593933,-3.0140864849090576,148.068115234375,0.6997988820075989,0.87663334608078,-55.360931396484375,0.391983088793822,-0.3000759072195923,0.3985559046268463,-0.1382187008857727,0.006572812795639038,0.1618572175502777,0.16199061929989786
1933,9665,9679,0.6056811213493347,-3.1461122035980225,-178.31553649902344,0.18262504041194916,-2.889646530151367,131.1787872314453,0.6880100965499878,0.7844620943069458,-50.50567626953125,0.4153343902901226,-0.2687906637307642,0.36994627118110657,-0.17990019917488098,-0.04538813233375549,0.08889046311378479,0.09980780024291507
1934,9670,9684,0.43417617678642273,-3.098388433456421,162.59437561035156,0.09276726841926575,-2.7186386585235596,115.56063079833984,0.7022615671157837,0.7493178248405457,-47.03374481201172,0.43937237021417413,-0.2602342301973193,0.3516109883785248,-0.20283189415931702,-0.08776137232780457,0.057402342557907104,0.10486699864111138
1935,9675,9689,0.276533842086792,-2.996997833251953,145.52432250976562,0.03630411997437477,-2.530154228210449,106.0496597290039,0.8714194893836975,0.7739845514297485,-39.47466278076172,0.46229713369664455,-0.24886669708917372,0.35082849860191345,-0.2149086892604828,-0.11146864295005798,0.03395800292491913,0.11652641041316053
1936,9680,9694,0.1515500247478485,-2.8415443897247314,128.0761260986328,-0.00311535457149148,-2.3318638801574707,100.35576629638672,0.9539918303489685,0.946629524230957,-27.720359802246094,0.49659981546319937,-0.1925726489062876,0.519733190536499,-0.26415103673934937,0.02313336730003357,-0.07157838344573975,0.07522378386749508
1937,9685,9699,0.07521027326583862,-2.665393590927124,112.47984313964844,-0.02765817940235138,-2.1370272636413574,97.47354888916016,0.9070340394973755,0.9187811017036438,-15.006294250488281,0.5275505542652295,-0.10697339416063546,0.5038644075393677,-0.21151915192604065,-0.02368617057800293,-0.10454575717449188,0.1071953824557666
1938,9690,9704,0.02782388962805271,-2.5011746883392334,106.20626831054688,-0.09662605822086334,-1.9930195808410645,117.69271087646484,0.7897720336914062,0.7225193977355957,11.486442565917969,0.5226961304739353,-0.022319442646181825,0.46809980273246765,-0.043888166546821594,-0.05459633469581604,-0.021568723022937775,0.05870238134060468
1939,9695,9709,-0.005930089857429266,-2.302659273147583,98.37408447265625,-0.2230282723903656,-1.8678034543991089,136.28054809570312,0.7949751615524292,0.6879668235778809,37.906463623046875,0.4618367327425105,0.1514530739859154,0.40545904636383057,0.20385095477104187,-0.056377679109573364,0.05239787697792053,0.07696739708198089
1940,9700,9714,-0.035575881600379944,-2.1093389987945557,100.48928833007812,-0.3068252205848694,-1.724071741104126,117.13714599609375,0.7678091526031494,0.6479392647743225,16.647857666015625,0.42821044686263227,0.19657793627310186,0.4472598731517792,0.22340980172157288,0.01904943585395813,0.026831865310668945,0.03290638239618486
1941,9705,9719,-0.13262535631656647,-1.954253077507019,124.61109924316406,-0.3526775538921356,-1.555955410003662,103.92137145996094,0.8635158538818359,0.8288670778274536,-20.689727783203125,0.45279982644498884,-0.04512558883649065,0.45604392886161804,0.060857418924570084,0.0032441020011901855,0.10598300397396088,0.1060326427527803
1942,9710,9724,-0.2530907988548279,-1.8289103507995605,133.019287109375,-0.3537484407424927,-1.3821457624435425,88.77484130859375,0.8161496520042419,0.8089134693145752,-44.24444580078125,0.3953134739879156,-0.2312094625289224,0.4277419149875641,-0.17603585124015808,0.03242844343185425,0.0551736056804657,0.06399789611539185
1943,9715,9729,-0.3164198696613312,-1.7022318840026855,115.94841766357422,-0.32526326179504395,-1.2432485818862915,76.75363159179688,0.6563085317611694,0.6693981885910034,-39.194786071777344,0.4165819638755684,-0.19288168544388623,0.40793097019195557,-0.20464688539505005,-0.008650988340377808,-0.011765196919441223,0.014603405692460304
1944,9720,9734,-0.3568931221961975,-1.5291873216629028,101.00440216064453,-0.2752872705459595,-1.083723783493042,71.16322326660156,0.6938284039497375,0.6427754759788513,-29.84117889404297,0.421695301109537,-0.16513737276736784,0.45016488432884216,-0.21341070532798767,0.028469592332839966,-0.04827333986759186,0.05604313543664499
1945,9725,9739,-0.35315144062042236,-1.3617191314697266,87.10859680175781,-0.2634894549846649,-0.9206280708312988,89.42383575439453,0.6599904894828796,0.6367729902267456,2.3152389526367188,0.4450523514800806,-0.06729784458161114,0.4245576560497284,-0.0292799174785614,-0.020494699478149414,0.03801792860031128,0.04319022576646277
1946,9730,9744,-0.3130209147930145,-1.1943328380584717,75.96932220458984,-0.3006810247898102,-0.7668012380599976,104.32122039794922,0.8102405667304993,0.7321117520332336,28.351898193359375,0.417768345913666,0.09167961079272696,0.41315191984176636,0.09790227562189102,-0.004616439342498779,0.006222665309906006,0.007748101429516664
1947,9735,9749,-0.26465368270874023,-1.0363991260528564,73.22494506835938,-0.37220507860183716,-0.6363774538040161,118.91041564941406,0.7714486122131348,0.6972960829734802,45.68547058105469,0.3519579036790336,0.21842681855754903,0.3813064694404602,0.14339014887809753,0.029348552227020264,-0.0750366747379303,0.08057195587515599
1948,9740,9754,-0.2677549123764038,-0.8957759141921997,92.9029312133789,-0.39353346824645996,-0.4922071695327759,97.77508544921875,0.648569643497467,0.6938071846961975,4.872154235839844,0.40942080559828736,0.10517880359649204,0.3834170997142792,0.03454209864139557,-0.026003718376159668,-0.07063670456409454,0.07527109273194989
1949,9745,9759,-0.3109138309955597,-0.7473586797714233,107.9669189453125,-0.37670278549194336,-0.3675871193408966,81.65333557128906,0.615132212638855,0.5745164752006531,-26.313583374023438,0.3815456911070827,-0.05456656708262958,0.36717620491981506,-0.061463020741939545,-0.014369487762451172,-0.006896454840898514,0.015938734828328957
1950,9750,9764,-0.3764677345752716,-0.6171942353248596,114.46878051757812,-0.32175910472869873,-0.23647195100784302,64.18537902832031,0.5670338273048401,0.5659157633781433,-50.28340148925781,0.32386833996491093,-0.20748925351359632,0.37752100825309753,-0.11872627586126328,0.053652673959732056,0.08876297622919083,0.10371824994711976
1951,9755,9769,-0.3918660581111908,-0.47093823552131653,95.12909698486328,-0.23207126557826996,-0.1219886764883995,49.61711883544922,0.6887171268463135,0.5691877007484436,-45.51197814941406,0.3332666128436006,-0.19035107048269131,0.34408724308013916,-0.13649162650108337,0.010820627212524414,0.053859442472457886,0.054935648869531194
1952,9760,9774,-0.3665653169155121,-0.329097718000412,78.71897888183594,-0.11499609798192978,-0.038417961448431015,34.58937454223633,0.6632346510887146,0.6886705160140991,-44.12960433959961,0.3342759766876826,-0.18984561696036367,0.30911120772361755,-0.1329890489578247,-0.025164783000946045,0.05685657262802124,0.06217665280867214
1953,9765,9779,-0.29912078380584717,-0.20081929862499237,61.288970947265625,0.022828970104455948,0.018423639237880707,21.856307983398438,0.687806248664856,0.7075670957565308,-39.43266296386719,0.34695001668943415,-0.17704459918100537,0.3088306784629822,-0.11910491436719894,-0.038119345903396606,0.05793968588113785,0.06935482486538139
1954,9770,9784,-0.21807651221752167,-0.10950016975402832,47.40226745605469,0.14532852172851562,0.04702715948224068,12.158893585205078,0.5623663067817688,0.5731699466705322,-35.24337387084961,0.3611930595623195,-0.16156610685185596,0.3088480234146118,-0.1587408483028412,-0.05234503746032715,0.0028252601623535156,0.052421227014521836
1955,9775,9789,-0.0965723767876625,-0.02946965955197811,31.5929012298584,0.2953580915927887,0.04603255167603493,-2.7391226291656494,0.5669564008712769,0.6055355072021484,-34.33202362060547,0.37339729734258476,-0.14101251065421821,0.30382969975471497,-0.14881065487861633,-0.06956759095191956,-0.007798150181770325,0.07000329175910976
1956,9780,9794,0.04345358908176422,0.025077519938349724,19.970870971679688,0.44279229640960693,0.014508009888231754,-13.868239402770996,0.5906224250793457,0.6139869689941406,-33.839111328125,0.37171510443154765,-0.14632501751797852,0.3111267685890198,-0.1411474049091339,-0.060588330030441284,0.005177617073059082,0.06080915600822713
1957,9785,9799,0.185386523604393,0.05129393935203552,8.631078720092773,0.5848820209503174,-0.04445428028702736,-23.025297164916992,0.6747758984565735,0.7315053343772888,-31.656375885009766,0.38060215292679983,-0.15461682486692516,0.3488130271434784,-0.16075998544692993,-0.03178912401199341,-0.006143167614936829,0.03237725920758434
1958,9790,9804,0.33441248536109924,0.04126555100083351,-4.435731887817383,0.7044726014137268,-0.13951937854290009,-39.9696159362793,0.7021857500076294,0.7149121761322021,-35.53388214111328,0.3829337332942388,-0.15162267245171815,0.3524034023284912,-0.18099695444107056,-0.030530333518981934,-0.02937428653240204,0.04236684994270789
1959,9795,9809,0.4624769389629364,0.007567380089312792,-14.856120109558105,0.7820716500282288,-0.24577289819717407,-54.40700149536133,0.5978999733924866,0.6085006594657898,-39.550880432128906,0.37386610603867637,-0.16293007265445464,0.3490760326385498,-0.1647433042526245,-0.024790078401565552,-0.0018132328987121582,0.02485630303767515
1960,9800,9814,0.6048547625541687,-0.05602006986737251,-27.09347152709961,0.8379300236701965,-0.3930692672729492,-71.87554931640625,0.6140747666358948,0.6146215796470642,-44.78207778930664,0.36100552970250244,-0.19391038859903073,0.35740041732788086,-0.18671360611915588,-0.003605097532272339,0.007196784019470215,0.008049250178749445
1961,9805,9819,0.7176786065101624,-0.15580642223358154,-43.373558044433594,0.8777588605880737,-0.5495769381523132,-74.82215118408203,0.5859760046005249,0.6348844170570374,-31.448593139648438,0.38678374363511037,-0.17629305888821037,0.397560715675354,-0.20127081871032715,0.01077696681022644,-0.024977758526802063,0.027203518791729046
1962,9810,9824,0.8031668066978455,-0.2868645489215851,-57.97810363769531,0.9062846302986145,-0.7136991620063782,-80.75615692138672,0.7368021607398987,0.780055582523346,-22.778053283691406,0.41656735078800966,-0.13889821715509398,0.46018388867378235,-0.21688824892044067,0.043616533279418945,-0.07799002528190613,0.08935796561463906
1963,9815,9829,0.8475365042686462,-0.4381699860095978,-74.83969116210938,0.9128918051719666,-0.8783907294273376,-88.24250030517578,0.7481982111930847,0.7778096795082092,-13.402809143066406,0.4419918917425701,-0.052045998167537785,0.44176360964775085,-0.13719859719276428,-0.0002282857894897461,-0.08515259623527527,0.08515290224067233
1964,9820,9834,0.8835018277168274,-0.5737127065658569,-75.59893035888672,0.9517057538032532,-1.0448280572891235,-75.71715545654297,0.647769033908844,0.808906614780426,-0.11822509765625,0.47327506827794386,-0.05110928455003695,0.4594142735004425,-0.04205801337957382,-0.0138607919216156,0.00905127078294754,0.01655436665899859
1965,9825,9839,0.9085545539855957,-0.7370373010635376,-81.64701080322266,1.0422967672348022,-1.1598107814788818,-49.5476188659668,0.652269184589386,0.6688887476921082,32.09939193725586,0.43771754379006317,0.07090660904100432,0.4288192093372345,0.00628083199262619,-0.008898347616195679,-0.06462577730417252,0.06523550936772975
1966,9830,9844,0.9154213070869446,-0.902300238609314,-88.32283782958984,1.1704262495040894,-1.271213412284851,-42.448204040527344,0.6514540910720825,0.664602518081665,45.8746337890625,0.37621857254322993,0.24409841466519758,0.4275340139865875,0.13086996972560883,0.05131542682647705,-0.113228440284729,0.12431392810017694
1967,9835,9849,0.9633902907371521,-1.0672675371170044,-72.2715835571289,1.2626280784606934,-1.4245541095733643,-60.716346740722656,0.8212522268295288,0.7067797183990479,11.55523681640625,0.43143879277865155,0.17623142893647725,0.4252183139324188,0.06906569749116898,-0.006220489740371704,-0.10716573148965836,0.10734611543192246
1968,9840,9854,1.081262230873108,-1.1896578073501587,-44.27340316772461,1.3152996301651,-1.5996910333633423,-74.55534362792969,0.7958968281745911,0.8668264150619507,-30.281940460205078,0.45381194231121746,-0.130213177973115,0.384655624628067,-0.04735841602087021,-0.06915631890296936,0.0828547552227974,0.10792361607747801
1969,9845,9859,1.199771761894226,-1.312470555305481,-47.30523681640625,1.3210865259170532,-1.7869893312454224,-89.04911804199219,0.801420271396637,0.8845886588096619,-41.74388122558594,0.4310228161744808,-0.2326041113705308,0.3929128646850586,-0.12783104181289673,-0.03810995817184448,0.10477307438850403,0.11148886055870665
1970,9850,9864,1.2733283042907715,-1.4477776288986206,-62.992523193359375,1.2829818725585938,-1.9466313123703003,-104.77803802490234,0.7022740244865417,0.7458493113517761,-41.78551483154297,0.4488360796776584,-0.2179320134196788,0.47531482577323914,-0.23207324743270874,0.026478737592697144,-0.014141231775283813,0.03001829409918574
1971,9855,9869,1.3184174299240112,-1.626177191734314,-78.05008697509766,1.1953227519989014,-2.1105544567108154,-120.0144271850586,0.7252023816108704,0.7337443828582764,-41.96434020996094,0.44839275835941494,-0.22072056725742112,0.46977999806404114,-0.23134100437164307,0.0213872492313385,-0.01062043011188507,0.023879027732402015
1972,9860,9874,1.3175723552703857,-1.8155081272125244,-92.55680084228516,1.0920259952545166,-2.2697653770446777,-122.08477020263672,0.740488588809967,0.755425214767456,-29.527969360351562,0.4638666057052573,-0.20505750816042495,0.4452625811100006,-0.13127991557121277,-0.018604010343551636,0.07377758622169495,0.07608706479791824
1973,9865,9879,1.2620558738708496,-1.9950364828109741,-109.03483581542969,1.0662877559661865,-2.4669551849365234,-94.48194122314453,0.8775158524513245,0.9351469278335571,14.552894592285156,0.5099627977152118,-0.031150639644651923,0.4747878611087799,-0.09764409810304642,-0.035174936056137085,-0.066493459045887,0.07522404018955897
1974,9870,9884,1.1649826765060425,-2.1533937454223633,-121.82078552246094,1.1172969341278076,-2.6605191230773926,-74.32228088378906,0.8788810968399048,0.9394581913948059,47.498504638671875,0.45604815814329125,0.22687035095408806,0.49456098675727844,0.13568022847175598,0.03851282596588135,-0.09119012951850891,0.09898927964926654
1975,9875,9889,1.079574465751648,-2.2974483966827393,-119.43757629394531,1.1612522602081299,-2.8303771018981934,-77.45640563964844,0.7640918493270874,0.8009462356567383,41.981170654296875,0.4239805770404991,0.33305365520033126,0.4393840730190277,0.13080886006355286,0.015403509140014648,-0.20224478840827942,0.20283052662786297
1976,9880,9894,1.0711394548416138,-2.496063232421875,-87.88532257080078,1.1508747339248657,-3.040963888168335,-95.0061264038086,0.7980526089668274,0.8443148732185364,-7.1208038330078125,0.5474717724971226,0.05957430387562167,0.49759963154792786,0.019328907132148743,-0.049872130155563354,-0.04024539515376091,0.06408526505629679
1977,9885,9899,1.1296247243881226,-2.6882264614105225,-71.20150756835938,1.0867822170257568,-3.225027561187744,-111.68579864501953,0.7831373810768127,0.7641748785972595,-40.484291076660156,0.49436131226047264,-0.2135363999397585,0.5090778470039368,-0.04004441201686859,0.014716535806655884,0.17349198460578918,0.17411503424059616
1978,9890,9904,1.1642705202102661,-2.88803768157959,-81.66588592529297,0.9801492691040039,-3.3782448768615723,-123.05386352539062,0.9573261737823486,0.884373664855957,-41.387977600097656,0.45834292468359406,-0.2532301182870082,0.4223022162914276,-0.22200894355773926,-0.036040693521499634,0.0312211811542511,0.04768326480199557
1979,9895,9909,1.1381231546401978,-3.0959203243255615,-98.16519165039062,0.8127012848854065,-3.493898630142212,-127.70528411865234,0.9888298511505127,0.8049448728561401,-29.54009246826172,0.4401627662125878,-0.2655990671208736,0.43558916449546814,-0.229285329580307,-0.004573613405227661,0.0363137423992157,0.03660062604132713
1980,9900,9914,1.0731056928634644,-3.251952886581421,-114.50634002685547,0.631117045879364,-3.5416834354400635,-170.7666015625,0.7690435647964478,0.8049318790435791,-56.26026153564453,0.44696449026059626,-0.2819937932842695,0.3984093964099884,-0.2491142749786377,-0.04855510592460632,0.032879531383514404,0.05864010483746809
1981,9905,9919,0.9612183570861816,-3.396690607070923,-127.70528411865234,0.45673713088035583,-3.491654396057129,-172.89376831054688,0.8049448728561401,0.8283150792121887,-45.18848419189453,0.38367293246692963,-0.34104908684169455,0.39038175344467163,-0.28949302434921265,0.0067088305950164795,0.0515560507774353,0.051990718207369634
1982,9910,9924,0.7755720019340515,-3.518200397491455,-141.26217651367188,0.29008033871650696,-3.431203842163086,165.08636474609375,0.8446769714355469,0.8176866769790649,-53.651458740234375,0.32425322122010786,-0.3716589891568929,0.40995702147483826,-0.1576734185218811,0.0857037901878357,0.21398556232452393,0.23051021785574555
1983,9915,9929,0.609237551689148,-3.5400052070617676,-172.89376831054688,0.14563368260860443,-3.2826361656188965,132.8750457763672,0.8283150792121887,0.9527633786201477,-54.231201171875,0.42820370481703207,-0.3127442154287883,0.38507261872291565,-0.267654150724411,-0.043131083250045776,0.04509007930755615,0.062397160145988076
1984,9920,9934,0.418612003326416,-3.479566812515259,-172.89376831054688,0.049503929913043976,-3.0975074768066406,118.94618225097656,0.8283150792121887,0.8797621726989746,-68.1600341796875,0.3190084396777595,-0.42478668384913165,0.4112047851085663,-0.3269907534122467,0.09219634532928467,0.09779593348503113,0.1344031647629078
1985,9925,9939,0.2634994685649872,-3.40958571434021,160.23487854003906,0.005550310015678406,-2.869450569152832,99.61414337158203,0.7812618017196655,1.0488357543945312,-60.62073516845703,0.42540741791112713,-0.42108464699696446,0.4137463867664337,-0.3233419358730316,-0.011661022901535034,0.0977427065372467,0.09843584782149466
1986,9930,9944,0.127147376537323,-3.25359845161438,127.686767578125,0.012655760161578655,-2.6788437366485596,87.32223510742188,0.8213766813278198,0.863575279712677,-40.364532470703125,0.5248344154413662,-0.2607683830602613,0.4264107048511505,-0.28767478466033936,-0.09842368960380554,-0.02690640091896057,0.10203517572699182
1987,9935,9949,0.037399109452962875,-3.057469606399536,115.6729736328125,0.008366240188479424,-2.4528188705444336,93.37495422363281,0.9160409569740295,0.8726679086685181,-22.298019409179688,0.557538534741587,-0.23578846906931175,0.48691216111183167,-0.2164684236049652,-0.07062634825706482,0.019320040941238403,0.07322120628683558
1988,9940,9954,0.005320259835571051,-2.835685968399048,96.97132873535156,-0.09153608232736588,-2.2711341381073,122.70199584960938,1.0439587831497192,0.8068271279335022,25.730667114257812,0.5721338160126328,0.027619131180323955,0.5166192650794983,0.06912592053413391,-0.05551457405090332,0.04150678962469101,0.06931581000754146
1989,9945,9959,0.01770694926381111,-2.611210584640503,86.26464080810547,-0.226377472281456,-2.114126682281494,130.68170166015625,1.0636274814605713,0.9810870885848999,44.41706085205078,0.4801262521025933,0.27594997925148423,0.4704003632068634,0.21902260184288025,-0.009725898504257202,-0.056927382946014404,0.057752229660830275
1990,9950,9964,-0.012280790135264397,-2.3945775032043457,99.04373931884766,-0.309770792722702,-1.928619146347046,113.02960205078125,1.0413471460342407,0.974814772605896,13.985862731933594,0.5069278387626153,0.22054853693428947,0.44693395495414734,0.11950840055942535,-0.059993892908096313,-0.10104013979434967,0.11750905086813464
1991,9955,9969,-0.1100996881723404,-2.249399423599243,125.71273040771484,-0.33461734652519226,-1.758928894996643,97.24932861328125,0.8063400387763977,0.7788026928901672,-28.463401794433594,0.5292952485299901,-0.10400027992047856,0.4091789424419403,-0.15323743224143982,-0.12011632323265076,-0.04923715442419052,0.1298161333684
1992,9960,9974,-0.2404336929321289,-2.0917327404022217,130.00003051757812,-0.31613555550575256,-1.5522546768188477,82.97840881347656,0.8110194206237793,0.8092900514602661,-47.02162170410156,0.4619242382721779,-0.2887790698465714,0.4133532643318176,-0.22857174277305603,-0.04857096076011658,0.06020733714103699,0.0773567170630662
1993,9965,9979,-0.3167491555213928,-1.8993974924087524,108.91706085205078,-0.26168739795684814,-1.3560634851455688,73.84053039550781,0.8230466246604919,0.7994493842124939,-35.07653045654297,0.4961369474183904,-0.2282362153584029,0.3803498446941376,-0.20491987466812134,-0.1157870888710022,0.023316338658332825,0.11811139486794416
1994,9970,9984,-0.334122896194458,-1.698294758796692,94.59074401855469,-0.22007067501544952,-1.1632764339447021,79.32955169677734,0.9743319153785706,0.9270794987678528,-15.261192321777344,0.52417339064636,-0.15650806248111687,0.41471201181411743,-0.060303233563899994,-0.10946136713027954,0.09620482474565506,0.14572974712930797
1995,9975,9989,-0.3021412491798401,-1.4956750869750977,80.63034057617188,-0.2818901240825653,-0.9997902512550354,113.09203338623047,0.9659561514854431,0.8225407004356384,32.461692810058594,0.49256594801951964,0.060750845397002234,0.41800153255462646,0.0853414386510849,-0.07456442713737488,0.024590592831373215,0.07851465500225592
1996,9980,9994,-0.251281201839447,-1.3289216756820679,72.27970123291016,-0.36417901515960693,-0.8840006589889526,126.37276458740234,0.7931389212608337,0.6451773643493652,54.09306335449219,0.3894483948052553,0.24296208578977715,0.40817150473594666,0.2127963900566101,0.018723100423812866,-0.03016570210456848,0.03550385997242763
1997,9985,9999,-0.2232341170310974,-1.1373603343963623,84.90815734863281,-0.41132652759552,-0.7283164858818054,104.29020690917969,0.7611639499664307,0.6245227456092834,19.382049560546875,0.3907359742226582,0.2236538024890372,0.3499873876571655,0.14148446917533875,-0.04074859619140625,-0.08216933906078339,0.09171830991277734
1998,9990,10004,-0.29461291432380676,-0.9784517884254456,117.6324234008789,-0.40815213322639465,-0.5610539317131042,86.82649230957031,0.6991861462593079,0.661030113697052,-30.805931091308594,0.42244918450399555,-0.09299898670939977,0.3823670744895935,-0.049007780849933624,-0.04008209705352783,0.04399120807647705,0.059513031280857505
1999,9995,10009,-0.38329869508743286,-0.838352620601654,122.31395721435547,-0.3576402962207794,-0.40635737776756287,70.9334487915039,0.7815132141113281,0.7824612259864807,-51.38050842285156,0.3513769396540063,-0.25261134088371906,0.39366766810417175,-0.1958368718624115,0.042290717363357544,0.05677446722984314,0.07079438469497368
2000,10000,10014,-0.41480568051338196,-0.6810569167137146,99.96131896972656,-0.26795777678489685,-0.27523523569107056,54.58091735839844,0.7548561692237854,0.7587485313415527,-45.380401611328125,0.3743015894311277,-0.2148345032038071,0.3570907711982727,-0.15715134143829346,-0.017210811376571655,0.057683154940605164,0.060195999801828944
2001,10005,10019,-0.40411368012428284,-0.5408183336257935,83.89318084716797,-0.19437280297279358,-0.14084914326667786,62.426300048828125,0.6422375440597534,0.7195045948028564,-21.466880798339844,0.4200122218473448,-0.1660009707310754,0.34236690402030945,-0.15814778208732605,-0.07764533162117004,0.007853195071220398,0.07804146459022991
2002,10010,10024,-0.347909539937973,-0.3876589834690094,67.4009780883789,-0.13545596599578857,-0.026695920154452324,61.053070068359375,0.6369512677192688,0.5878369212150574,-6.347908020019531,0.41488873451934366,-0.05742997074715689,0.36879098415374756,-0.11013420671224594,-0.046097755432128906,-0.05270423740148544,0.07001956652216941
2003,10015,10029,-0.25492751598358154,-0.2568092346191406,53.4239387512207,-0.025576159358024597,0.0761975422501564,40.894657135009766,0.6250876188278198,0.5882173180580139,-12.529281616210938,0.40409462717465505,0.014250808863011444,0.3305470943450928,-0.07312696427106857,-0.07354754209518433,-0.08737777173519135,0.11421083986054088
2004,10020,10034,-0.18718554079532623,-0.12022273987531662,64.47753143310547,0.11446332186460495,0.14457711577415466,23.441200256347656,0.7132161855697632,0.6188610792160034,-41.03633117675781,0.3689296743880606,-0.1581198744713565,0.3019818961620331,-0.11316285282373428,-0.06694778800010681,0.04495701938867569,0.08064204802967871
2005,10025,10039,-0.10642016679048538,0.006181470118463039,55.317378997802734,0.27150464057922363,0.17447398602962494,9.78206729888916,0.700009822845459,0.7868911027908325,-45.53531265258789,0.35344034361962406,-0.2150103509181563,0.3209281265735626,-0.13649636507034302,-0.03251221776008606,0.0785139799118042,0.08497934658062775
2006,10030,10044,0.011229559779167175,0.09981571137905121,37.170860290527344,0.4325336217880249,0.15803974866867065,-7.218658924102783,0.7080610394477844,0.7654563188552856,-44.38951873779297,0.37088939137937477,-0.20815426488511862,0.3386479914188385,-0.20092999935150146,-0.03224140405654907,0.00722426176071167,0.03304085491516434
2007,10035,10049,0.13051362335681915,0.15016604959964752,21.976924896240234,0.5564829707145691,0.10754066705703735,-23.218486785888672,0.5917093753814697,0.6243461966514587,-45.195411682128906,0.37906431696510684,-0.1989398512715447,0.4329538643360138,-0.16384261846542358,0.05388954281806946,0.03509722650051117,0.06431094878143787
2008,10040,10054,0.2944628596305847,0.17552782595157623,6.401645660400391,0.6842178106307983,0.007435239851474762,-40.40749740600586,0.6473503112792969,0.6447566151618958,-46.80914306640625,0.3685828204811799,-0.21050116691449144,0.3504389822483063,-0.1891343593597412,-0.018143832683563232,0.021366804838180542,0.028031036610193936
2009,10045,10059,0.45215946435928345,0.1522936373949051,-10.6868257522583,0.7847020626068115,-0.12930643558502197,-57.446388244628906,0.6511982083320618,0.6510677337646484,-46.75956344604492,0.3789949050725512,-0.2150489113858266,0.3697417974472046,-0.1712518036365509,-0.009253114461898804,0.04379710555076599,0.044763898197877475
2010,10050,10064,0.5949537754058838,0.08342502266168594,-26.94369125366211,0.8322855234146118,-0.2859400808811188,-74.4245834350586,0.7383846640586853,0.774649441242218,-47.480892181396484,0.37893465038681984,-0.22173286531390637,0.3672725558280945,-0.2145313024520874,-0.011662095785140991,0.00720156729221344,0.01370646013987863
2011,10055,10069,0.7210053205490112,-0.029528720304369926,-43.35127639770508,0.8516330718994141,-0.45484524965286255,-83.08740997314453,0.7852914333343506,0.8121950626373291,-39.73613357543945,0.38695389418921755,-0.21960067036032155,0.39683738350868225,-0.2111186385154724,0.009883493185043335,0.008482038974761963,0.013024147676841622
2012,10060,10074,0.7944676280021667,-0.1502668559551239,-60.16782760620117,0.8858785629272461,-0.6062902808189392,-75.64742279052734,0.6407576203346252,0.7178690433502197,-15.479595184326172,0.44106744306842344,-0.1475562052693276,0.4597947299480438,-0.07804117351770401,0.018727272748947144,0.06951502710580826,0.07199340065682906
2013,10065,10079,0.8338600397109985,-0.3082468509674072,-79.57390594482422,0.9647582173347473,-0.7830895185470581,-64.5497817993164,0.6355085372924805,0.7793576717376709,15.024124145507812,0.49069087402220074,0.04280605109918517,0.46477869153022766,0.08853848278522491,-0.025912195444107056,0.04573243111371994,0.05256326786173727
2014,10070,10084,0.8535237908363342,-0.4798423945903778,-84.12396240234375,1.0873289108276367,-0.9330422878265381,-47.49509811401367,0.6817548274993896,0.7496938109397888,36.62886428833008,0.474754808876087,0.1861796143847239,0.46507176756858826,0.10559554398059845,-0.009683042764663696,-0.08058406412601471,0.08116374010756254
2015,10075,10089,0.9038653373718262,-0.6551389694213867,-73.10346984863281,1.2224549055099487,-1.0853533744812012,-49.81035232543945,0.8702059388160706,0.9517704844474792,23.29311752319336,0.5042387854955965,0.1797970924384799,0.42164042592048645,0.14035703241825104,-0.08259835839271545,-0.03944006562232971,0.09153145680838441
2016,10080,10094,0.9952319860458374,-0.8325533866882324,-62.80656433105469,1.2974859476089478,-1.2699626684188843,-69.18212127685547,0.9369192719459534,0.9425563216209412,-6.375556945800781,0.5271907400595757,0.06895114661958751,0.4076298177242279,0.04174700379371643,-0.11956092715263367,-0.02720414102077484,0.12261680386584695
2017,10085,10099,1.1107828617095947,-0.9531589150428772,-45.24495315551758,1.3190209865570068,-1.473866581916809,-85.25718688964844,0.7847943305969238,0.964796245098114,-40.01223373413086,0.5163824102478654,-0.2187436796066694,0.4015863239765167,-0.13448795676231384,-0.11479607224464417,0.08425572514533997,0.14239791228302695
2018,10090,10104,1.2365798950195312,-1.1097769737243652,-55.20682144165039,1.2883557081222534,-1.6440632343292236,-101.99197387695312,0.7954369783401489,0.7897706627845764,-46.785152435302734,0.4683091375413495,-0.2623529965311014,0.4323174059391022,-0.23163890838623047,-0.03599172830581665,0.030714094638824463,0.04731553778540818
2019,10095,10109,1.3045169115066528,-1.299049735069275,-72.8613052368164,1.2007309198379517,-1.8260114192962646,-117.31771850585938,0.7758328914642334,0.7913326621055603,-44.45641326904297,0.47297728451699206,-0.2544653945842808,0.4510939419269562,-0.2362431287765503,-0.021883338689804077,0.018222272396087646,0.02847686295029517
2020,10100,10114,1.3181910514831543,-1.5036022663116455,-86.95924377441406,1.102644920349121,-2.0052297115325928,-117.46770477294922,0.9664765000343323,0.8051633834838867,-30.508460998535156,0.48948725644942326,-0.24185213296425748,0.4555010497570038,-0.13985887169837952,-0.03398621082305908,0.10199326276779175,0.10750668898319413
2021,10105,10119,1.2667603492736816,-1.698178768157959,-105.99497985839844,1.1054086685180664,-2.213867425918579,-86.99239349365234,0.9516574740409851,1.0034347772598267,19.002586364746094,0.5401851669361265,-0.013005462229429415,0.5245369672775269,0.04743967950344086,-0.015648186206817627,0.060445141047239304,0.06243781552700167
2022,10110,10124,1.1701686382293701,-1.875339150428772,-118.78463745117188,1.171504259109497,-2.426642417907715,-72.34654998779297,0.9601724147796631,1.0591830015182495,46.438087463378906,0.48253880473366073,0.26663341602714447,0.5105767846107483,0.17691254615783691,0.028037965297698975,-0.08972087502479553,0.09399980272984593
2023,10115,10129,1.0958361625671387,-2.0316760540008545,-113.87715148925781,1.2086728811264038,-2.6114299297332764,-80.9724349975586,0.8000937104225159,0.8636636137962341,32.90471649169922,0.4844621939363579,0.33785065358580857,0.4390917718410492,0.1033230870962143,-0.0453704297542572,-0.2345275729894638,0.23887582210934252
2024,10120,10134,1.1131030321121216,-2.2431325912475586,-80.27982330322266,1.1883065700531006,-2.829753875732422,-97.30355834960938,0.8432149887084961,0.8593501448631287,-17.02373504638672,0.5908968939706498,-0.024919153784785736,0.4970174729824066,-0.10932397097349167,-0.09387943148612976,-0.08440481871366501,0.1262438952117907
2025,10125,10139,1.1840333938598633,-2.456345319747925,-69.32955169677734,1.109359860420227,-3.027491807937622,-113.76409912109375,0.9069188833236694,0.8334980607032776,-44.434547424316406,0.5080204459118831,-0.27147683898129504,0.43428835272789,-0.18894487619400024,-0.07373210787773132,0.08253195881843567,0.11067044753908503
2026,10130,10144,1.2081694602966309,-2.674776077270508,-85.19908905029297,0.9779989123344421,-3.179272174835205,-132.12818908691406,1.032999038696289,0.940288245677948,-46.929100036621094,0.48346226578396717,-0.27158613950320715,0.45211532711982727,-0.21625563502311707,-0.03134694695472717,0.055330514907836914,0.06359321475872125
2027,10135,10149,1.1704282760620117,-2.888795852661133,-101.18807220458984,0.7991117238998413,-3.2794735431671143,-152.93125915527344,1.0210893154144287,0.9766952991485596,-51.743186950683594,0.45529968335080145,-0.2884566485788621,0.4035998284816742,-0.26165932416915894,-0.05169984698295593,0.026797324419021606,0.058232042503069986
2028,10140,10154,1.092678427696228,-3.0524792671203613,-116.15777587890625,0.6291272044181824,-3.2990407943725586,-174.77398681640625,0.8278053998947144,0.7905997633934021,-58.6162109375,0.4256635635825905,-0.3073806336802605,0.40833818912506104,-0.27364328503608704,-0.017325371503829956,0.033737361431121826,0.03792595488685643
2029,10145,10159,0.9572407007217407,-3.1986637115478516,-134.45619201660156,0.42331254482269287,-3.2425942420959473,174.3845977783203,0.7724155783653259,0.8329846262931824,-51.159210205078125,0.405300909950642,-0.3503431740011166,0.44772031903266907,-0.2966981828212738,0.04241940379142761,0.05364498496055603,0.06838998632430383
2030,10150,10164,0.7722750902175903,-3.285947799682617,-157.3400115966797,0.26575472950935364,-3.141904592514038,144.42361450195312,0.7947865724563599,0.8144806027412415,-58.23638916015625,0.41192641015663833,-0.3280670421573073,0.4273538291454315,-0.25775280594825745,0.01542741060256958,0.07031422853469849,0.07198677470431693
2031,10155,10169,0.5697481036186218,-3.292806625366211,-179.86557006835938,0.13003849983215332,-2.9702463150024414,126.30717468261719,0.9579665660858154,1.0219366550445557,-53.8272705078125,0.43895158872062107,-0.3235910880164458,0.39731505513191223,-0.26685282588005066,-0.041636526584625244,0.05673825740814209,0.07037634687695003
2032,10160,10174,0.3862002193927765,-3.228060007095337,165.55081176757812,0.052746210247278214,-2.76878023147583,109.41697692871094,0.8966391086578369,1.0078414678573608,-56.13383483886719,0.4375067268453082,-0.36154855131481506,0.40084514021873474,-0.29317793250083923,-0.03666159510612488,0.06837061047554016,0.07757971985334493
2033,10165,10179,0.24005722999572754,-3.1199793815612793,142.9532012939453,0.02267158031463623,-2.5411458015441895,97.0457992553711,0.8803007006645203,1.0795544385910034,-45.90740203857422,0.5222331958703944,-0.33102465644369317,0.47893187403678894,-0.28580209612846375,-0.04330131411552429,0.04522255063056946,0.06261056531980622
2034,10170,10184,0.1136639267206192,-2.9416019916534424,122.71612548828125,0.013105619698762894,-2.347344398498535,92.35575103759766,0.8706404566764832,0.8768259882926941,-30.360374450683594,0.5543332649551755,-0.23657703237363953,0.502856433391571,-0.28577953577041626,-0.05147683620452881,-0.04920250177383423,0.07120920478724677
2035,10175,10189,0.04674813151359558,-2.7359461784362793,105.7848129272461,-0.06192265823483467,-2.150444746017456,115.79155731201172,0.8407900929450989,0.8251602649688721,10.006744384765625,0.5929834413826715,-0.05469831208862626,0.48786935210227966,-0.06338182836771011,-0.10511407256126404,-0.008683517575263977,0.10547213721118294
2036,10180,10194,0.0196585301309824,-2.5066325664520264,96.24009704589844,-0.19946745038032532,-2.0010499954223633,133.25733947753906,1.0675910711288452,0.9564281702041626,37.017242431640625,0.5264049775001097,0.1628733666872485,0.4254641830921173,0.1600414514541626,-0.10094079375267029,-0.0028319209814071655,0.1009805110893387
2037,10185,10199,0.0033547698985785246,-2.2855284214019775,94.90666198730469,-0.3243764340877533,-1.8490221500396729,127.30360412597656,1.0317119359970093,0.9237749576568604,32.396942138671875,0.462938389104431,0.2891945834816909,0.41961726546287537,0.2134057879447937,-0.04332113265991211,-0.07578879594802856,0.08729640385599864
2038,10190,10204,-0.08030062168836594,-2.1276955604553223,120.66729736328125,-0.3900950849056244,-1.6575331687927246,107.63975524902344,0.8141477108001709,0.9497020840644836,-13.027542114257812,0.5624184405799664,0.026660402346266654,0.4500106871128082,0.11858407407999039,-0.11240777373313904,0.09192366898059845,0.14520836241241486
2039,10195,10209,-0.2225867658853531,-1.982622742652893,134.9422149658203,-0.404462605714798,-1.4868929386138916,93.68954467773438,0.8029207587242126,0.7736167907714844,-41.25267028808594,0.4793631253681905,-0.22144492264094293,0.45384708046913147,-0.144456148147583,-0.025516033172607422,0.07698877155780792,0.08110695959562247
2040,10200,10214,-0.3377697467803955,-1.822087287902832,121.74071502685547,-0.3670620918273926,-1.2892189025878906,76.32955169677734,0.7910909056663513,0.7961596846580505,-45.411163330078125,0.4685812544016772,-0.2554180212315801,0.4256921112537384,-0.23761901259422302,-0.042889147996902466,0.017799019813537598,0.046435806466808636
2041,10205,10219,-0.39541125297546387,-1.6272590160369873,105.03548431396484,-0.29628822207450867,-1.104496955871582,67.06365203857422,0.9655478000640869,0.7679134607315063,-37.971832275390625,0.4791512636623583,-0.23134306415826625,0.4681757986545563,-0.22037860751152039,-0.010975450277328491,0.010964453220367432,0.015513856490625914
2042,10210,10224,-0.40127336978912354,-1.4298744201660156,90.58284759521484,-0.2778337895870209,-0.9219567775726318,86.56521606445312,0.935918927192688,0.8637097477912903,-4.017631530761719,0.5066356816585715,-0.12859995213236383,0.4355558454990387,-0.04968937486410141,-0.07107982039451599,0.07891058176755905,0.10620367593549328
2043,10215,10229,-0.3506995439529419,-1.233078956604004,74.606201171875,-0.3313296437263489,-0.7595981955528259,109.16108703613281,0.9494101405143738,0.7861955761909485,34.55488586425781,0.46163600585446524,0.10701131818236331,0.4188881814479828,0.11272040754556656,-0.042747825384140015,0.0057090893387794495,0.04312737270169713
2044,10220,10234,-0.2872423231601715,-1.078712821006775,67.50433349609375,-0.40159329771995544,-0.6292243003845215,117.02682495117188,0.7609833478927612,0.6700869202613831,49.522491455078125,0.37153402014822146,0.27763023507257856,0.3768787384033203,0.16199880838394165,0.00534471869468689,-0.11563143134117126,0.11575488729178281
2045,10225,10239,-0.28441160917282104,-0.8946236371994019,93.97618865966797,-0.4177069067955017,-0.4696829617023468,92.68815612792969,0.7261065244674683,0.6345149874687195,-1.2880325317382812,0.4331607720921365,0.1035082585147515,0.37299105525016785,0.020597558468580246,-0.060169726610183716,-0.0829107016324997,0.10244305952839186
2046,10230,10244,-0.34623101353645325,-0.7377532720565796,114.85957336425781,-0.3814755380153656,-0.31615447998046875,73.51348114013672,0.651366114616394,0.6371817588806152,-41.346092224121094,0.3973504586297914,-0.14525952985079782,0.3939211070537567,-0.10592664033174515,-0.0034293532371520996,0.03933288902044296,0.03948210508977008
2047,10235,10249,-0.41229623556137085,-0.5849223732948303,111.52618408203125,-0.3010460436344147,-0.17768165469169617,58.32724380493164,0.7675850987434387,0.7522470355033875,-53.19894027709961,0.3380150394064503,-0.25291785470234707,0.3842824399471283,-0.1557317078113556,0.04626739025115967,0.0971861481666565,0.10763744142316099
2048,10240,10254,-0.4143529236316681,-0.4272426664829254,89.62109375,-0.18418732285499573,-0.06968995183706284,42.14832305908203,0.735978364944458,0.744705855846405,-47.47277069091797,0.3590669998577689,-0.22779603116977823,0.3369177579879761,-0.16602963209152222,-0.022149235010147095,0.061766400933265686,0.06561765689038013
2049,10245,10259,-0.3728606104850769,-0.2940831184387207,71.53401947021484,-0.059663839638233185,-0.003555550007149577,26.884037017822266,0.6291024684906006,0.6536142230033875,-44.64998245239258,0.3747712928163122,-0.20504871620518966,0.3389580249786377,-0.11104490607976913,-0.03581327199935913,0.09400380402803421,0.10059475942135923
2050,10250,10264,-0.28457504510879517,-0.16055113077163696,53.48478698730469,0.0928293764591217,0.05091596022248268,19.142484664916992,0.6365194320678711,0.6339123845100403,-34.34230041503906,0.3945251589319981,-0.17748894440685103,0.3323218524456024,-0.20776745676994324,-0.06220331788063049,-0.030278518795967102,0.06918122184405605
2051,10255,10269,-0.165659099817276,-0.057292889803647995,38.086212158203125,0.2542678713798523,0.06915578246116638,4.126445293426514,0.6256786584854126,0.6377220153808594,-33.95976638793945,0.4085170053333916,-0.15950481231574803,0.33455130457878113,-0.18923938274383545,-0.07396569848060608,-0.029734566807746887,0.07971868673634994
2052,10260,10274,-0.016054419800639153,0.01312112994492054,24.033048629760742,0.4105670750141144,0.0421370305120945,-10.450677871704102,0.7686774134635925,0.7459864616394043,-34.483726501464844,0.4014550941367881,-0.14724683801226582,0.32253727316856384,-0.1588255763053894,-0.07891783118247986,-0.011578738689422607,0.0797627185355685
2053,10265,10279,0.13861899077892303,0.06081230938434601,16.86109733581543,0.5719847679138184,-0.03751761093735695,-27.181123733520508,0.7571538090705872,0.8338649868965149,-44.04222106933594,0.38621485552849244,-0.21980159631674334,0.35312482714653015,-0.17122671008110046,-0.033090025186538696,0.04857487976551056,0.05877472850706818
2054,10270,10284,0.2771831452846527,0.0667395368218422,0.7599455714225769,0.6926335096359253,-0.15686509013175964,-45.34075927734375,0.6362030506134033,0.8156744837760925,-46.100704193115234,0.4124481168736951,-0.22909513742120052,0.3553205728530884,-0.2014860212802887,-0.057127535343170166,0.02760910987854004,0.06344933603017808
2055,10275,10289,0.4371159076690674,0.031739410012960434,-14.035029411315918,0.7596421241760254,-0.28415483236312866,-62.664833068847656,0.6855524182319641,0.6728772521018982,-48.62980270385742,0.389507162173422,-0.2282465896127685,0.3504641056060791,-0.18999183177947998,-0.03904306888580322,0.0382547527551651,0.05466065620151653
2056,10280,10294,0.5883919596672058,-0.05137617886066437,-30.799488067626953,0.8282533288002014,-0.44973787665367126,-66.71697235107422,0.6943894028663635,0.70998615026474,-35.917484283447266,0.4100075943166658,-0.219361070843117,0.411869615316391,-0.10268237441778183,0.0018620193004608154,0.11667869240045547,0.11669354899117343
2057,10285,10299,0.703463613986969,-0.17547468841075897,-48.567420959472656,0.9184185266494751,-0.6130759119987488,-58.578895568847656,0.8001224994659424,0.7441787123680115,-10.011474609375,0.4703288009033577,-0.12841826724702618,0.47133371233940125,0.058463141322135925,0.0010049045085906982,0.1868814080953598,0.1868841098776881
2058,10290,10304,0.7772281169891357,-0.3311620056629181,-66.2437744140625,1.0546259880065918,-0.7513495683670044,-44.53091049194336,0.8094815611839294,0.9295161366462708,21.71286392211914,0.4963327715935239,0.08462237611003665,0.42417362332344055,0.16115975379943848,-0.07215914130210876,0.07653737813234329,0.1051898850880207
2059,10295,10309,0.8478806614875793,-0.49761199951171875,-66.04103088378906,1.1680494546890259,-0.9110880494117737,-56.451175689697266,0.8528766632080078,0.9270889759063721,9.589855194091797,0.5078643937109455,0.12467661200737323,0.4702373445034027,0.16870173811912537,-0.037627071142196655,0.04402512311935425,0.05791379756512457
2060,10300,10314,0.9341484904289246,-0.6328288316726685,-55.88555145263672,1.2221609354019165,-1.0657157897949219,-72.26974487304688,0.7303492426872253,0.7573410868644714,-16.384193420410156,0.5199264508919293,-0.004332739846852396,0.4495185315608978,0.06494084000587463,-0.07040789723396301,0.06927357614040375,0.09877297375389997
2061,10305,10319,1.0748943090438843,-0.7706062197685242,-42.92080307006836,1.2356255054473877,-1.263178825378418,-88.62174224853516,0.770703911781311,0.7800650000572205,-45.7009391784668,0.45313820397091237,-0.25125297490106935,0.3839106857776642,-0.13492435216903687,-0.06922751665115356,0.11632862687110901,0.13536911941577906
2062,10310,10324,1.1802268028259277,-0.9345579743385315,-60.06288146972656,1.1950143575668335,-1.4574198722839355,-103.46453094482422,0.7636517286300659,0.7934886813163757,-43.401649475097656,0.460478049084396,-0.24811933098755923,0.3908707797527313,-0.18683043122291565,-0.06960725784301758,0.06128889322280884,0.09274426546639525
2063,10315,10329,1.232214093208313,-1.1213898658752441,-75.73981475830078,1.1337499618530273,-1.6430608034133911,-108.84713745117188,0.91213059425354,0.9263461828231812,-33.107322692871094,0.4813425274539677,-0.2239310686343155,0.43231067061424255,-0.18818891048431396,-0.049031853675842285,0.03574216365814209,0.06067639522791892
2064,10320,10334,1.2286068201065063,-1.3171145915985107,-92.46453857421875,1.0591286420822144,-1.8321747779846191,-110.81868743896484,0.9307564496994019,0.9467995166778564,-18.354148864746094,0.521871509183731,-0.14717328673649044,0.4309053122997284,-0.17632222175598145,-0.09096619486808777,-0.02914893627166748,0.09552229632158478
2065,10325,10339,1.1881592273712158,-1.483664631843567,-104.25040435791016,1.0732938051223755,-2.016902208328247,-83.39869689941406,0.7838588953018188,0.8554167747497559,20.851707458496094,0.5451047026413873,0.019930914728236215,0.5021411180496216,0.04138045012950897,-0.04296356439590454,0.021449536085128784,0.04802031303384306
2066,10330,10344,1.1203111410140991,-1.6712688207626343,-111.93701171875,1.1628507375717163,-2.2062199115753174,-62.69055938720703,0.7822348475456238,0.8334931135177612,49.24645233154297,0.4803257777398207,0.23931033006454344,0.47617658972740173,0.1312902420759201,-0.004149198532104492,-0.10802008211612701,0.10809974092861481
2067,10335,10349,1.055414080619812,-1.8624030351638794,-106.2427749633789,1.2312359809875488,-2.403376340866089,-74.97088623046875,0.79323810338974,0.8281673789024353,31.271888732910156,0.47020164524253816,0.3201185263968782,0.4323289096355438,0.13454006612300873,-0.03787273168563843,-0.18557845056056976,0.18940355096405714
2068,10340,10354,1.0933228731155396,-2.071566581726074,-77.19479370117188,1.2376418113708496,-2.616732120513916,-89.7196273803711,0.9897936582565308,1.0054254531860352,-12.524833679199219,0.5635932777320077,0.019900701401454404,0.5056771636009216,-0.015501685440540314,-0.057916104793548584,-0.035402387380599976,0.06787933578566724
2069,10345,10359,1.192190170288086,-2.257951021194458,-60.49485397338867,1.188251256942749,-2.818006753921509,-105.43653869628906,0.9876161813735962,0.9800493121147156,-44.94168472290039,0.48548300379601717,-0.2792564982663289,0.4059527814388275,-0.16967567801475525,-0.07953020930290222,0.10958081483840942,0.1353994430284453
2070,10350,10364,1.2367472648620605,-2.433929681777954,-77.64813995361328,1.080978512763977,-2.995232343673706,-122.70120239257812,0.8306736946105957,0.9633457064628601,-45.053062438964844,0.5149886085731998,-0.27223393510231353,0.339840292930603,-0.19254937767982483,-0.17514830827713013,0.0796845555305481,0.19242286320092425
2071,10355,10369,1.2356804609298706,-2.6462440490722656,-92.70573425292969,0.9529817700386047,-3.1058828830718994,-140.00332641601562,0.8513823747634888,0.7734654545783997,-47.29759216308594,0.4724716015683536,-0.260685621512989,0.4036533236503601,-0.22518160939216614,-0.06881827116012573,0.03550401329994202,0.07743700282081592
2072,10360,10374,1.1756067276000977,-2.8478405475616455,-109.36310577392578,0.7682145833969116,-3.17570161819458,-162.84530639648438,0.831428587436676,0.7674888372421265,-53.482200622558594,0.4443884234523433,-0.2756450070227727,0.42295363545417786,-0.223724365234375,-0.021434783935546875,0.05192065238952637,0.05617120353809066
2073,10365,10379,1.060715913772583,-3.015493869781494,-125.68734741210938,0.5718092918395996,-3.171945571899414,175.95367431640625,0.9588327407836914,0.7791670560836792,-58.358978271484375,0.4122814867006255,-0.30582804938304375,0.3937673568725586,-0.22969463467597961,-0.018514126539230347,0.07613340020179749,0.07835220167804917
2074,10370,10384,0.9015499949455261,-3.134542942047119,-144.9011688232422,0.38553890585899353,-3.094303846359253,157.0133819580078,0.924965500831604,0.9487461447715759,-58.08544921875,0.3990433840711815,-0.32962256789808064,0.4035492241382599,-0.18930137157440186,0.004505842924118042,0.14032119512557983,0.14039351987156629
2075,10375,10389,0.7131229043006897,-3.1819419860839844,-166.69113159179688,0.2333219349384308,-2.9571313858032227,137.28948974609375,0.9330334067344666,0.9686682820320129,-56.019378662109375,0.41516359384193685,-0.32922327765181947,0.3953208327293396,-0.18249520659446716,-0.01984277367591858,0.14672806859016418,0.1480637085154686
2076,10380,10394,0.5443410873413086,-3.161667585372925,170.88807678222656,0.1351068913936615,-2.80206298828125,121.1471939086914,0.7739206552505493,0.8376039266586304,-49.740882873535156,0.4610182760169923,-0.2902589233093502,0.4131305515766144,-0.3249145448207855,-0.047887712717056274,-0.034655630588531494,0.059112145628120054
2077,10385,10399,0.36273428797721863,-3.0765936374664307,152.43270874023438,0.06027187034487724,-2.583266496658325,107.72016143798828,0.7977920770645142,0.8705103397369385,-44.712547302246094,0.4964301310244911,-0.2973420819686812,0.3769530653953552,-0.2234986126422882,-0.11947706341743469,0.07384347915649414,0.14045507501257937
2078,10390,10404,0.21387797594070435,-2.9324004650115967,133.8665008544922,0.014590020291507244,-2.3681888580322266,100.9306869506836,0.8335456848144531,0.8664079308509827,-32.935813903808594,0.5448746179684285,-0.24730967541692528,0.517364501953125,-0.25485146045684814,-0.027510106563568115,-0.00754179060459137,0.028525156768410165
2079,10395,10409,0.10844563692808151,-2.7340316772460938,116.47374725341797,-0.011829369701445103,-2.146773338317871,97.11138916015625,1.0432978868484497,1.0446110963821411,-19.36235809326172,0.5792947937279075,-0.1541297362489774,0.5058208703994751,-0.2247227430343628,-0.07347393035888672,-0.07059299945831299,0.10189106935793693
2080,10400,10414,0.04446084052324295,-2.522859573364258,106.39939880371094,-0.11593533307313919,-1.9712388515472412,123.26823425292969,1.0458314418792725,0.9506314396858215,16.86883544921875,0.5744639760537685,-0.0018690796618479333,0.4267384111881256,-0.0533079132437706,-0.14772555232048035,-0.0514388345181942,0.15642503797340482
2081,10405,10419,0.011683640070259571,-2.3352415561676025,99.3777084350586,-0.24366948008537292,-1.8697923421859741,141.39114379882812,0.8645044565200806,0.7451229691505432,42.01343536376953,0.50083655620942,0.17609921112974303,0.37964770197868347,0.13985347747802734,-0.12118884921073914,-0.03624573349952698,0.12649304474927464
2082,10410,10424,-0.021121179684996605,-2.1157541275024414,100.4190444946289,-0.35141509771347046,-1.7223320007324219,121.90199279785156,0.863721489906311,0.753523588180542,21.482948303222656,0.4466675081149236,0.2536990007953764,0.39381125569343567,0.17292648553848267,-0.052856266498565674,-0.0807725191116333,0.09652970916669418
2083,10415,10429,-0.1378045678138733,-1.9543299674987793,131.1174774169922,-0.4112607538700104,-1.5376957654953003,105.90567779541016,0.7783102989196777,0.74921053647995,-25.21179962158203,0.49370289993022387,-0.06796904127565562,0.45135584473609924,0.08755461871623993,-0.04234704375267029,0.1555236577987671,0.1611858562334133
2084,10420,10434,-0.2790127396583557,-1.8386422395706177,140.6773681640625,-0.42080163955688477,-1.3455733060836792,91.4796142578125,0.8580997586250305,0.9027214646339417,-49.19775390625,0.42213759180621474,-0.29158346813293734,0.42540010809898376,-0.15746286511421204,0.0032625198364257812,0.1341206133365631,0.1341602883026827
2085,10425,10439,-0.3739290237426758,-1.6687005758285522,117.93817901611328,-0.3779301345348358,-1.160020351409912,76.20938873291016,0.9099698066711426,0.9126020073890686,-41.728790283203125,0.4512699851650879,-0.2347913543793096,0.42293813824653625,-0.2610021233558655,-0.028331845998764038,-0.02621077001094818,0.03859660557956492
2086,10430,10444,-0.41656357049942017,-1.5096497535705566,104.39634704589844,-0.30441316962242126,-0.9873534440994263,66.50361633300781,0.7641544342041016,0.8864687085151672,-37.892730712890625,0.4780119458576225,-0.23848632439082057,0.4541482627391815,-0.22478076815605164,-0.023863673210144043,0.013705551624298096,0.02751939396874224
2087,10435,10449,-0.41748303174972534,-1.321164846420288,88.00352478027344,-0.26888787746429443,-0.8340115547180176,78.70585632324219,0.7230680584907532,0.7113810181617737,-9.29766845703125,0.49203433629535764,-0.1315334991546084,0.4182368516921997,-0.027279086410999298,-0.07379749417304993,0.10425441712141037,0.12773039432940916
2088,10440,10454,-0.3686726689338684,-1.1351656913757324,73.18209075927734,-0.3116268813610077,-0.6711572408676147,109.17362976074219,0.7518051862716675,0.6345801949501038,35.991539001464844,0.4606675102739056,0.0796461486877632,0.398563951253891,0.062178269028663635,-0.06210356950759888,-0.017467878758907318,0.0645134104967413
2089,10445,10459,-0.2942189872264862,-0.9608488082885742,66.65788269042969,-0.3912622928619385,-0.5455846190452576,124.48173522949219,0.8882754445075989,0.6534910202026367,57.8238525390625,0.3428264964936985,0.25363703069232824,0.40371307730674744,0.19663244485855103,0.06088659167289734,-0.057004570960998535,0.08340682319804327
2090,10450,10464,-0.273732990026474,-0.7801351547241211,84.90784454345703,-0.4194110035896301,-0.39195629954338074,98.53960418701172,0.8661823868751526,0.7156379818916321,13.631759643554688,0.3737167231104788,0.17955700518972523,0.3907177746295929,0.059452928602695465,0.017001062631607056,-0.12010408192873001,0.12130138757057529
2091,10455,10469,-0.32399508357048035,-0.6435258984565735,110.49541473388672,-0.39861345291137695,-0.24034851789474487,80.14654541015625,0.7020239233970642,0.7284062504768372,-30.34886932373047,0.4037826483492915,-0.07127042957513623,0.39723822474479675,-0.05685801059007645,-0.0065444111824035645,0.014412418007850647,0.015828680000473393
2092,10460,10474,-0.40008968114852905,-0.5206297636032104,121.19552612304688,-0.3476771116256714,-0.12745071947574615,64.32324981689453,0.6746006608009338,0.5829882025718689,-56.872276306152344,0.3091795919148128,-0.24848506966418243,0.3645559847354889,-0.09590321034193039,0.05537638068199158,0.15258187055587769,0.1623199641441787
2093,10465,10479,-0.42127731442451477,-0.3708323836326599,95.48706817626953,-0.24997495114803314,-0.009051780216395855,47.95186233520508,0.5985217094421387,0.5974269509315491,-47.53520584106445,0.34374274652995246,-0.20511127782973443,0.36257249116897583,-0.13443070650100708,0.01882973313331604,0.07068057358264923,0.073145760860382
2094,10470,10484,-0.3936052918434143,-0.22298160195350647,78.30535125732422,-0.12267594039440155,0.07631003111600876,31.414417266845703,0.7054991126060486,0.6030201315879822,-46.890933990478516,0.3479951175468258,-0.20464014672356007,0.3205533027648926,-0.07822548598051071,-0.027441829442977905,0.12641465663909912,0.12935887838242421
2095,10475,10489,-0.322725772857666,-0.08971335738897324,61.25033187866211,0.02518443949520588,0.12141620367765427,15.89946174621582,0.7129063010215759,0.727241039276123,-45.350868225097656,0.3524426675255631,-0.20347329700857195,0.3174164295196533,-0.18265849351882935,-0.03502625226974487,0.02081480622291565,0.04074425733967102
2096,10480,10494,-0.2162448912858963,0.0191629808396101,44.83057403564453,0.18389907479286194,0.12455868721008301,0.4454019367694855,0.7160730361938477,0.7598753571510315,-44.38517379760742,0.35808527803993284,-0.2073605403499505,0.3279102146625519,-0.20718559622764587,-0.030175060033798218,0.00017493963241577148,0.03017556713499046
2097,10485,10499,-0.10198277235031128,0.0851929634809494,28.68992805480957,0.3176427483558655,0.09289518743753433,-14.203875541687012,0.6145797371864319,0.6292592883110046,-42.893802642822266,0.37180593511017895,-0.19469270273601094,0.347866415977478,-0.189273864030838,-0.023939520120620728,0.005418837070465088,0.024545150616809248
2098,10490,10504,0.045744091272354126,0.12348469346761703,11.961894989013672,0.47438672184944153,0.05003589019179344,-14.350568771362305,0.6046404242515564,0.6423232555389404,-26.312463760375977,0.40411185577169106,-0.1606948661989307,0.3515820801258087,-0.17805537581443787,-0.05252978205680847,-0.01736050844192505,0.05532418328631655
2099,10495,10509,0.20672965049743652,0.12096851319074631,-2.7287864685058594,0.6297765970230103,0.0039285398088395596,-19.247276306152344,0.6349358558654785,0.6342665553092957,-16.518489837646484,0.4281393205796561,-0.09676670895731489,0.42095687985420227,-0.1047348752617836,-0.007182449102401733,-0.00796816498041153,0.010727498695578952
2100,10500,10514,0.36124470829963684,0.07898178696632385,-15.549408912658691,0.7677030563354492,-0.08630994707345963,-34.9327392578125,0.7648224234580994,0.7670761346817017,-19.383331298828125,0.4358914582455317,-0.050283001058263,0.3792058527469635,-0.12927228212356567,-0.05668559670448303,-0.07898928225040436,0.09722429523620803
2101,10505,10519,0.5209013223648071,0.04194368049502373,-12.980446815490723,0.876415491104126,-0.21595986187458038,-51.362632751464844,0.7647304534912109,0.7983131408691406,-38.38218688964844,0.4043595486805623,-0.1714582125579938,0.4054136872291565,-0.05235316604375839,0.001054137945175171,0.11910504847764969,0.11910971320455246
2102,10510,10524,0.6533634066581726,-0.0064483401365578175,-21.129230499267578,0.9326813220977783,-0.34459516406059265,-67.9195785522461,0.6504364013671875,0.658827006816864,-46.790348052978516,0.3824320145558385,-0.2147266507243484,0.3757183253765106,-0.0806979313492775,-0.006713688373565674,0.13402873277664185,0.1341967764936618
2103,10515,10529,0.7857867479324341,-0.10258293151855469,-38.22824478149414,0.9508488774299622,-0.5090417861938477,-86.52681732177734,0.6286723017692566,0.6509335041046143,-48.2985725402832,0.3811798762732712,-0.2171548043735237,0.4132136404514313,-0.226863294839859,0.032033771276474,-0.009708493947982788,0.03347263594238537
2104,10520,10534,0.887652575969696,-0.23359394073486328,-54.26959228515625,0.9422166347503662,-0.6768141984939575,-93.02520751953125,0.6508607864379883,0.6729276776313782,-38.755615234375,0.39165844555459806,-0.2145346019280208,0.4458281099796295,-0.20353972911834717,0.054169654846191406,0.010994866490364075,0.055274212751485106
2105,10525,10539,0.9436789751052856,-0.3909076154232025,-71.82563781738281,0.950767457485199,-0.8547107577323914,-86.2733383178711,0.7880032062530518,0.8461057543754578,-14.447700500488281,0.44287576621417435,-0.13792989921890045,0.4773128926753998,-0.10550735145807266,0.03443711996078491,0.03242255002260208,0.04729838243705196
2106,10530,10544,0.9486737251281738,-0.5546342134475708,-89.21855926513672,1.0400032997131348,-1.0191582441329956,-60.01498031616211,0.7762524485588074,0.8832689523696899,29.20357894897461,0.4657264065559039,0.08498576654139399,0.48945602774620056,0.02922137826681137,0.02372962236404419,-0.05576438456773758,0.06060331314176375
2107,10535,10549,0.9407685399055481,-0.7011986374855042,-93.57653045654297,1.1769664287567139,-1.1473121643066406,-41.99318313598633,0.6682563424110413,0.8882483243942261,51.58334732055664,0.43051023424475815,0.263567182557055,0.4223041832447052,0.1436011642217636,-0.008206039667129517,-0.11996601521968842,0.12024634670005162
2108,10540,10554,0.9597424864768982,-0.8800584673881531,-81.3966293334961,1.2621684074401855,-1.2852709293365479,-59.59041213989258,0.7014522552490234,0.7471054792404175,21.806217193603516,0.4458937973862955,0.23840574330582112,0.4424857795238495,0.06845281273126602,-0.0034080147743225098,-0.16995292901992798,0.16998709553126284
2109,10545,10559,1.0569359064102173,-1.039262056350708,-55.00344467163086,1.321663498878479,-1.4726605415344238,-74.44316101074219,0.7339411377906799,0.7804029583930969,-19.439716339111328,0.5068626712418514,-0.031704537138342065,0.391938179731369,-0.08998531848192215,-0.11492452025413513,-0.05828078091144562,0.1288576531653865
2110,10550,10564,1.1934105157852173,-1.1681208610534668,-42.907230377197266,1.327102541923523,-1.6636124849319458,-90.16869354248047,0.8876936435699463,0.7660397887229919,-47.2614631652832,0.4352609496068991,-0.27190699316861633,0.3816482424736023,-0.18099269270896912,-0.053612709045410156,0.09091430902481079,0.10554493903852802
2111,10555,10569,1.2836090326309204,-1.3359673023223877,-62.61760330200195,1.2765552997589111,-1.8498187065124512,-106.68692016601562,0.8938813209533691,0.901257336139679,-44.06931686401367,0.45303361194104086,-0.24259754159344663,0.46583858132362366,-0.2528332471847534,0.012804955244064331,-0.010235711932182312,0.01639318997514242
2112,10560,10574,1.3275126218795776,-1.524333119392395,-78.0671615600586,1.1848124265670776,-2.0240416526794434,-118.59603881835938,0.9156318306922913,0.9154080748558044,-40.52887725830078,0.4594047500337061,-0.24293875695036132,0.44705453515052795,-0.23732054233551025,-0.012350201606750488,0.0056182146072387695,0.01356804389366328
2113,10565,10579,1.3236078023910522,-1.692854404449463,-92.97312927246094,1.1021569967269897,-2.173654079437256,-118.31670379638672,0.7685902118682861,0.7933360934257507,-25.34357452392578,0.4916386281499981,-0.19621479584480284,0.4542047679424286,-0.13015756011009216,-0.03743386268615723,0.0660572350025177,0.07592662492027367
2114,10570,10584,1.2644747495651245,-1.8779065608978271,-110.19327545166016,1.075865387916565,-2.376352071762085,-92.54994201660156,0.7585057020187378,0.8330073356628418,17.643333435058594,0.5329135287442364,-0.004958778435665251,0.49926283955574036,-0.07655499130487442,-0.03365066647529602,-0.07159621268510818,0.07910995528429313
2115,10575,10589,1.170577883720398,-2.0466713905334473,-119.29693603515625,1.1264348030090332,-2.579965353012085,-74.78296661376953,0.7573347091674805,0.8241875767707825,44.51396942138672,0.4866840240981865,0.2224628568513236,0.49470117688179016,0.1188945472240448,0.008017152547836304,-0.10356831550598145,0.10387815319749286
2116,10580,10594,1.0826036930084229,-2.225046157836914,-115.19448852539062,1.2013542652130127,-2.780738115310669,-70.56101989746094,0.9367802739143372,1.0118299722671509,44.63346862792969,0.4522766747758916,0.34400735377836505,0.431295782327652,0.13761281967163086,-0.020980894565582275,-0.2063945233821869,0.20745818185584336
2117,10585,10599,1.0871021747589111,-2.4353671073913574,-86.50822448730469,1.2072758674621582,-2.992502450942993,-89.46778106689453,0.9955989718437195,0.9909334182739258,-2.9595565795898438,0.563420260646074,0.08601812219435859,0.45781412720680237,0.09622643887996674,-0.10560610890388489,0.010208316147327423,0.1060983503942591
2118,10590,10604,1.1401288509368896,-2.6072559356689453,-72.03517150878906,1.1663013696670532,-3.1679608821868896,-104.48583984375,0.8363903164863586,0.8238260746002197,-32.45066833496094,0.5414408259493063,-0.14804347260755726,0.5091679692268372,0.033869944512844086,-0.03227287530899048,0.18191340565681458,0.18475395973664657
2119,10595,10609,1.2056022882461548,-2.812340497970581,-75.86277770996094,1.0683870315551758,-3.350334405899048,-120.35523986816406,0.8497679233551025,0.8079615235328674,-44.492462158203125,0.4881858343153913,-0.2644618362083652,0.42957720160484314,-0.12186767905950546,-0.05860862135887146,0.14259415864944458,0.1541689481657397
2120,10600,10614,1.2037690877914429,-3.0229361057281494,-92.75096893310547,0.9228043556213379,-3.486264705657959,-139.93423461914062,0.8201549053192139,0.7712556719779968,-47.183265686035156,0.4762795564303723,-0.25840347591087887,0.3972332775592804,-0.19120511412620544,-0.07904627919197083,0.06719836592674255,0.1037493837924804
2121,10605,10619,1.1426254510879517,-3.223571300506592,-108.24439239501953,0.742706835269928,-3.551396369934082,-162.50633239746094,0.985287606716156,0.894685685634613,-54.261940002441406,0.43654809194610056,-0.2771821401915386,0.3719056248664856,-0.19454830884933472,-0.06464245915412903,0.08263382315635681,0.10491423285202676
2122,10610,10624,1.030121922492981,-3.3960044384002686,-124.16322326660156,0.552096962928772,-3.5432441234588623,176.32102966308594,0.9813008308410645,0.9051134586334229,-59.5157470703125,0.39026823398624766,-0.31285474642998934,0.3386106789112091,-0.2559516429901123,-0.05165755748748779,0.05690309405326843,0.07685353185383362
2123,10615,10629,0.8978534936904907,-3.502497673034668,-142.39735412597656,0.373838871717453,-3.466834306716919,155.2521209716797,0.7921451330184937,0.9175095558166504,-62.35052490234375,0.39339543396288673,-0.34799885207009956,0.43934211134910583,-0.1705850064754486,0.04594668745994568,0.17741385102272034,0.18326694361846582
2124,10620,10634,0.7163239121437073,-3.5538036823272705,-166.5550079345703,0.237269788980484,-3.3492190837860107,137.38641357421875,0.7277222275733948,0.8329653739929199,-56.05859375,0.4183566567452947,-0.310363365487734,0.39542102813720703,-0.24641811847686768,-0.02293562889099121,0.0639452338218689,0.06793405626899336
2125,10625,10639,0.525337815284729,-3.5366694927215576,171.8355255126953,0.12689480185508728,-3.170313835144043,121.67237091064453,0.7674363255500793,0.9249395132064819,-50.16315460205078,0.4464326596736417,-0.3060574834351632,0.46285781264305115,-0.37626948952674866,0.01642516255378723,-0.07021200656890869,0.07210764058926634
2126,10630,10644,0.3487260937690735,-3.4517571926116943,152.15643310546875,0.06653706729412079,-2.9579007625579834,103.90288543701172,0.9229417443275452,0.8866521120071411,-48.25354766845703,0.4801790388356978,-0.3048817843381509,0.42616143822669983,-0.3376280665397644,-0.054017603397369385,-0.03274628520011902,0.06316819350909939
2127,10635,10649,0.19981694221496582,-3.30108380317688,133.3421173095703,0.060801368206739426,-2.7378323078155518,90.74199676513672,0.991254448890686,1.0426592826843262,-42.600120544433594,0.5050488019415184,-0.2854877991531322,0.4397331774234772,-0.3172374963760376,-0.06531563401222229,-0.03174969553947449,0.07262351694367256
2128,10640,10654,0.10527200251817703,-3.1143875122070312,116.85812377929688,0.05123516917228699,-2.5155892372131348,92.7639389038086,0.9207913279533386,1.044372797012329,-24.09418487548828,0.5586175985868335,-0.22231898713964376,0.49719563126564026,-0.26497191190719604,-0.0614219605922699,-0.0426529198884964,0.07477920043710583
2129,10645,10659,0.06325633823871613,-2.9273908138275146,101.38408660888672,-0.024539479985833168,-2.3614723682403564,118.6656265258789,0.8704231381416321,0.8188340663909912,17.281539916992188,0.5721141690041933,-0.025635328183579248,0.5125105977058411,0.03796417638659477,-0.05960357189178467,0.06359950453042984,0.08716354030657147
2130,10650,10664,0.06039169058203697,-2.705254316329956,89.70024871826172,-0.15911996364593506,-2.2200193405151367,135.40773010253906,0.8683050274848938,0.7587620615959167,45.707481384277344,0.4840799331332271,0.22204722035893334,0.47018197178840637,0.14728324115276337,-0.013897955417633057,-0.07476398348808289,0.07604476570939545
2131,10655,10669,0.04687732085585594,-2.4921038150787354,94.7811050415039,-0.27417629957199097,-2.070049285888672,122.68479919433594,0.8421939611434937,0.7569977641105652,27.90369415283203,0.4473455162772677,0.28475857187859127,0.46783384680747986,0.23506274819374084,0.020488321781158447,-0.04969581961631775,0.05375356561890461
2132,10660,10674,-0.06087810918688774,-2.3168728351593018,124.11849975585938,-0.3383520841598511,-1.8846583366394043,108.50210571289062,0.9735130071640015,0.9187171459197998,-15.61639404296875,0.5134583396002962,-0.012716887002598043,0.44812509417533875,0.13259436190128326,-0.06533321738243103,0.14531125128269196,0.15932290809196784
2133,10665,10679,-0.19985054433345795,-2.1858911514282227,137.9568634033203,-0.3554730713367462,-1.6886248588562012,93.89494323730469,0.8807474970817566,0.9295819401741028,-44.061920166015625,0.4485858644726287,-0.2650714221385565,0.4229598343372345,-0.1803133487701416,-0.025626033544540405,0.08475807309150696,0.08854730119778437
2134,10670,10684,-0.28534385561943054,-2.0430638790130615,119.27120208740234,-0.33021846413612366,-1.5172967910766602,80.84774017333984,0.7571627497673035,0.7996264696121216,-38.4234619140625,0.480575762046676,-0.21792590066329126,0.42349734902381897,-0.24432602524757385,-0.057078421115875244,-0.026400119066238403,0.06288809461092582
2135,10675,10689,-0.34399235248565674,-1.85724937915802,105.01966857910156,-0.27714604139328003,-1.331980586051941,73.4817123413086,0.7720828652381897,0.7569363713264465,-31.53795623779297,0.4900007315624903,-0.20068636572024529,0.4345974028110504,-0.19331026077270508,-0.055403321981430054,0.0073761045932769775,0.0558921730258269
2136,10680,10694,-0.3533434569835663,-1.6608325242996216,90.35530853271484,-0.2536732256412506,-1.1479971408843994,86.67060852050781,0.7565710544586182,0.7172254920005798,-3.6847000122070312,0.5122074411864314,-0.10284854248708188,0.4155367314815521,-0.016299016773700714,-0.0966707170009613,0.08654952794313431,0.12975379883710278
2137,10685,10699,-0.3162757158279419,-1.4639254808425903,78.663818359375,-0.3115884065628052,-0.9861545562744141,111.26138305664062,0.9413982033729553,0.7950893044471741,32.597564697265625,0.4693713229271458,0.08931734682858658,0.3995566666126251,0.14864932000637054,-0.06981465220451355,0.059331975877285004,0.09162078925625951
2138,10690,10704,-0.26124662160873413,-1.2781816720962524,73.19410705566406,-0.3637723922729492,-0.8221992254257202,106.05620574951172,0.9153255820274353,0.7877300381660461,32.862098693847656,0.4068640268821367,0.2299851928955165,0.35848888754844666,0.05885133892297745,-0.04837512969970703,-0.1711338460445404,0.17783966496667702
2139,10695,10709,-0.25916698575019836,-1.1208767890930176,91.47611999511719,-0.355053186416626,-0.6603888869285583,85.66116333007812,0.7189626693725586,0.7638610005378723,-5.8149566650390625,0.4628051461659258,0.08399207224734398,0.3937009572982788,-0.10510428994894028,-0.06910419464111328,-0.1890963613986969,0.20132765237598002
2140,10700,10714,-0.32415956258773804,-0.9598358273506165,113.12077331542969,-0.3179800808429718,-0.5255283713340759,73.84024047851562,0.6872511506080627,0.6277148723602295,-39.28053283691406,0.39699702867516473,-0.17622290307812885,0.3453531563282013,-0.12523925304412842,-0.05164387822151184,0.05098365247249603,0.07257012454994545
2141,10705,10719,-0.365560382604599,-0.7988746762275696,100.79754638671875,-0.2926912009716034,-0.36345532536506653,83.96673583984375,0.6498833298683167,0.6678130626678467,-16.830810546875,0.41405911285227975,-0.15315018707585415,0.32114240527153015,-0.06566467136144638,-0.09291669726371765,0.08748551458120346,0.1276214241102775
2142,10710,10724,-0.34974434971809387,-0.6351490020751953,83.28882598876953,-0.26607561111450195,-0.23123398423194885,74.14960479736328,0.7711493372917175,0.49621152877807617,-9.13922119140625,0.41092524165111677,-0.03589213329961893,0.34508103132247925,-0.13170787692070007,-0.06584420800209045,-0.0958157479763031,0.11625883746056033
2143,10715,10729,-0.30545321106910706,-0.4842033386230469,73.19027709960938,-0.19268867373466492,-0.10290905833244324,59.068756103515625,0.7433376908302307,0.6825576424598694,-14.12152099609375,0.3976125973742418,0.0023219543254033997,0.3325567841529846,-0.10924077779054642,-0.06505581736564636,-0.11156272888183594,0.12914527420186295
2144,10720,10734,-0.29071715474128723,-0.3180239200592041,86.14618682861328,-0.08246614784002304,0.0012999100144952536,42.53913879394531,0.786304235458374,0.718233048915863,-43.60704803466797,0.332598539894934,-0.18631801682042493,0.2967255413532257,-0.16045275330543518,-0.03587299585342407,0.025865256786346436,0.04422536986983174
2145,10725,10739,-0.2564779222011566,-0.20936134457588196,71.30938720703125,0.034766219556331635,0.06407541036605835,27.305227279663086,0.5432630181312561,0.6044195294380188,-44.00415802001953,0.35234792294380757,-0.18825980611456938,0.32424303889274597,-0.1801280975341797,-0.02810487151145935,0.008131712675094604,0.02925762385611541
2146,10730,10744,-0.17868530750274658,-0.08698969334363937,55.18936538696289,0.18591123819351196,0.10050185024738312,11.424227714538574,0.5659210085868835,0.6102299094200134,-43.76513671875,0.36207442398589507,-0.19231700068696178,0.3049302399158478,-0.2227773368358612,-0.05714419484138489,-0.03046034276485443,0.0647556289863868
2147,10735,10749,-0.06288330256938934,0.013663459569215775,39.39285659790039,0.342938631772995,0.09165310859680176,-4.886612415313721,0.7244890332221985,0.6267402172088623,-44.27946853637695,0.36311923284429204,-0.19727706144923599,0.3433164060115814,-0.18093296885490417,-0.019802838563919067,0.016344085335731506,0.025676478353744578
2148,10740,10754,0.07715856283903122,0.0785256028175354,23.834850311279297,0.49756667017936707,0.038517098873853683,-20.056396484375,0.7451323866844177,0.7774782180786133,-43.8912467956543,0.3683856855709509,-0.206483988500674,0.3375159800052643,-0.15740463137626648,-0.03086969256401062,0.04907935857772827,0.05798035320173345
2149,10745,10759,0.22940005362033844,0.10136008262634277,7.490004062652588,0.627255916595459,-0.054905179888010025,-37.06801986694336,0.730212390422821,0.7578487992286682,-44.55802536010742,0.37409153982784527,-0.2067937390114874,0.3363789916038513,-0.19814276695251465,-0.037712544202804565,0.008650973439216614,0.03869205773404304
2150,10750,10764,0.36477968096733093,0.0869956836104393,-7.93941068649292,0.7141461968421936,-0.16507652401924133,-52.83729934692383,0.6117777824401855,0.6406388282775879,-44.89788818359375,0.3808354132423836,-0.20139948373944025,0.35481104254722595,-0.21187207102775574,-0.02602437138557434,-0.010472580790519714,0.028052501749902148
2151,10755,10769,0.5173099040985107,0.02814989909529686,-23.6428279876709,0.7745878100395203,-0.31706467270851135,-70.85004425048828,0.6323049664497375,0.6474751830101013,-47.20721435546875,0.3741255709852893,-0.2130612146263553,0.3559229075908661,-0.19667956233024597,-0.018202662467956543,0.016381651163101196,0.024488679338663583
2152,10760,10774,0.6437830328941345,-0.07225106656551361,-41.25705337524414,0.8350362181663513,-0.47596824169158936,-68.59697723388672,0.6355787515640259,0.6811494827270508,-27.339923858642578,0.4100028172526793,-0.17737817278826692,0.40638166666030884,-0.1107732281088829,-0.0036211609840393066,0.06660494953393936,0.06670331408026844
2153,10765,10779,0.7359698414802551,-0.2058563083410263,-56.40785217285156,0.9180111885070801,-0.6348607540130615,-61.73972702026367,0.7751527428627014,0.8574188351631165,-5.331874847412109,0.458078797513838,-0.08571854476517188,0.47590067982673645,0.06502725183963776,0.01782187819480896,0.15074579417705536,0.15179563170414934
2154,10770,10784,0.7898418307304382,-0.36066368222236633,-71.15311431884766,1.0425461530685425,-0.7645695209503174,-45.27846145629883,0.770821750164032,0.8603019118309021,25.874652862548828,0.46388418489642474,0.10867779943424372,0.41498711705207825,0.15871644020080566,-0.04889705777168274,0.050038643181324005,0.06996276202491682
2155,10775,10789,0.8441987037658691,-0.49754810333251953,-68.67493438720703,1.1549818515777588,-0.9117934107780457,-54.466957092285156,0.6684666872024536,0.8730918765068054,14.207977294921875,0.4989018759791027,0.13886056981388686,0.45424601435661316,0.15632593631744385,-0.04465585947036743,0.017465367913246155,0.04794981607245489
2156,10780,10794,0.9324803948402405,-0.6534286737442017,-59.302425384521484,1.214011549949646,-1.063976526260376,-70.35121154785156,0.7116928100585938,0.7439731359481812,-11.048786163330078,0.49674286594401246,0.03249393230446879,0.47200074791908264,0.09482619166374207,-0.02474212646484375,0.06233225762844086,0.06706327730629219
2157,10785,10799,1.062724232673645,-0.7826106548309326,-42.935123443603516,1.2303944826126099,-1.2506803274154663,-87.1725845336914,0.7206412553787231,0.7363619208335876,-44.23746109008789,0.4415905871084545,-0.22847381575401135,0.3847388029098511,-0.11020643264055252,-0.05685177445411682,0.11826737970113754,0.13122232035730358
2158,10790,10804,1.1685272455215454,-0.9365851283073425,-57.2151985168457,1.2008090019226074,-1.4340254068374634,-100.0452651977539,0.8808280825614929,0.8811019659042358,-42.8300666809082,0.43568324465544594,-0.242216954045262,0.37844398617744446,-0.1739218533039093,-0.057239264249801636,0.06829510629177094,0.08910979135461439
2159,10795,10809,1.2237902879714966,-1.1169593334197998,-74.21247100830078,1.1543864011764526,-1.6184813976287842,-104.9706802368164,0.8965309262275696,0.9002830386161804,-30.758209228515625,0.4637204941011992,-0.2032352915741743,0.43458691239356995,-0.19450610876083374,-0.029133588075637817,0.00872918963432312,0.030413232413423606
2160,10800,10814,1.2287521362304688,-1.2762808799743652,-89.3863754272461,1.081228494644165,-1.7945866584777832,-112.86361694335938,0.7372229099273682,0.8993027806282043,-23.47724151611328,0.516696140224966,-0.15306601037964176,0.39438825845718384,-0.12759336829185486,-0.12230789661407471,0.025472640991210938,0.124932289714174
2161,10805,10819,1.1966710090637207,-1.460349440574646,-100.58917236328125,1.0487629175186157,-1.9563559293746948,-98.86470794677734,0.7428799867630005,0.7623755931854248,1.7244644165039062,0.5147399634275674,-0.05424030352841558,0.5007549524307251,-0.17411187291145325,-0.013985037803649902,-0.11987157166004181,0.12068460951843883
2162,10810,10824,1.1447583436965942,-1.6439236402511597,-107.08064270019531,1.1021289825439453,-2.1489157676696777,-72.42810821533203,0.7444268465042114,0.7872664332389832,34.65253448486328,0.4952390717624754,0.10757589407857852,0.5036052465438843,0.125127911567688,0.008366167545318604,0.01755201816558838,0.019443921957297782
2163,10815,10829,1.070123553276062,-1.8193979263305664,-113.90727233886719,1.1764651536941528,-2.3279037475585938,-68.73990631103516,0.901128351688385,0.7592994570732117,45.16736602783203,0.42178156105654757,0.3032936216852792,0.46710625290870667,0.13562646508216858,0.04532468318939209,-0.16766715049743652,0.1736853484383435
2164,10820,10834,1.0589148998260498,-2.012455463409424,-90.14788055419922,1.1914608478546143,-2.52530574798584,-86.65705108642578,0.9076359272003174,0.9227757453918457,3.4908294677734375,0.5125064753294923,0.13386917297960077,0.46128085255622864,0.012822948396205902,-0.051225632429122925,-0.12104622274637222,0.1314391625769427
2165,10825,10839,1.1264063119888306,-2.199244737625122,-69.9276351928711,1.153870701789856,-2.7270517349243164,-101.58152770996094,0.9495388865470886,0.9709584712982178,-31.653892517089844,0.5051739094914685,-0.15535070091325653,0.40882715582847595,-0.177232027053833,-0.09634676575660706,-0.021881327033042908,0.09880026186445805
2166,10830,10844,1.1816773414611816,-2.357813835144043,-72.98767852783203,1.0801397562026978,-2.878075122833252,-117.46585845947266,0.7693381309509277,0.7763570547103882,-44.478179931640625,0.467788023253344,-0.24931115897385464,0.29703909158706665,-0.1815950572490692,-0.17074891924858093,0.06771610677242279,0.183686321050242
2167,10835,10849,1.1893128156661987,-2.554108142852783,-90.3318099975586,0.9521014094352722,-3.0158963203430176,-135.53419494628906,0.7770002484321594,0.748802125453949,-45.20238494873047,0.46315415939719945,-0.23453314637568703,0.3473565876483917,-0.24031928181648254,-0.11579757928848267,-0.005786135792732239,0.11594204904384071
2168,10840,10854,1.1452436447143555,-2.7528295516967773,-104.65762329101562,0.7921960949897766,-3.085692882537842,-144.7500457763672,0.8004776239395142,0.7041475772857666,-40.09242248535156,0.411366375108725,-0.25732911769763767,0.40900349617004395,-0.20236963033676147,-0.002362877130508423,0.05495947599411011,0.05501024622632628
2169,10845,10859,1.0492644309997559,-2.9205284118652344,-120.62043762207031,0.615569531917572,-3.118990182876587,-166.25404357910156,0.8967047333717346,0.7419132590293884,-45.63360595703125,0.39169014880942443,-0.27213446560206056,0.36699897050857544,-0.18889585137367249,-0.02469116449356079,0.08323860168457031,0.08682348999234382
2170,10850,10864,0.9103866219520569,-3.0468709468841553,-138.93621826171875,0.4359694719314575,-3.0773463249206543,165.36231994628906,0.8882196545600891,0.8685122132301331,-55.70147705078125,0.37771970551286277,-0.288666251867813,0.4326479732990265,-0.22855347394943237,0.05492827296257019,0.06011277437210083,0.08142886965543437
2171,10855,10869,0.7595102190971375,-3.0958251953125,-144.7500457763672,0.2980985939502716,-2.993411064147949,146.81649780273438,0.7041475772857666,0.7487847805023193,-68.4334716796875,0.3177003635177388,-0.34993688159946534,0.4023105800151825,-0.16786447167396545,0.0846102237701416,0.18207240104675293,0.20077163442419618
2172,10860,10874,0.5887554883956909,-3.117251396179199,-168.38792419433594,0.15581026673316956,-2.8415815830230713,130.59568786621094,0.7523952722549438,0.8250068426132202,-61.016387939453125,0.36859604016274194,-0.3571727453520083,0.36370009183883667,-0.21012046933174133,-0.004895955324172974,0.14705228805541992,0.14713376839077594
2173,10865,10879,0.4120393991470337,-3.067924976348877,161.1984100341797,0.0667332112789154,-2.6559696197509766,113.15928649902344,0.7144069075584412,0.8150992393493652,-48.03912353515625,0.45965066035714885,-0.2786841395611749,0.3658696115016937,-0.26474496722221375,-0.09378105401992798,0.01393917202949524,0.09481132110648238
2174,10870,10884,0.25341862440109253,-2.9554805755615234,143.6776123046875,0.012448560446500778,-2.452796697616577,104.6006088256836,0.9185366034507751,0.9948891401290894,-39.077003479003906,0.49190258682932,-0.26227751741868033,0.43678513169288635,-0.24329343438148499,-0.05511745810508728,0.018984079360961914,0.05829519240168396
2175,10875,10889,0.12501853704452515,-2.792226791381836,127.03750610351562,-0.01815037988126278,-2.2466580867767334,97.57080841064453,0.996130645275116,0.986282229423523,-29.466697692871094,0.521731550542863,-0.214333240040586,0.5181413292884827,-0.2317383587360382,-0.003590226173400879,-0.01740512251853943,0.017771550688151585
2176,10880,10894,0.05804697051644325,-2.6278440952301025,111.41551208496094,-0.052573349326848984,-2.0513813495635986,101.31023406982422,0.8098840713500977,0.9257482886314392,-10.105278015136719,0.577052695381645,-0.10750041421489981,0.4838511049747467,-0.16671472787857056,-0.09320160746574402,-0.05921431630849838,0.11042135160412378
2177,10885,10899,0.005475809797644615,-2.4244189262390137,103.80101776123047,-0.15036241710186005,-1.9203064441680908,129.1790008544922,0.8476008176803589,0.7383322715759277,25.37798309326172,0.5267340942372734,0.03108278895625964,0.4442950189113617,0.04693476855754852,-0.08243909478187561,0.015851980075240135,0.08394932769689631
2178,10890,10904,-0.01956263929605484,-2.216430425643921,95.80607604980469,-0.2662549614906311,-1.7870348691940308,129.6474151611328,0.8298938870429993,0.6920272707939148,33.841339111328125,0.45214859176397665,0.20198836691878647,0.4271334707736969,0.21249690651893616,-0.02501511573791504,0.010508537292480469,0.027132736157799077
2179,10895,10909,-0.06555551290512085,-2.0243678092956543,105.23591613769531,-0.33442938327789307,-1.6212507486343384,109.99479675292969,0.9333622455596924,0.7033199667930603,4.758880615234375,0.4596067361577665,0.15348671227131888,0.45013102889060974,0.16188552975654602,-0.0094757080078125,0.008398815989494324,0.012662114842107042
2180,10900,10914,-0.18597207963466644,-1.8839168548583984,132.6240692138672,-0.35790520906448364,-1.438509225845337,97.04021453857422,0.8730310797691345,0.8621307015419006,-35.58385467529297,0.4441671385578906,-0.17511284933968416,0.44841697812080383,-0.05138688534498215,0.004249840974807739,0.12372595816850662,0.1237989251691072
2181,10905,10919,-0.29070401191711426,-1.7414191961288452,124.47987365722656,-0.3319193124771118,-1.26325523853302,80.47466278076172,0.8205538392066956,0.8390146493911743,-44.005210876464844,0.41749522245073645,-0.2367217999567492,0.42694583535194397,-0.22523841261863708,0.00945061445236206,0.011483386158943176,0.014872197927764489
2182,10910,10924,-0.33869287371635437,-1.5940784215927124,106.32528686523438,-0.2869912087917328,-1.1211602687835693,71.19696044921875,0.7021574974060059,0.6710041761398315,-35.128326416015625,0.43931788602026145,-0.18254981904970055,0.43115898966789246,-0.2025429904460907,-0.008158892393112183,-0.019993171095848083,0.021593851336670796
2183,10915,10929,-0.35716354846954346,-1.4137001037597656,93.2655029296875,-0.25819534063339233,-0.9543352723121643,83.70458984375,0.7130473852157593,0.6661376953125,-9.5609130859375,0.45298143927803164,-0.12497427816469157,0.41990557312965393,-0.044053107500076294,-0.03307586908340454,0.08092117309570312,0.08741995979641756
2184,10920,10934,-0.3263140022754669,-1.2366501092910767,78.87295532226562,-0.2894045114517212,-0.7936203479766846,103.58544921875,0.6931647658348083,0.6411302089691162,24.712493896484375,0.4418245294236817,0.04928250321054737,0.40659934282302856,0.04018060117959976,-0.03522518277168274,-0.009101901203393936,0.03638211245673893
2185,10925,10939,-0.27147626876831055,-1.074720859527588,70.34349060058594,-0.3657494783401489,-0.6628175377845764,121.89228820800781,0.8065892457962036,0.7130089402198792,51.548797607421875,0.3561884555753655,0.22733580584839347,0.38738662004470825,0.18866649270057678,0.031198173761367798,-0.038669317960739136,0.04968543244848776
2186,10930,10944,-0.2620229721069336,-0.9069279432296753,88.83354187011719,-0.4071585536003113,-0.5206202268600464,104.25106811523438,0.7962703108787537,0.6978104114532471,15.417526245117188,0.38327311896163563,0.15296962124408375,0.39424824714660645,0.11887966096401215,0.010975122451782227,-0.03408996760845184,0.035813114977294426
2187,10935,10949,-0.2972586154937744,-0.7728857398033142,106.2183609008789,-0.4066115915775299,-0.39671769738197327,88.66648864746094,0.6328046321868896,0.564226508140564,-17.55187225341797,0.3917403038503963,-6.210215201160607e-05,0.3666861653327942,-0.00899488478899002,-0.025054126977920532,-0.008932782337069511,0.026598945071322405
2188,10940,10954,-0.3759256601333618,-0.6435904502868652,123.13395690917969,-0.3663049638271332,-0.256926029920578,71.86211395263672,0.5859500765800476,0.5719392895698547,-51.27184295654297,0.3185321634209452,-0.21940645533116349,0.38991034030914307,-0.10785219818353653,0.07137817144393921,0.11155425757169724,0.1324356286693764
2189,10945,10959,-0.4089989960193634,-0.4992765486240387,100.73454284667969,-0.28532078862190247,-0.13516367971897125,54.85496520996094,0.586438775062561,0.5784364342689514,-45.87957763671875,0.3347049499794913,-0.1893332139249359,0.3560311496257782,-0.12208186835050583,0.0213262140750885,0.06725134700536728,0.07055176171303468
2190,10950,10964,-0.3986772298812866,-0.355747789144516,84.31558227539062,-0.17915697395801544,-0.0376046784222126,41.19370651245117,0.6755648851394653,0.6812989115715027,-43.12187576293945,0.33832193506202796,-0.1869289779716207,0.32987508177757263,-0.14997386932373047,-0.008446842432022095,0.036955103278160095,0.03790816278020986
2191,10955,10969,-0.34586185216903687,-0.2211611419916153,67.92385864257812,-0.04445381090044975,0.026041340082883835,24.52354621887207,0.6810861229896545,0.7095160484313965,-43.40031433105469,0.3423596127494181,-0.18640219586159573,0.32238808274269104,-0.1318063735961914,-0.019971519708633423,0.05459582805633545,0.058134035131145664
2192,10960,10974,-0.27236947417259216,-0.11918797343969345,52.73556137084961,0.10201287269592285,0.05540866032242775,10.645543098449707,0.5694478750228882,0.7106539011001587,-42.09001922607422,0.3656391119213195,-0.19223466727434074,0.3169618546962738,-0.14901083707809448,-0.048677265644073486,0.043223828077316284,0.06509819893239054
2193,10965,10979,-0.1618194729089737,-0.02750352956354618,37.5989990234375,0.23358477652072906,0.06355594098567963,3.1908504962921143,0.5804832577705383,0.5988296270370483,-34.40814971923828,0.3688371405347681,-0.16910207292249452,0.3267250061035156,-0.18305626511573792,-0.042112141847610474,-0.013954192399978638,0.044363858900335604
2194,10970,10984,-0.02497309073805809,0.03153939172625542,20.335227966308594,0.3887333869934082,0.057110968977212906,-3.1769590377807617,0.5792474746704102,0.6146546006202698,-23.512187957763672,0.3968088456567757,-0.11979022652524099,0.3282203674316406,-0.1791212558746338,-0.06858846545219421,-0.059331029653549194,0.09068929745475578
2195,10975,10989,0.12487546354532242,0.05749556049704552,8.503931999206543,0.5347139239311218,0.009730620309710503,-19.313261032104492,0.7186036705970764,0.5952008962631226,-27.81719207763672,0.39826923803893294,-0.10784560000017263,0.3337753713130951,-0.13607528805732727,-0.06449386477470398,-0.028229691088199615,0.0704015202429108
2196,10980,10994,0.2771497666835785,0.06330444663763046,1.6426702737808228,0.6662834882736206,-0.07575777173042297,-34.59593963623047,0.7120110392570496,0.73870849609375,-36.238609313964844,0.3849874360646471,-0.15016001465276443,0.3612501919269562,-0.17961803078651428,-0.02373725175857544,-0.02945801615715027,0.037831624825863865
2197,10985,10999,0.43258562684059143,0.04552197828888893,-7.472603797912598,0.7707145810127258,-0.1955658495426178,-50.4120979309082,0.7475876212120056,0.747525155544281,-42.93949508666992,0.36661126014451567,-0.19506591838930132,0.36428380012512207,-0.17631301283836365,-0.002327471971511841,0.01875290274620056,0.01889678510187989
2198,10990,11004,0.5557221174240112,0.0005018499214202166,-21.10800552368164,0.827973484992981,-0.31993401050567627,-66.36434173583984,0.6168243288993835,0.6343786120414734,-45.2563362121582,0.3693818321761181,-0.20089052821898512,0.3534388244152069,-0.18963539600372314,-0.015943020582199097,0.011255130171775818,0.019515579941883417
2199,10995,11009,0.6841020584106445,-0.09082428365945816,-38.273685455322266,0.8609602451324463,-0.4823482632637024,-80.36296844482422,0.5547521710395813,0.6558293104171753,-42.08928298950195,0.38136166941585514,-0.19782094871419048,0.39131802320480347,-0.21053126454353333,0.00995635986328125,-0.012710317969322205,0.016145627414517926
2200,11000,11014,0.7817308306694031,-0.2142680585384369,-52.14528274536133,0.891183078289032,-0.6487578749656677,-81.5497817993164,0.7467910051345825,0.6651924848556519,-29.404499053955078,0.4102264485975812,-0.18020947799428688,0.44445618987083435,-0.21811309456825256,0.03422975540161133,-0.037903621792793274,0.051072112741350865
2201,11005,11019,0.8409984707832336,-0.36478930711746216,-69.58576202392578,0.9074026942253113,-0.819650411605835,-85.50000762939453,0.7597023248672485,0.8081385493278503,-15.91424560546875,0.44945582961034447,-0.09642407633265018,0.43303754925727844,-0.1480509638786316,-0.016418278217315674,-0.051626890897750854,0.0541746778798864
2202,11010,11024,0.8734103441238403,-0.529126763343811,-78.72750854492188,0.9434138536453247,-0.993232250213623,-77.29320526123047,0.7956334948539734,0.8380717635154724,1.4343032836914062,0.46883621057460123,-0.022068120491740256,0.44143256545066833,-0.0698365792632103,-0.027403652667999268,-0.04776845872402191,0.055070734772807675
2203,11015,11029,0.8958743810653687,-0.6731690764427185,-81.59844970703125,1.0254935026168823,-1.1261260509490967,-56.764381408691406,0.6804583668708801,0.7197392582893372,24.834068298339844,0.4670346357491908,0.062046647261382995,0.4354945123195648,-0.005264408886432648,-0.031540125608444214,-0.06731105595827103,0.07433409566016076
2204,11020,11034,0.9098967909812927,-0.844587504863739,-86.16365814208984,1.1643589735031128,-1.233132243156433,-36.34296417236328,0.6817485690116882,0.6819313168525696,49.82069396972656,0.40469934395595,0.22789571516448026,0.43114033341407776,0.10721419006586075,0.026440978050231934,-0.120681531727314,0.12354415170417231
2205,11025,11039,0.9537703990936279,-1.0166702270507812,-73.03704833984375,1.2714771032333374,-1.3778856992721558,-55.3949089050293,0.7080064415931702,0.7196362614631653,17.642139434814453,0.4381922640246732,0.19849863217755068,0.4479161202907562,0.16099028289318085,0.009723842144012451,-0.03750835359096527,0.03874828635109623
2206,11030,11044,1.0644890069961548,-1.1596550941467285,-50.32975769042969,1.340234637260437,-1.5497674942016602,-69.25298309326172,0.8529702425003052,0.8833184242248535,-18.92322540283203,0.476308910866297,-0.03678530570522989,0.4043014645576477,-0.040772534906864166,-0.0720074474811554,-0.003987230360507965,0.0721177543930696
2207,11035,11049,1.1971691846847534,-1.270190715789795,-40.43440246582031,1.3613638877868652,-1.7350729703903198,-84.01333618164062,0.8283817172050476,0.8952441811561584,-43.57893371582031,0.4264885930083069,-0.24735175601368314,0.3783124089241028,-0.12522494792938232,-0.04817616939544678,0.12212680280208588,0.131285563792362
2208,11040,11054,1.2833421230316162,-1.3995786905288696,-57.56415557861328,1.3286795616149902,-1.9136683940887451,-100.97045135498047,0.7124815583229065,0.8673591017723083,-43.40629577636719,0.4582048349817757,-0.23747007357329364,0.4660671651363373,-0.20525506138801575,0.007862329483032227,0.03221501410007477,0.033160569331176656
2209,11045,11059,1.3443872928619385,-1.5731890201568604,-72.73904418945312,1.2618107795715332,-2.049309730529785,-117.71600341796875,0.7327337861061096,0.6925686597824097,-44.976959228515625,0.4301753200053546,-0.22013406245174735,0.4339400827884674,-0.2711021602153778,0.0037647485733032227,-0.050968095660209656,0.051106947737548085
2210,11050,11064,1.358690619468689,-1.7588486671447754,-87.17115020751953,1.1605836153030396,-2.1993229389190674,-124.91448211669922,0.7304501533508301,0.7106251120567322,-37.74333190917969,0.43016040302895686,-0.21960418224739447,0.45975348353385925,-0.2345665693283081,0.029593080282211304,-0.014962390065193176,0.033160571723846906
2211,11055,11069,1.3203755617141724,-1.937835931777954,-103.86936950683594,1.0934944152832031,-2.3676912784576416,-110.28273010253906,0.8604321479797363,0.8578506112098694,-6.413360595703125,0.4717082813606504,-0.1172261531004353,0.47455307841300964,-0.07279946655035019,0.0028448104858398438,0.04442668706178665,0.04451767592750396
2212,11060,11074,1.2345342636108398,-2.093374252319336,-120.08021545410156,1.1063528060913086,-2.5594873428344727,-85.66182708740234,0.8350756764411926,0.9038330316543579,34.41838836669922,0.4675851775129179,0.12270289716064776,0.4726560413837433,-0.0032203644514083862,0.005070865154266357,-0.1259232610464096,0.12602532025737911
2213,11065,11079,1.147562861442566,-2.2213897705078125,-124.19901275634766,1.1457626819610596,-2.7452187538146973,-78.26736450195312,0.7095336318016052,0.9060589075088501,45.93164825439453,0.4342656748965726,0.2929391882372766,0.4255100190639496,0.07786992937326431,-0.008755654096603394,-0.2150692641735077,0.2152474154799388
2214,11070,11084,1.0939221382141113,-2.395624876022339,-102.87833404541016,1.1336143016815186,-2.908271551132202,-94.65573120117188,0.7213291525840759,0.7519006729125977,8.222602844238281,0.49090467828783607,0.15295318949612413,0.48566171526908875,-0.035412341356277466,-0.005242973566055298,-0.18836553394794464,0.18843848638563365
2215,11075,11089,1.1122640371322632,-2.5839226245880127,-83.100830078125,1.0754761695861816,-3.0860283374786377,-109.90874481201172,0.7393932938575745,0.7303304076194763,-26.80791473388672,0.494050957750249,-0.09683566110711736,0.5087666511535645,-0.11497441679239273,0.014715701341629028,-0.018138758838176727,0.023357363681836114
2216,11080,11094,1.1447107791900635,-2.7720134258270264,-81.29874420166016,0.9744694232940674,-3.2422397136688232,-124.53924560546875,0.9087563157081604,0.7374328970909119,-43.240501403808594,0.43905971637996266,-0.2394189768734516,0.48147252202033997,-0.2193741798400879,0.04241281747817993,0.020044803619384766,0.046910992726408016
2217,11085,11099,1.120693325996399,-2.961176872253418,-98.60269165039062,0.8356667160987854,-3.35524320602417,-141.78164672851562,0.9010995626449585,0.8457797765731812,-43.178955078125,0.4322676247952463,-0.22287472785204748,0.4258170425891876,-0.27992793917655945,-0.0064505934715271,-0.057053208351135254,0.05741671132425609
2218,11090,11104,1.0504881143569946,-3.131793975830078,-113.43035888671875,0.6820592880249023,-3.4080491065979004,-163.2992401123047,0.8691365122795105,0.748214602470398,-49.86888122558594,0.3999761267739943,-0.22820121682160943,0.45370224118232727,-0.21954688429832458,0.05372610688209534,0.00865432620048523,0.05441867255538982
2219,11095,11109,0.9564838409423828,-3.2601068019866943,-128.0986328125,0.5033802390098572,-3.40521502494812,-173.4171600341797,0.7274475693702698,0.8674578070640564,-45.31852722167969,0.3937655483020175,-0.26703550967177203,0.40865394473075867,-0.3177015483379364,0.014888405799865723,-0.05066603422164917,0.052808253625837694
2220,11100,11114,0.8123599886894226,-3.368955135345459,-145.18795776367188,0.34857243299484253,-3.33884596824646,-173.4171600341797,0.722326934337616,0.8674578070640564,-28.229202270507812,0.363594238292682,-0.2894903947299686,0.43292495608329773,-0.28386086225509644,0.06933072209358215,0.005629539489746094,0.06955890123401987
2221,11105,11119,0.6473042368888855,-3.4146957397460938,-163.2992401123047,0.200205460190773,-3.2630808353424072,159.002685546875,0.748214602470398,0.7474449276924133,-37.69805908203125,0.38466951229104135,-0.2737038088895405,0.39354127645492554,-0.22087439894676208,0.008871763944625854,0.05282941460609436,0.0535691631735253
2222,11110,11124,0.4724186956882477,-3.3919413089752197,-173.4171600341797,0.07586833089590073,-3.103764772415161,126.56800079345703,0.8674578070640564,0.922179102897644,-60.01483154296875,0.36089950634287077,-0.3317370170076073,0.4517517387866974,-0.35811498761177063,0.09085223078727722,-0.026377975940704346,0.0946040456521446
2223,11115,11129,0.31761088967323303,-3.3255720138549805,-173.4171600341797,-0.0012850057100877166,-2.915705442428589,110.71531677246094,0.8674578070640564,0.9442291855812073,-75.86752319335938,0.2698065190717313,-0.44372248944208736,0.4018566608428955,-0.29175007343292236,0.13205015659332275,0.15197241306304932,0.20132773824917208
2224,11120,11134,0.17576152086257935,-3.2384281158447266,155.16445922851562,-0.027599820867180824,-2.742323160171509,97.55309295654297,0.7344890236854553,0.7949255704879761,-57.611366271972656,0.39292547567985037,-0.3648089022874265,0.3989127576351166,-0.3012620508670807,0.005987286567687988,0.06354686617851257,0.0638282993785155
2225,11125,11139,0.05944177880883217,-3.076284408569336,122.64311981201172,-0.02267163060605526,-2.5396535396575928,87.99002075195312,0.79912269115448,0.7994604706764221,-34.653099060058594,0.49616059998321027,-0.22031786172054668,0.4412987530231476,-0.28550955653190613,-0.05486184358596802,-0.06519170105457306,0.08520434125113603
2226,11130,11144,-0.008601830340921879,-2.885601043701172,107.76725006103516,-0.03670252859592438,-2.3355743885040283,95.41552734375,0.8235172033309937,0.807254433631897,-12.351722717285156,0.5323675249454766,-0.14108078928594467,0.5064875483512878,-0.2649889588356018,-0.025879979133605957,-0.1239081621170044,0.12658201277894787
2227,11135,11149,-0.02776980958878994,-2.6849205493927,94.45993041992188,-0.1160522997379303,-2.154435157775879,115.70330047607422,0.94228595495224,0.9378659129142761,21.243370056152344,0.5357440734535973,0.046763620649537964,0.4543302357196808,-0.006532780826091766,-0.08141383528709412,-0.05329640209674835,0.09730734326150506
2228,11140,11154,-0.022850319743156433,-2.4816927909851074,88.80258178710938,-0.21352896094322205,-1.98556649684906,120.21430206298828,0.9514696598052979,0.9091408252716064,31.411720275878906,0.49203327118513773,0.2010047362375422,0.4382735788822174,0.1281472146511078,-0.05375969409942627,-0.07285752892494202,0.09054459802060336
2229,11145,11159,-0.04209544137120247,-2.3080835342407227,96.9991683959961,-0.28738081455230713,-1.8131213188171387,112.76321411132812,0.8033686280250549,0.8894990682601929,15.764045715332031,0.5211629518195776,0.18314390099547181,0.43499240279197693,0.09625494480133057,-0.08617052435874939,-0.08688895404338837,0.1223725851774648
2230,11150,11164,-0.1303449422121048,-2.128408908843994,118.22860717773438,-0.3099971413612366,-1.6524477005004883,97.19464111328125,0.7933485507965088,0.7414568066596985,-21.033966064453125,0.5043277306654157,-0.06683954360108582,0.4297986924648285,-0.1421351134777069,-0.0745290219783783,-0.07529556751251221,0.10594336979766539
2231,11155,11169,-0.22480477392673492,-1.9622517824172974,121.06298828125,-0.2940656542778015,-1.471821904182434,82.87227630615234,0.746196448802948,0.6976190805435181,-38.190711975097656,0.45583975079436556,-0.19372314422442738,0.4128325879573822,-0.20632943511009216,-0.04300716519355774,-0.012606292963027954,0.04481668082595645
2232,11160,11174,-0.29311344027519226,-1.7861965894699097,110.00428771972656,-0.25301387906074524,-1.2940821647644043,76.31183624267578,0.8769866228103638,0.6922633051872253,-33.69245147705078,0.4487060189994281,-0.2060278872543875,0.4136088788509369,-0.19101735949516296,-0.0350971519947052,0.015010520815849304,0.038172317368775036
2233,11165,11179,-0.30980414152145386,-1.5976815223693848,93.78661346435547,-0.2338445782661438,-1.1232322454452515,84.6725082397461,0.9081093072891235,0.818235456943512,-9.114105224609375,0.4683970903957496,-0.10712673491041524,0.4166572093963623,-0.031975969672203064,-0.05173987150192261,0.07515076547861099,0.09123953011198958
2234,11170,11184,-0.28279849886894226,-1.416373372077942,80.46900939941406,-0.2897610366344452,-0.9758965373039246,111.36442565917969,0.8757277727127075,0.7411501407623291,30.895416259765625,0.43324370970693044,0.07980104575787224,0.41280999779701233,0.13436798751354218,-0.02043372392654419,0.054566942155361176,0.05826738581481717
2235,11175,11189,-0.2476576268672943,-1.2713596820831299,75.17410278320312,-0.35284098982810974,-0.8616024851799011,118.66765594482422,0.6611788272857666,0.5909895300865173,43.493553161621094,0.3692008849926296,0.2065313699620402,0.3766373097896576,0.144607812166214,0.007436424493789673,-0.0619235634803772,0.0623684866207297
2236,11180,11194,-0.2406701296567917,-1.101391077041626,91.83189392089844,-0.38128462433815,-0.7160364389419556,98.33197021484375,0.6508525609970093,0.5765324831008911,6.5000762939453125,0.3896527335930251,0.12822394637081144,0.3662472069263458,0.04546213522553444,-0.023405522108078003,-0.08276180922985077,0.08600776437130511
2237,11185,11199,-0.30129292607307434,-0.955883264541626,114.17103576660156,-0.36705878376960754,-0.5682141184806824,82.8892593383789,0.6154463291168213,0.5846673846244812,-31.281776428222656,0.38060972810442456,-0.09873575704099241,0.37091684341430664,-0.1133214458823204,-0.009692877531051636,-0.014585688710212708,0.01751268654385135
2238,11190,11204,-0.3660947382450104,-0.8197541236877441,114.39671325683594,-0.3138066232204437,-0.4335693418979645,66.7969741821289,0.7091799378395081,0.6704792976379395,-47.59973907470703,0.3301036015428623,-0.20713364021151479,0.34832441806793213,-0.17266759276390076,0.01822081208229065,0.03446604311466217,0.03898597338684646
2239,11195,11209,-0.3802177906036377,-0.673699676990509,94.5172119140625,-0.26029691100120544,-0.30199506878852844,68.77863311767578,0.6907645463943481,0.6658430099487305,-25.73857879638672,0.36110519226861454,-0.14882329535343544,0.3164704740047455,-0.11822361499071121,-0.044634729623794556,0.030599676072597504,0.05411653411238694
2240,11200,11214,-0.36183616518974304,-0.5456143021583557,80.4797134399414,-0.23192349076271057,-0.18883460760116577,76.53321075439453,0.5933735370635986,0.5548648834228516,-3.946502685546875,0.37335294566375987,-0.06911317811603965,0.31183061003685,-0.1522754430770874,-0.061522334814071655,-0.08316226303577423,0.10344544298424187
2241,11205,11219,-0.3041181266307831,-0.41484805941581726,64.3454818725586,-0.1682320535182953,-0.07792845368385315,57.316287994384766,0.5737200975418091,0.5147089958190918,-7.029193878173828,0.3625374156366408,0.023376651942056792,0.36565855145454407,-0.13721489906311035,0.0031211376190185547,-0.16059154272079468,0.16062186991030106
2242,11210,11224,-0.2554176449775696,-0.28694531321525574,71.35871887207031,-0.0731106624007225,0.01836911030113697,43.377342224121094,0.5256927013397217,0.5345876812934875,-27.98137664794922,0.34757010707281455,-0.07515151308419377,0.3351261019706726,-0.1866905391216278,-0.012444019317626953,-0.11153902858495712,0.11223104968970643
2243,11215,11229,-0.2187672257423401,-0.15669430792331696,73.8510971069336,0.04533052816987038,0.0891442522406578,29.907773971557617,0.6265550851821899,0.6563770771026611,-43.943321228027344,0.3095930028088426,-0.18530080481695999,0.31629130244255066,-0.09884697943925858,0.006698310375213623,0.08645383268594742,0.0867129318381779
2244,11220,11234,-0.14375849068164825,-0.04838632047176361,55.0904541015625,0.17935368418693542,0.1268812119960785,14.88129711151123,0.6190734505653381,0.6648563146591187,-40.20915603637695,0.32864074098503304,-0.16466772142704275,0.3431396782398224,-0.09254855662584305,0.01449894905090332,0.07211916893720627,0.07356217813369849
2245,11225,11239,-0.05811797082424164,0.02964005060493946,40.97705841064453,0.3214842975139618,0.12955701351165771,0.2429104596376419,0.5306926965713501,0.6746808886528015,-40.73414611816406,0.35211037982703064,-0.17349222196187036,0.324593186378479,-0.17964154481887817,-0.027517199516296387,-0.006149321794509888,0.028195929276264266
2246,11230,11244,0.06252513825893402,0.09583637118339539,26.885793685913086,0.4434959590435028,0.1006011962890625,-14.865005493164062,0.5451651811599731,0.5700834393501282,-41.75080108642578,0.34194629551215777,-0.16803039066455558,0.36824485659599304,-0.1489870548248291,0.026298552751541138,0.019043341279029846,0.03246941212734216
2247,11235,11249,0.19881615042686462,0.12903694808483124,11.519998550415039,0.5746661424636841,0.03617915138602257,-28.302717208862305,0.5463384985923767,0.5737578272819519,-39.822715759277344,0.349733889811528,-0.16604816333608768,0.3810116946697235,-0.17958855628967285,0.03127780556678772,-0.013540387153625488,0.034082887280038984
2248,11240,11254,0.3433133363723755,0.12719222903251648,-2.399228811264038,0.6817102432250977,-0.059594329446554184,-44.398643493652344,0.6755583882331848,0.5627685785293579,-41.99941635131836,0.3459195634720572,-0.17245678297740258,0.3424440622329712,-0.19443237781524658,-0.003475487232208252,-0.021975591778755188,0.022248722334725992
2249,11245,11259,0.4828174412250519,0.08564019948244095,-17.10002326965332,0.7670366168022156,-0.18739838898181915,-58.04280090332031,0.6903927326202393,0.7384122014045715,-40.942779541015625,0.35193913227853607,-0.17739634098802975,0.3516959547996521,-0.1924712061882019,-0.00024318695068359375,-0.015074864029884338,0.015076825442130829
2250,11250,11264,0.6086025834083557,0.011994579806923866,-31.177907943725586,0.8110963106155396,-0.3279866874217987,-74.01922607421875,0.6968808770179749,0.6840956807136536,-42.84131622314453,0.34925366223047766,-0.18604527596974985,0.3557802736759186,-0.19679918885231018,0.00652661919593811,-0.010753914713859558,0.012579484878235393
2251,11255,11269,0.6959764361381531,-0.07348907738924026,-45.28518295288086,0.8456263542175293,-0.45950159430503845,-75.29887390136719,0.5545560717582703,0.6070427298545837,-30.013690948486328,0.37959773785949974,-0.16524625369677431,0.38146257400512695,-0.2003839910030365,0.0018648505210876465,-0.03513774275779724,0.0351871941703105
2252,11260,11274,0.7768523693084717,-0.20841246843338013,-61.91523361206055,0.88498854637146,-0.6159295439720154,-75.82545471191406,0.60978764295578,0.6364865899085999,-13.910221099853516,0.41044084224513805,-0.09644643416146305,0.40357843041419983,-0.20026066899299622,-0.0068624019622802734,-0.10381423681974411,0.10404080126160997
2253,11265,11279,0.8176166415214539,-0.3527434468269348,-74.87944030761719,0.9114906787872314,-0.7740203738212585,-81.34484100341797,0.7024540305137634,0.6357092261314392,-6.465400695800781,0.43117906728310174,-0.01926644822565217,0.4581373631954193,-0.1920117735862732,0.02695828676223755,-0.17274531722068787,0.17483619146741647
2254,11270,11284,0.8566502332687378,-0.5037280321121216,-75.53207397460938,0.9222840666770935,-0.9352958798408508,-86.49982452392578,0.743549644947052,0.7589734196662903,-10.967750549316406,0.43427964293586074,-0.044269617262686065,0.4384949505329132,-0.1222875788807869,0.0042153000831604,-0.07801796495914459,0.07813175801911414
2255,11275,11289,0.894096851348877,-0.659753143787384,-77.05384063720703,0.9698249101638794,-1.086981177330017,-71.39161682128906,0.7517448663711548,0.7546570301055908,5.662223815917969,0.4333340944500117,-0.02191105026652157,0.4632210433483124,-0.01069127768278122,0.029886960983276367,0.011219773441553116,0.031923561093582034
2256,11280,11294,0.9138592481613159,-0.7975581288337708,-82.49351501464844,1.0575523376464844,-1.188368320465088,-48.218441009521484,0.635613739490509,0.6188257932662964,34.27507400512695,0.40623281650860477,0.09140683038036995,0.44453164935112,0.029692169278860092,0.038298845291137695,-0.06171466037631035,0.07263264318471296
2257,11285,11299,0.9260413646697998,-0.956943929195404,-85.66737365722656,1.1648184061050415,-1.2979621887207031,-49.169410705566406,0.6389749646186829,0.6086976528167725,36.497962951660156,0.3580825049499047,0.21233192999413175,0.4146554172039032,0.13011637330055237,0.056572914123535156,-0.0822155624628067,0.09979926514511293
2258,11290,11304,0.9825852513313293,-1.1044678688049316,-64.8992919921875,1.2386130094528198,-1.4437782764434814,-65.37512969970703,0.615647554397583,0.6411740183830261,-0.47583770751953125,0.415876831884801,0.08791033137246293,0.44064584374427795,0.07024487107992172,0.02476900815963745,-0.01766546070575714,0.03042321921097168
2259,11295,11309,1.0924581289291382,-1.2142224311828613,-43.14789581298828,1.277068853378296,-1.6066310405731201,-77.6673812866211,0.7308605909347534,0.7869075536727905,-34.51948547363281,0.40305222734,-0.16004542586873427,0.4206588566303253,-0.011960960924625397,0.017606616020202637,0.14808446168899536,0.14912746467838306
2260,11300,11314,1.1900382041931152,-1.3378032445907593,-53.29828643798828,1.2787586450576782,-1.7754946947097778,-91.03219604492188,0.7402313351631165,0.7906750440597534,-37.733909606933594,0.4039462151381756,-0.19045360960095892,0.4057590365409851,-0.10020080953836441,0.0018128156661987305,0.09025279432535172,0.09027099857747146
2261,11305,11319,1.2465101480484009,-1.4668585062026978,-67.3359146118164,1.2364522218704224,-1.937379240989685,-105.68626403808594,0.6417925953865051,0.7800045609474182,-38.35034942626953,0.4303114343989187,-0.19058592069991198,0.47552719712257385,-0.22938093543052673,0.045215755701065063,-0.03879500925540924,0.059577825629555214
2262,11310,11324,1.2813483476638794,-1.6317589282989502,-79.76180267333984,1.1810561418533325,-2.0750601291656494,-112.17681121826172,0.6786921620368958,0.6828815937042236,-32.415008544921875,0.41841664289378366,-0.1774880113858359,0.48547789454460144,-0.26856550574302673,0.06706124544143677,-0.09107749164104462,0.11310313931885876
2263,11315,11329,1.2747957706451416,-1.800842046737671,-93.71481323242188,1.0909429788589478,-2.23591685295105,-119.64982604980469,0.7126821875572205,0.7445827722549438,-25.935012817382812,0.4460725496679497,-0.15527786861597942,0.4633044898509979,-0.16650325059890747,0.01723194122314453,-0.011225387454032898,0.020565726872908408
2264,11320,11334,1.2279224395751953,-1.9600847959518433,-108.09773254394531,1.0514169931411743,-2.3878748416900635,-102.34160614013672,0.7820649147033691,0.7939689755439758,5.756126403808594,0.46145587001161353,-0.034885181458699815,0.4518028199672699,-0.11236120015382767,-0.009653061628341675,-0.07747601717710495,0.07807505899086868
2265,11325,11339,1.1579145193099976,-2.1182639598846436,-114.22708129882812,1.0732603073120117,-2.563276767730713,-81.73928833007812,0.8075204491615295,0.8386017680168152,32.48779296875,0.44055706965547725,0.10541443512451948,0.4514792859554291,-0.04377478361129761,0.010922223329544067,-0.14918921887874603,0.14958849552058082
2266,11330,11344,1.0822720527648926,-2.2468528747558594,-120.35550689697266,1.1120511293411255,-2.7375237941741943,-78.64909362792969,0.681672990322113,0.8386533260345459,41.70641326904297,0.4083537939773527,0.2736638878421285,0.4037894606590271,0.07922908663749695,-0.004564344882965088,-0.19443479180335999,0.1944883582835399
2267,11335,11349,1.0513533353805542,-2.4123857021331787,-96.82290649414062,1.1001726388931274,-2.8943166732788086,-95.38875579833984,0.7096539735794067,0.7175489664077759,1.4341506958007812,0.4727182009878078,0.10572742217453926,0.4524659216403961,-0.02645990252494812,-0.0202522873878479,-0.13218732178211212,0.13372973934158264
2268,11340,11354,1.0820399522781372,-2.5880239009857178,-79.40123748779297,1.0455271005630493,-3.065685987472534,-109.8376235961914,0.7017313838005066,0.7155954837799072,-30.436386108398438,0.4627970341798618,-0.12374636302385104,0.5000377893447876,-0.07509603351354599,0.03724074363708496,0.04865033179521561,0.06126767312725081
2269,11345,11359,1.1124248504638672,-2.764429807662964,-81.9229736328125,0.9543236494064331,-3.213613748550415,-124.1808853149414,0.8519238829612732,0.6781325340270996,-42.257911682128906,0.4225141782236493,-0.21964510403598514,0.46427586674690247,-0.17017808556556702,0.041761696338653564,0.04946701228618622,0.06473812312388744
2270,11350,11364,1.0896800756454468,-2.943298578262329,-98.10235595703125,0.8246979713439941,-3.3223369121551514,-141.27442932128906,0.8440871834754944,0.7982311248779297,-43.17207336425781,0.4126018134251397,-0.2089146182500371,0.42923471331596375,-0.21692714095115662,0.016632914543151855,-0.008012518286705017,0.01846223972042869
2271,11355,11369,1.0235927104949951,-3.111614227294922,-111.9583740234375,0.6756867170333862,-3.3867075443267822,-158.6171417236328,0.8591114282608032,0.7612208127975464,-46.65876770019531,0.38523037508346913,-0.21980098151543911,0.42093178629875183,-0.20947256684303284,0.03570142388343811,0.010328412055969238,0.0371654108399573
2272,11360,11374,0.9379236102104187,-3.2315430641174316,-125.99492645263672,0.5301927328109741,-3.401978015899658,-175.1842041015625,0.6807363033294678,0.6700953841209412,-49.18927764892578,0.3775226292161844,-0.22971548838428413,0.4090978503227234,-0.28293487429618835,0.03157523274421692,-0.05321939289569855,0.06188133081179006
2273,11365,11379,0.8045634627342224,-3.3362457752227783,-143.82229614257812,0.3797832727432251,-3.3715498447418213,170.38328552246094,0.6618672609329224,0.6498567461967468,-45.79443359375,0.36371805126688256,-0.22224708393140863,0.37473544478416443,-0.23338055610656738,0.011017382144927979,-0.011133477091789246,0.015663237899003313
2274,11370,11384,0.6515981554985046,-3.391749620437622,-162.6938934326172,0.22323380410671234,-3.2857260704040527,151.2675018310547,0.6362320780754089,0.7855381369590759,-46.038604736328125,0.37743236901059185,-0.22865214794930708,0.40796777606010437,-0.1588330864906311,0.030535399913787842,0.06981906294822693,0.0762044106260486
2275,11375,11389,0.4843677282333374,-3.399386167526245,-178.9409637451172,0.09878621250391006,-3.1616108417510986,139.67713928222656,0.7790128588676453,0.841105580329895,-41.38189697265625,0.38112094855646395,-0.24486126508027595,0.3708302974700928,-0.18457984924316406,-0.010290652513504028,0.060281410813331604,0.061153462852068644
2276,11380,11394,0.3321034610271454,-3.3515803813934326,165.72572326660156,0.007920370437204838,-3.0014662742614746,118.78177642822266,0.7494659423828125,0.8833075761795044,-46.943946838378906,0.40049993327855327,-0.2593730105919994,0.4075919985771179,-0.2343003749847412,0.0070920586585998535,0.02507263422012329,0.026056367412844
2277,11385,11399,0.2018994390964508,-3.2669715881347656,151.2675018310547,-0.03863561898469925,-2.8481085300445557,106.09991455078125,0.7855381369590759,0.7486168146133423,-45.16758728027344,0.4122750873296832,-0.2516597392946183,0.3770729899406433,-0.16807827353477478,-0.035202085971832275,0.08358147740364075,0.09069206261709775
2278,11390,11404,0.08524589985609055,-3.1422269344329834,133.87835693359375,-0.0528993085026741,-2.664425849914551,92.4557876586914,0.7299582958221436,0.7298093438148499,-41.422569274902344,0.4401577597394317,-0.23160121221755636,0.3510036766529083,-0.23535555601119995,-0.08915409445762634,-0.003754347562789917,0.08923310867711372
2279,11395,11409,-0.0008899272070266306,-2.978882312774658,115.94287872314453,-0.04606455937027931,-2.4801435470581055,87.59544372558594,0.7252980470657349,0.7150532603263855,-28.347434997558594,0.4682439437558611,-0.17756326467141986,0.4480116665363312,-0.28516826033592224,-0.020232290029525757,-0.1076049953699112,0.10949055022419724
2280,11400,11414,-0.04721362888813019,-2.796996593475342,103.07933044433594,-0.05682846158742905,-2.294541358947754,93.38459014892578,0.877353310585022,0.8747323155403137,-9.694740295410156,0.491596210362075,-0.10434018243062122,0.5110362768173218,-0.2607031762599945,0.019440054893493652,-0.15636299550533295,0.15756681788264565
2281,11405,11419,-0.05151911824941635,-2.6100387573242188,90.01895904541016,-0.13041962683200836,-2.1365966796875,116.80902862548828,0.8891586661338806,0.8163408637046814,26.790069580078125,0.4734681597188497,0.07874384334035484,0.4473007619380951,-0.025189809501171112,-0.02616739273071289,-0.1039336547255516,0.10717712921576851
2282,11410,11424,-0.04743894934654236,-2.453306198120117,88.18533325195312,-0.2187669575214386,-1.987262487411499,120.31378173828125,0.7094267010688782,0.8072352409362793,32.128448486328125,0.46038460569199047,0.18600011160767085,0.4321145713329315,0.11855498701334,-0.028270035982131958,-0.06744512170553207,0.0731302904158398
2283,11415,11429,-0.06347697228193283,-2.269068717956543,97.4531021118164,-0.27540549635887146,-1.8491950035095215,111.573974609375,0.7369070649147034,0.6786478161811829,14.120872497558594,0.4438165847168205,0.15567424762395585,0.41874805092811584,0.04816323518753052,-0.02506852149963379,-0.1075110137462616,0.11039496748913173
2284,11420,11434,-0.14468693733215332,-2.1139652729034424,120.77141571044922,-0.2993113696575165,-1.679842472076416,96.36306762695312,0.7024819850921631,0.6706447005271912,-24.408348083496094,0.4521129946305064,-0.08924775266682336,0.4076653718948364,-0.13401609659194946,-0.044447630643844604,-0.04476834088563919,0.06308562606096912
2285,11425,11439,-0.23003453016281128,-1.963941216468811,120.05436706542969,-0.28871840238571167,-1.5080053806304932,85.71107482910156,0.8101229667663574,0.6913617849349976,-34.343292236328125,0.42402567025874394,-0.1775486249518204,0.41349583864212036,-0.19421547651290894,-0.010529845952987671,-0.016666844487190247,0.019714496213543847
2286,11430,11444,-0.28579747676849365,-1.801026701927185,107.00072479248047,-0.2552478313446045,-1.3424537181854248,78.94979858398438,0.8128336668014526,0.8018245100975037,-28.050926208496094,0.42960160776031286,-0.16329397068814375,0.3661908507347107,-0.17903146147727966,-0.06341075897216797,-0.015737488865852356,0.06533446953354108
2287,11435,11449,-0.2981191575527191,-1.6333554983139038,93.50952911376953,-0.2277907133102417,-1.188112735748291,80.03400421142578,0.8086315393447876,0.7412498593330383,-13.47552490234375,0.4401026446875523,-0.09745188466955387,0.46081969141960144,-0.06821120530366898,0.02071705460548401,0.029240682721138,0.03583592997990794
2288,11440,11454,-0.2831905484199524,-1.485537052154541,83.50057220458984,-0.2604711055755615,-1.0669505596160889,107.20893096923828,0.6986286044120789,0.5700869560241699,23.708358764648438,0.41846791986991344,0.024807758031530104,0.419598788022995,0.05070174112915993,0.0011308789253234863,0.025893982499837875,0.02591866541405346
2289,11445,11459,-0.25111496448516846,-1.3208518028259277,78.43746948242188,-0.32726919651031494,-0.9398004412651062,119.67522430419922,0.6435536742210388,0.5638578534126282,41.237754821777344,0.35805436399221674,0.15098569345744295,0.3896646499633789,0.2064325511455536,0.03161028027534485,0.05544686317443848,0.0638244816271214
2290,11450,11464,-0.2298048883676529,-1.1659624576568604,85.76944732666016,-0.37061142921447754,-0.8099504709243774,105.43646240234375,0.6099836230278015,0.5422258973121643,19.667015075683594,0.34465465587066074,0.16668588671250634,0.3240514099597931,0.09312877058982849,-0.0206032395362854,-0.07355712354183197,0.07638811362468564
2291,11455,11469,-0.2765134871006012,-1.028874158859253,109.95990753173828,-0.37551045417785645,-0.6748932003974915,90.85897064208984,0.6808161735534668,0.6485298275947571,-19.100936889648438,0.3665117839014428,-0.027785440528891203,0.3759893774986267,-0.037376560270786285,0.009477585554122925,-0.009591119363904,0.013483849546341497
2292,11460,11474,-0.34437069296836853,-0.9049805998802185,119.19983673095703,-0.34538403153419495,-0.5456367135047913,75.48628234863281,0.6612941026687622,0.6248026490211487,-43.71355438232422,0.3141740757929773,-0.17442392505064647,0.3943825662136078,-0.1574009358882904,0.08020848035812378,0.017022982239723206,0.08199501354163836
2293,11465,11479,-0.3737427592277527,-0.7927944660186768,103.10462951660156,-0.3011108636856079,-0.44067665934562683,66.43641662597656,0.521520733833313,0.5230710506439209,-36.668212890625,0.3264800017379548,-0.15057606214624372,0.3362770974636078,-0.14534562826156616,0.009797096252441406,0.005230426788330078,0.011105874993339442
2294,11470,11484,-0.3738536536693573,-0.6556119322776794,87.88168334960938,-0.267599880695343,-0.32285791635513306,75.97260284423828,0.5466128587722778,0.4821259081363678,-11.909080505371094,0.33645409834623735,-0.09388151623091776,0.3402137756347656,-0.08451997488737106,0.0037596821784973145,0.009361542761325836,0.010088294848756278
2295,11475,11489,-0.3391301929950714,-0.5278504490852356,72.85926055908203,-0.2552680969238281,-0.20590747892856598,84.31554412841797,0.5210734605789185,0.4603518843650818,11.456283569335938,0.33235929353116495,0.014745737990146529,0.31859543919563293,-0.1461564004421234,-0.013763844966888428,-0.16090214252471924,0.16148976096742976
2296,11480,11494,-0.2888472378253937,-0.40790316462516785,66.68545532226562,-0.20756235718727112,-0.09812802076339722,64.68307495117188,0.6120744943618774,0.5506846308708191,-2.00238037109375,0.31665156564288843,0.04795474482094611,0.32367241382598877,-0.11451328545808792,0.007020860910415649,-0.16246803104877472,0.16261965933056505
2297,11485,11499,-0.26355859637260437,-0.2891962230205536,78.7618179321289,-0.13511286675930023,-0.0003263970138505101,51.88719177246094,0.5739493370056152,0.5718902349472046,-26.87462615966797,0.3083634270778585,-0.06968557825846664,0.35450848937034607,-0.1507769227027893,0.04614505171775818,-0.08109134435653687,0.0933015108537103
2298,11490,11504,-0.2503780722618103,-0.1886361688375473,80.52645111083984,-0.040428198873996735,0.07523143291473389,38.1968879699707,0.47012215852737427,0.581617534160614,-42.32956314086914,0.2948250343817837,-0.16365595218079904,0.32513633370399475,-0.07725084573030472,0.030311286449432373,0.08640510588884354,0.09156755107504955
2299,11495,11509,-0.19929057359695435,-0.0821375772356987,62.63145065307617,0.05715087056159973,0.12336613982915878,25.337188720703125,0.46750608086586,0.4888533651828766,-37.29426193237305,0.30039055300790285,-0.13326480282956982,0.2879069745540619,-0.09451287239789963,-0.012483566999435425,0.038751937448978424,0.04071304583396985
2300,11500,11514,-0.12353503704071045,0.009840089827775955,48.67814636230469,0.1796552687883377,0.15207722783088684,11.291206359863281,0.4651421904563904,0.49433985352516174,-37.386940002441406,0.3070148099961281,-0.13378214919429035,0.32851138710975647,-0.08804681152105331,0.021496564149856567,0.04573533684015274,0.050535366884303226
2301,11505,11519,-0.023181509226560593,0.08532938361167908,35.74052810668945,0.3148810863494873,0.1548074185848236,-0.9511834383010864,0.5936529040336609,0.5296685099601746,-36.69171142578125,0.3149786425842187,-0.1410743174034853,0.3252567946910858,-0.16668209433555603,0.010278165340423584,-0.025607779622077942,0.027593460456021006
2302,11510,11524,0.091514952480793,0.1344791203737259,22.49345588684082,0.44141173362731934,0.12357108294963837,-13.80772876739502,0.5938843488693237,0.612759530544281,-36.301185607910156,0.31910459876399355,-0.1439409705354404,0.37713396549224854,-0.14066076278686523,0.058029353618621826,0.0032802075147628784,0.0581219893218992
2303,11515,11529,0.21859098970890045,0.15640610456466675,9.049298286437988,0.558444619178772,0.06264905631542206,-28.72829246520996,0.6120901107788086,0.618144690990448,-37.777591705322266,0.3208771086082932,-0.1460437087308631,0.3937869966030121,-0.16826248168945312,0.0729098916053772,-0.022218778729438782,0.07622024942320521
2304,11520,11534,0.3332204520702362,0.15016087889671326,-3.647592306137085,0.6438899040222168,-0.011066799983382225,-41.56233596801758,0.5308115482330322,0.5253011584281921,-37.91474533081055,0.32029733051288856,-0.14113642718187572,0.3247084617614746,-0.19776558876037598,0.004411131143569946,-0.05662916600704193,0.05680070880384228
2305,11525,11539,0.45988887548446655,0.11667001992464066,-16.901771545410156,0.7222943305969238,-0.11870574206113815,-55.56266403198242,0.5233374834060669,0.5329902172088623,-38.660892486572266,0.3195019589357354,-0.1489190063067487,0.3576509356498718,-0.20725557208061218,0.038148969411849976,-0.05833657085895538,0.0697029365720569
2306,11530,11544,0.5724265575408936,0.052297379821538925,-30.610095977783203,0.7724089026451111,-0.24453853070735931,-69.94453430175781,0.6084011197090149,0.532645046710968,-39.33443832397461,0.3232620536731738,-0.1536428786280219,0.3518279790878296,-0.20603150129318237,0.028565913438796997,-0.05238862335681915,0.059670589638577395
2307,11535,11549,0.6674928069114685,-0.03878191113471985,-44.46538543701172,0.8156169056892395,-0.37509384751319885,-71.33380126953125,0.615744411945343,0.6560184359550476,-26.86841583251953,0.341291474741016,-0.13625929861287042,0.3633343279361725,-0.17812460660934448,0.022042840719223022,-0.04186530411243439,0.04731374552283567
2308,11540,11554,0.7391980290412903,-0.15356652438640594,-59.53699493408203,0.8678644895553589,-0.50870281457901,-68.23893737792969,0.6365104913711548,0.6790030002593994,-8.701942443847656,0.3713436571923027,-0.06914275343189212,0.39438527822494507,-0.1075693890452385,0.023041635751724243,-0.03842663764953613,0.04480539542470175
2309,11545,11559,0.7774420976638794,-0.2620917856693268,-71.23250579833984,0.9272865653038025,-0.6169134974479675,-60.26599884033203,0.5290087461471558,0.5709075927734375,10.966506958007812,0.3841657771128061,0.027721243246480842,0.47031089663505554,0.06329315900802612,0.08614513278007507,0.03557191789150238,0.09320056461297084
2310,11550,11564,0.8220951557159424,-0.3940453827381134,-70.59178161621094,1.0269595384597778,-0.7344203591346741,-48.11763381958008,0.55061274766922,0.6032887101173401,22.47414779663086,0.3891088710869204,0.08011757806770183,0.41731876134872437,0.18156132102012634,0.02820989489555359,0.10144374519586563,0.10529307484057007
2311,11555,11569,0.8758037686347961,-0.5267788767814636,-67.39678192138672,1.115342378616333,-0.8646088242530823,-58.35897445678711,0.5641788840293884,0.6275155544281006,9.03780746459961,0.40394675490198984,0.09129533550360161,0.4701171815395355,0.14545920491218567,0.06617042422294617,0.054163865745067596,0.0855116915649221
2312,11560,11574,0.9537308812141418,-0.6527551412582397,-57.95780563354492,1.1662704944610596,-1.0135071277618408,-71.68696594238281,0.699496865272522,0.7288529276847839,-13.72916030883789,0.41855571135621544,-0.01123385314735098,0.4403602182865143,0.09424126893281937,0.021804511547088623,0.10547512024641037,0.10770532816347503
2313,11565,11579,1.0554893016815186,-0.7674749493598938,-48.46515655517578,1.1829062700271606,-1.170168399810791,-85.3311538696289,0.7237594723701477,0.734375536441803,-36.865997314453125,0.3859242939282465,-0.17163781114436288,0.36318960785865784,-0.08486614376306534,-0.02273467183113098,0.08677167445421219,0.08970055067198306
2314,11570,11584,1.1246320009231567,-0.8876999616622925,-61.342628479003906,1.170555591583252,-1.3310425281524658,-94.80731201171875,0.6338766813278198,0.7633573412895203,-33.464683532714844,0.4110581368738492,-0.17231603393477238,0.3432261347770691,-0.13306796550750732,-0.06783199310302734,0.039248064160346985,0.07836829606839658
2315,11575,11589,1.172037959098816,-1.0370886325836182,-74.6102523803711,1.1583232879638672,-1.470229983329773,-96.44359588623047,0.6310104727745056,0.6411154270172119,-21.833343505859375,0.41397051217410946,-0.1281715139211859,0.39078065752983093,-0.1477266550064087,-0.023189842700958252,-0.019555136561393738,0.030334339788924775
2316,11580,11594,1.1821870803833008,-1.1927385330200195,-87.91785430908203,1.1340588331222534,-1.6328860521316528,-98.97525787353516,0.6185077428817749,0.6406518220901489,-11.057403564453125,0.4381083079874609,-0.06408804285442182,0.40507692098617554,-0.14293578267097473,-0.03303137421607971,-0.078847736120224,0.08548705851698941
2317,11585,11599,1.1714049577713013,-1.3543999195098877,-93.600341796875,1.0933433771133423,-1.792557954788208,-104.31660461425781,0.7664443850517273,0.776409387588501,-10.716262817382812,0.4421952583129396,-0.05039273538248838,0.41683492064476013,-0.15110504627227783,-0.0253603458404541,-0.10071231424808502,0.10385623420070876
2318,11590,11604,1.152230978012085,-1.5178301334381104,-97.05622100830078,1.041867971420288,-1.9432579278945923,-108.69574737548828,0.7766730785369873,0.755690336227417,-11.6395263671875,0.4357629891073274,-0.05726621031930542,0.41542354226112366,-0.1403999924659729,-0.02033945918083191,-0.08313378691673279,0.08558574721812891
2319,11595,11609,1.1282507181167603,-1.6557766199111938,-100.42581176757812,1.0492771863937378,-2.103172779083252,-85.03846740722656,0.6373459696769714,0.7552202343940735,15.387344360351562,0.45430089575525406,0.003292122520584889,0.4978390038013458,-0.09228239208459854,0.04353809356689453,-0.0955745130777359,0.10502405982195687
2320,11600,11614,1.0859099626541138,-1.8131096363067627,-105.46334838867188,1.0915330648422241,-2.2410173416137695,-72.14221954345703,0.6346113681793213,0.6619149446487427,33.321128845214844,0.41091872031007315,0.11950911612951545,0.46539631485939026,0.10876181721687317,0.05447760224342346,-0.01074729859828949,0.05552759290076828
2321,11605,11619,1.0374014377593994,-1.9663745164871216,-106.36470031738281,1.1433855295181274,-2.399016857147217,-74.8683090209961,0.6330568194389343,0.6573352813720703,31.49639129638672,0.38525396495358,0.22358757819993968,0.4113139510154724,0.041700221598148346,0.026059985160827637,-0.18188735842704773,0.18374475225745057
2322,11610,11624,1.0546276569366455,-2.12646746635437,-81.58647918701172,1.1504346132278442,-2.560662031173706,-89.35477447509766,0.7690415978431702,0.633816123008728,-7.7682952880859375,0.44353982630759264,0.031246047293485193,0.4086579978466034,-0.013890914618968964,-0.0348818302154541,-0.045136962085962296,0.0570446090838509
2323,11615,11629,1.112187385559082,-2.2836451530456543,-68.69215393066406,1.119640827178955,-2.7269277572631836,-101.0472183227539,0.7895317673683167,0.8001756072044373,-32.355064392089844,0.4156888821425708,-0.1541355710305555,0.4113544225692749,-0.1399572193622589,-0.004334449768066406,0.014178350567817688,0.014826094550346934
2324,11620,11634,1.1491369009017944,-2.445430040359497,-79.013916015625,1.0489883422851562,-2.8805315494537354,-115.44625854492188,0.7863109707832336,0.79029381275177,-36.432342529296875,0.4080422524352413,-0.18123072928355327,0.33924707770347595,-0.1801743507385254,-0.06879517436027527,0.001056373119354248,0.06880328436512294
2325,11625,11639,1.1475186347961426,-2.584137201309204,-92.25621032714844,0.9640680551528931,-2.9883642196655273,-129.66915893554688,0.634564220905304,0.6237406730651855,-37.41294860839844,0.4111357563694078,-0.16739470533813927,0.3500436246395111,-0.18879592418670654,-0.06109213829040527,-0.021401211619377136,0.06473222705632307
2326,11630,11644,1.1107267141342163,-2.750781297683716,-103.86962890625,0.8294909000396729,-3.0760996341705322,-135.8378448486328,0.6765545010566711,0.6439707279205322,-31.968215942382812,0.38324926118601693,-0.1950528312646149,0.39876773953437805,-0.22413262724876404,0.015518486499786377,-0.029079794883728027,0.03296146073407164
2327,11635,11649,1.0364620685577393,-2.9010696411132812,-117.80439758300781,0.696881890296936,-3.1312105655670166,-151.86959838867188,0.6593400835990906,0.6665438413619995,-34.06520080566406,0.36196875793725125,-0.19302373132188283,0.39858993887901306,-0.22407647967338562,0.03662118315696716,-0.03105275332927704,0.04801442017920306
2328,11640,11654,0.9287208318710327,-3.0217504501342773,-132.8031768798828,0.5466579794883728,-3.1296215057373047,178.01963806152344,0.7789794206619263,0.7377875447273254,-49.17718505859375,0.3387489769107675,-0.20702009189833215,0.3530964255332947,-0.18160000443458557,0.014347434043884277,0.025420084595680237,0.029189545465716817
2329,11645,11659,0.8018847107887268,-3.0892436504364014,-135.8378448486328,0.39571627974510193,-3.0925748348236084,166.68370056152344,0.6439707279205322,0.6421504616737366,-57.47845458984375,0.293694237070688,-0.28058436570366485,0.395310640335083,-0.18041115999221802,0.10161641240119934,0.10017320513725281,0.14269045622171356
2330,11650,11664,0.6807210445404053,-3.1342570781707764,-155.59828186035156,0.27905362844467163,-3.0260398387908936,149.7996368408203,0.5991179943084717,0.6276859045028687,-54.602081298828125,0.3210790007202179,-0.26449188900329706,0.38964444398880005,-0.14516261219978333,0.06856545805931091,0.11932927370071411,0.1376252069964767
2331,11655,11669,0.5245174169540405,-3.1305038928985596,177.68130493164062,0.16321611404418945,-2.9135632514953613,133.87440490722656,0.5566698312759399,0.6471260786056519,-43.80690002441406,0.369782431485742,-0.20214555830212927,0.36456796526908875,-0.20433267951011658,-0.0052144527435302734,-0.0021871179342269897,0.0056545558864271326
2332,11660,11674,0.37768837809562683,-3.0834474563598633,164.71603393554688,0.07391996681690216,-2.772625207901001,119.6768798828125,0.6422715783119202,0.6492974758148193,-45.039154052734375,0.3749581923946566,-0.21975455110406922,0.3569044768810272,-0.2750304639339447,-0.018053710460662842,-0.055275917053222656,0.05814949240941143
2333,11665,11679,0.24476338922977448,-2.9983792304992676,146.20460510253906,0.019047459587454796,-2.6056246757507324,107.27489471435547,0.751050591468811,0.8280877470970154,-38.929710388183594,0.4060379323121569,-0.20084078573899555,0.3387063145637512,-0.23077315092086792,-0.06733161211013794,-0.02993236482143402,0.07368508976145374
2334,11670,11684,0.1323695033788681,-2.8751943111419678,131.09439086914062,-0.01752833090722561,-2.4423179626464844,102.04901123046875,0.7914294600486755,0.814385712146759,-29.045379638671875,0.4247556892893832,-0.1715630978722013,0.41475269198417664,-0.2608383297920227,-0.010003000497817993,-0.08927522599697113,0.08983387999952812
2335,11675,11689,0.06375764310359955,-2.749394416809082,117.80936431884766,-0.03142103925347328,-2.2772443294525146,94.46836853027344,0.6703869104385376,0.78367680311203,-23.34099578857422,0.46202281327737293,-0.13608675860703015,0.5121705532073975,-0.2679174244403839,0.05014774203300476,-0.13183066248893738,0.1410465157431438
2336,11680,11694,0.013381070457398891,-2.5871260166168213,105.85030364990234,-0.053995709866285324,-2.138875722885132,100.3316879272461,0.664678692817688,0.650388777256012,-5.51861572265625,0.449609454718959,-0.05761331623986868,0.5041588544845581,-0.19209417700767517,0.05454939603805542,-0.13448086380958557,0.14512318677278596
2337,11685,11699,-0.020320089533925056,-2.419297933578491,99.91432189941406,-0.13317222893238068,-2.010913133621216,126.52049255371094,0.6708689332008362,0.5867788195610046,26.606170654296875,0.4217164671889079,0.040853052824312966,0.4635314643383026,0.009604319930076599,0.041814982891082764,-0.031248733401298523,0.05220130394316769
2338,11690,11704,-0.032787568867206573,-2.2552108764648438,94.52630615234375,-0.22472091019153595,-1.8893049955368042,127.56675720214844,0.7693289518356323,0.5948644280433655,33.04045104980469,0.37991146052311975,0.162458611691737,0.4188666045665741,0.18942010402679443,0.03895515203475952,0.026961490511894226,0.04737537166792669
2339,11695,11709,-0.06968165934085846,-2.096651554107666,104.2187271118164,-0.2846899926662445,-1.7561209201812744,112.95620727539062,0.7658880949020386,0.6870541572570801,8.737480163574219,0.38290977618647176,0.12477900200953912,0.4567163288593292,0.19465702772140503,0.07380655407905579,0.06987802684307098,0.10163831000417872
2340,11700,11714,-0.1587790697813034,-1.9750350713729858,126.61617279052734,-0.31641820073127747,-1.609305500984192,101.02349090576172,0.7013787627220154,0.7072403430938721,-25.592681884765625,0.38757661798232884,-0.09161102257269485,0.4640675485134125,0.05478901416063309,0.07649093866348267,0.14640003442764282,0.1651781879608675
2341,11705,11719,-0.23596817255020142,-1.8711466789245605,126.00298309326172,-0.31642335653305054,-1.4694839715957642,89.06465911865234,0.5907710790634155,0.6512013673782349,-36.938323974609375,0.3722334231720805,-0.17102118512630912,0.4286150634288788,-0.17079246044158936,0.05638164281845093,0.00022871792316436768,0.05638210672541206
2342,11710,11724,-0.29183048009872437,-1.7355220317840576,109.90739440917969,-0.2892247140407562,-1.3227415084838867,77.4845199584961,0.5821122527122498,0.6003047227859497,-32.422874450683594,0.3872272234625704,-0.1430021952355291,0.38045406341552734,-0.19897747039794922,-0.006773173809051514,-0.05597527325153351,0.05638357118018922
2343,11715,11729,-0.31835612654685974,-1.5878684520721436,98.0545654296875,-0.25185543298721313,-1.177902102470398,75.5489501953125,0.5845715999603271,0.5860018134117126,-22.505615234375,0.3966042449344433,-0.12328756202340463,0.4157210886478424,-0.20108547806739807,0.019116848707199097,-0.07779791951179504,0.08011223492611899
2344,11720,11734,-0.3128770887851715,-1.429294228553772,87.45182800292969,-0.24533286690711975,-1.031173586845398,88.87702941894531,0.7710980772972107,0.6923332810401917,1.425201416015625,0.40072994900441733,-0.049777256195134706,0.41283249855041504,-0.03777661919593811,0.01210254430770874,0.012000635266304016,0.017043674061507773
2345,11725,11739,-0.27844423055648804,-1.2810769081115723,76.5628433227539,-0.28695613145828247,-0.9020922183990479,109.44330596923828,0.7133892178535461,0.6347639560699463,32.880462646484375,0.36663214472121364,0.09634686269196036,0.4093463122844696,0.06152205169200897,0.04271417856216431,-0.034824810922145844,0.055111419016422226
2346,11730,11744,-0.24779987335205078,-1.1570281982421875,76.8177261352539,-0.3453525900840759,-0.7999873757362366,121.13270568847656,0.5800291299819946,0.5367211699485779,44.314979553222656,0.32538575621634347,0.17640519019870976,0.40363115072250366,0.17558547854423523,0.07824540138244629,-0.0008197128772735596,0.07824969499430202
2347,11735,11749,-0.24853861331939697,-1.0109220743179321,92.78644561767578,-0.38975831866264343,-0.676140546798706,106.31204223632812,0.5833662152290344,0.5349713563919067,13.525596618652344,0.34125088548162813,0.12477784059417131,0.33983829617500305,0.07458619773387909,-0.0014126002788543701,-0.050191640853881836,0.050211515125047554
2348,11740,11754,-0.29489865899086,-0.8835179805755615,110.1837158203125,-0.3961200714111328,-0.5515298247337341,90.90930938720703,0.5401254892349243,0.48015540838241577,-19.27440643310547,0.3465257070518082,-0.01954083682591007,0.34238672256469727,-0.016358233988285065,-0.004138976335525513,0.003182603046298027,0.0052211193489850125
2349,11745,11759,-0.36243894696235657,-0.7694926857948303,122.14006042480469,-0.3709072172641754,-0.4250786602497101,77.73875427246094,0.6283048987388611,0.6113407015800476,-44.40130615234375,0.2961376753331938,-0.1760545649574339,0.2794778048992157,-0.050545834004879,-0.016659855842590332,0.12550872564315796,0.12660960077839828
2350,11750,11764,-0.39473462104797363,-0.6388198137283325,102.55622100830078,-0.3173450231552124,-0.3131594657897949,63.624244689941406,0.6197188496589661,0.5863317847251892,-38.931976318359375,0.3010472762275528,-0.14633642594181454,0.2685113251209259,-0.045585714280605316,-0.032535940408706665,0.10075070708990097,0.10587394579118099
2351,11755,11769,-0.39451268315315247,-0.5336960554122925,88.59614562988281,-0.23799067735671997,-0.20839722454547882,51.879852294921875,0.47930583357810974,0.6110426187515259,-36.71629333496094,0.3290359051859809,-0.14850538863946086,0.2746310532093048,-0.05426421016454697,-0.0544048547744751,0.0942411795258522,0.10881768303660776
2352,11760,11774,-0.36470529437065125,-0.40866756439208984,74.99978637695312,-0.17001958191394806,-0.12502188980579376,51.08392333984375,0.5161641240119934,0.4922928512096405,-23.915863037109375,0.32436949460556264,-0.11463784178412043,0.3023810088634491,-0.10941527038812637,-0.021988481283187866,0.00522257387638092,0.02260018997785991
2353,11765,11779,-0.3065732717514038,-0.2958005368709564,60.554100036621094,-0.09891753643751144,-0.0340266190469265,51.171993255615234,0.49872836470603943,0.4493315815925598,-9.38210678100586,0.3300419030528845,-0.052142359423471896,0.36604559421539307,-0.15099751949310303,0.036003679037094116,-0.098855160176754,0.1052074502959642
2354,11770,11784,-0.22624671459197998,-0.19466494023799896,50.95195388793945,-0.0031884119380265474,0.03930642455816269,35.81306457519531,0.6180927157402039,0.4767143130302429,-15.13888931274414,0.322226809084848,-0.02583571122439851,0.3135583698749542,-0.14021456241607666,-0.008668452501296997,-0.11437885463237762,0.11470686315901858
2355,11775,11789,-0.15014009177684784,-0.09767089039087296,53.16830062866211,0.10924678295850754,0.08967168629169464,23.2452335357666,0.5802431702613831,0.5767378807067871,-29.923067092895508,0.3054427153528336,-0.09530759879140237,0.3126170337200165,-0.10853638499975204,0.007174313068389893,-0.01322878897190094,0.015048974239673545
2356,11780,11794,-0.07347606867551804,-0.011411000043153763,47.161373138427734,0.23410664498806,0.11278288066387177,9.842972755432129,0.5444708466529846,0.6011041402816772,-37.31840133666992,0.3002043431572275,-0.14109781213967515,0.27138328552246094,-0.0781959816813469,-0.028821051120758057,0.06290183216333389,0.06919027010504855
2357,11785,11799,0.012897579930722713,0.04828630015254021,33.72259521484375,0.3500469923019409,0.11111833900213242,-2.2601330280303955,0.4795510768890381,0.5371472835540771,-35.98272705078125,0.3153016700571909,-0.13491644846921447,0.2647537291049957,-0.03842440992593765,-0.05054792761802673,0.09649204462766647,0.10893028808786309
2358,11790,11804,0.12642376124858856,0.09409963339567184,20.04969596862793,0.4792695939540863,0.07874851673841476,-15.927703857421875,0.4831925332546234,0.508706271648407,-35.97740173339844,0.3261989403575455,-0.13538870065666772,0.28368842601776123,-0.03881130367517471,-0.0425105094909668,0.09657739847898483,0.10551936937903961
2359,11795,11809,0.2524598240852356,0.11496982723474503,7.552037239074707,0.5980327725410461,0.015450529754161835,-29.677391052246094,0.5022426843643188,0.5242235064506531,-37.229427337646484,0.32949593430719465,-0.14407353174854828,0.36971262097358704,-0.15737983584403992,0.040216684341430664,-0.013306304812431335,0.04236082443932846
2360,11800,11814,0.39032843708992004,0.1041305735707283,-5.681243896484375,0.6995482444763184,-0.07580786198377609,-42.71933364868164,0.6605749726295471,0.6370755434036255,-37.038089752197266,0.32551375562053453,-0.14844367541831727,0.34608855843544006,-0.193145751953125,0.02057480812072754,-0.04470208287239075,0.04920974438396166
2361,11805,11819,0.5152219533920288,0.0626416876912117,-19.079137802124023,0.773082435131073,-0.19091986119747162,-58.37789535522461,0.639658510684967,0.6461918354034424,-39.29875946044922,0.3265783197621498,-0.15534507381057402,0.35890114307403564,-0.17523184418678284,0.032322824001312256,-0.01988677680492401,0.03795061057623014
2362,11810,11824,0.6144481897354126,0.0027733957394957542,-32.35671615600586,0.8094775080680847,-0.30332693457603455,-73.00160217285156,0.5324932932853699,0.5457630157470703,-40.6448860168457,0.32856907072702735,-0.1541953894303198,0.353475421667099,-0.20019468665122986,0.02490633726119995,-0.045999303460121155,0.05230928746011507
2363,11815,11829,0.7114810347557068,-0.09087471663951874,-45.75227737426758,0.8426386713981628,-0.438097208738327,-75.95294952392578,0.5330203771591187,0.5438745617866516,-30.200672149658203,0.3402426000546125,-0.14832655906834552,0.3683181703090668,-0.1908172369003296,0.028075575828552246,-0.042490676045417786,0.050928336993283294
2364,11820,11834,0.780468225479126,-0.20843234658241272,-61.81134796142578,0.8738510608673096,-0.5807251334190369,-76.75399017333984,0.5380023717880249,0.5770939588546753,-14.942642211914062,0.37224958522458684,-0.09355490033044633,0.40169817209243774,-0.2031385600566864,0.029448598623275757,-0.10958366096019745,0.11347157666267928
2365,11825,11839,0.8186371326446533,-0.3421679437160492,-75.17631530761719,0.8992639183998108,-0.7245184779167175,-80.3322525024414,0.6611021757125854,0.687491774559021,-5.155937194824219,0.39025302523548766,-0.01987928266548679,0.42981627583503723,-0.20181310176849365,0.03956323862075806,-0.18193382024765015,0.18618583404777958
2366,11830,11844,0.8498090505599976,-0.4785904884338379,-77.43856048583984,0.9135012626647949,-0.8659096360206604,-84.27877807617188,0.6556621193885803,0.6659882664680481,-6.840217590332031,0.39190021531040486,-0.022069010169095286,0.4208270013332367,-0.14611440896987915,0.0289267897605896,-0.12404540181159973,0.12737354857447672
2367,11835,11849,0.8782723546028137,-0.6012951731681824,-76.55931091308594,0.9495363235473633,-1.0100916624069214,-74.79566955566406,0.572219967842102,0.7072254419326782,1.763641357421875,0.41416448691669994,-0.025707988265806336,0.4467914402484894,-0.06169518083333969,0.032626956701278687,-0.035987190902233124,0.048575675112353146
2368,11840,11854,0.9014301300048828,-0.7454240322113037,-81.53079986572266,1.0179489850997925,-1.1113779544830322,-54.30434036254883,0.5786760449409485,0.5619192719459534,27.226459503173828,0.37912389253599765,0.06135137265819069,0.46754923462867737,0.018786922097206116,0.08842533826828003,-0.042564451694488525,0.0981365018528386
2369,11845,11859,0.9158129692077637,-0.8860061764717102,-85.71582794189453,1.1288626194000244,-1.2069648504257202,-40.20711898803711,0.5569497346878052,0.5782899856567383,45.50870895385742,0.33597735557977637,0.18847769197170702,0.3999672830104828,0.10084596276283264,0.06398993730545044,-0.08763173222541809,0.10850821429358636
2370,11850,11864,0.9583365321159363,-1.0284051895141602,-72.04449462890625,1.2094991207122803,-1.3295139074325562,-57.82107162475586,0.6918924450874329,0.6958581805229187,14.22342300415039,0.36387156456758324,0.14610472413996617,0.38039863109588623,0.10722354054450989,0.01652705669403076,-0.03888118267059326,0.04224795816168811
2371,11855,11869,1.04856276512146,-1.1390891075134277,-49.32334899902344,1.2634282112121582,-1.4709628820419312,-70.1539077758789,0.6880791783332825,0.710802435874939,-20.83055877685547,0.39174009494133366,-0.05335785002139393,0.2632317841053009,-0.01784529536962509,-0.1285082995891571,0.03551255539059639,0.13332488385019028
2372,11860,11874,1.1421191692352295,-1.2224290370941162,-42.06068801879883,1.287361979484558,-1.6235119104385376,-82.3990478515625,0.5691244602203369,0.725954532623291,-40.33835983276367,0.37652582726013084,-0.20047754643703553,0.2839907705783844,-0.025080479681491852,-0.09253504872322083,0.17539706826210022,0.19831002697077296
2373,11865,11879,1.219552993774414,-1.3494017124176025,-60.018035888671875,1.281184196472168,-1.7606589794158936,-93.78473663330078,0.5837258100509644,0.6263576149940491,-33.766700744628906,0.3870227504003462,-0.15213262463201813,0.3269158899784088,-0.04910010099411011,-0.060106873512268066,0.10303252935409546,0.1192834370251056
2374,11870,11884,1.2699030637741089,-1.4926799535751343,-72.55651092529297,1.2376563549041748,-1.9125360250473022,-109.01673126220703,0.6041136980056763,0.5977144241333008,-36.46022033691406,0.3908817464481718,-0.1566219374117548,0.43676474690437317,-0.25785142183303833,0.045882999897003174,-0.10122948884963989,0.11114251703244694
2375,11875,11889,1.2887014150619507,-1.647024154663086,-83.52640533447266,1.1672612428665161,-2.0543808937072754,-116.14753723144531,0.7267647385597229,0.6226113438606262,-32.621131896972656,0.39106759113629785,-0.1665934195291819,0.4604216516017914,-0.24071606993675232,0.06935405731201172,-0.07412265241146088,0.10150937329206625
2376,11880,11894,1.273067593574524,-1.8097918033599854,-96.25349426269531,1.0916091203689575,-2.1925389766693115,-118.36123657226562,0.7787096500396729,0.7396963834762573,-22.107742309570312,0.40023552922467365,-0.13868704813579388,0.4522353708744049,-0.15709424018859863,0.051999837160110474,-0.018407195806503296,0.0551616526414588
2377,11885,11899,1.2171475887298584,-1.9527636766433716,-111.60725402832031,1.0728110074996948,-2.3500256538391113,-94.73030853271484,0.7411460876464844,0.7535651922225952,16.87694549560547,0.4224971566620333,0.012094619430861125,0.4405738413333893,-0.07745038717985153,0.018076688051223755,-0.08954500406980515,0.09135137877866253
2378,11890,11904,1.1554958820343018,-2.0741915702819824,-117.83544921875,1.0933141708374023,-2.487602949142456,-81.04985046386719,0.6234285831451416,0.6096132397651672,36.78559875488281,0.39461122392405934,0.1380489599086084,0.2630758285522461,-0.038304403424263,-0.1315353810787201,-0.1763533651828766,0.2200046951472835
2379,11895,11909,1.0841097831726074,-2.2134804725646973,-114.62642669677734,1.1391232013702393,-2.64613676071167,-75.10999298095703,0.6402422189712524,0.6467942595481873,39.51643371582031,0.37037950928031166,0.23029754440761918,0.2826426327228546,-0.03233611583709717,-0.08773687481880188,-0.26263368129730225,0.27690108297863886
2380,11900,11914,1.0760704278945923,-2.3781137466430664,-88.82298278808594,1.1419012546539307,-2.808525323867798,-90.8709716796875,0.6617361307144165,0.6321547627449036,-2.0479888916015625,0.4316730180060293,0.05697568855630667,0.44522127509117126,0.003957830369472504,0.01354825496673584,-0.053017858415842056,0.05472155447029951
2381,11905,11919,1.108904480934143,-2.5324866771698,-77.15714263916016,1.1071206331253052,-2.9737932682037354,-103.13521575927734,0.7512302398681641,0.7804486751556396,-25.978073120117188,0.4298700742923435,-0.09983190186955983,0.48941221833229065,-0.09278804808855057,0.05954214930534363,0.007043853402137756,0.05995734662783736
2382,11910,11924,1.143648386001587,-2.693601369857788,-78.73043060302734,1.038306474685669,-3.119699478149414,-115.62266540527344,0.7769468426704407,0.771239161491394,-36.892234802246094,0.39729586153630636,-0.18658112062992072,0.44640764594078064,-0.138127863407135,0.049111783504486084,0.048453256487846375,0.06899047284421624
2383,11915,11929,1.1393673419952393,-2.835606098175049,-92.58525848388672,0.9553194046020508,-3.2224831581115723,-130.0282440185547,0.6663069128990173,0.6102105975151062,-37.44298553466797,0.3947849591361131,-0.1664101523456814,0.3896363377571106,-0.14183905720710754,-0.0051486194133758545,0.024571090936660767,0.025104716522626653
2384,11920,11934,1.0989458560943604,-2.9932637214660645,-106.05536651611328,0.8299942016601562,-3.313826084136963,-145.95570373535156,0.6476925611495972,0.6089903116226196,-39.90033721923828,0.3824417086209821,-0.16980447665214232,0.257889062166214,-0.046356283128261566,-0.1245526373386383,0.1234482005238533,0.17536481311992966
2385,11925,11939,1.026676893234253,-3.1375277042388916,-118.5236587524414,0.6918609142303467,-3.3604490756988525,-164.23904418945312,0.6319448947906494,0.5631862878799438,-45.71538543701172,0.3557450403088211,-0.1877262473539844,0.2731266915798187,-0.03849302977323532,-0.0826183557510376,0.14923322200775146,0.17057651437938295
2386,11930,11944,0.9217419028282166,-3.251838207244873,-134.2679901123047,0.5416204929351807,-3.368098497390747,-178.84434509277344,0.7248594164848328,0.7027025818824768,-44.57635498046875,0.34858256855909103,-0.1910469424529448,0.37208321690559387,-0.19537734985351562,0.023500651121139526,-0.0043304115533828735,0.023896298193217886
2387,11935,11949,0.7904086112976074,-3.3326354026794434,-149.60769653320312,0.39422890543937683,-3.328791856765747,165.2401123046875,0.7294148802757263,0.7239344716072083,-45.152191162109375,0.33979282050050735,-0.20374977623402385,0.3816484212875366,-0.16908249258995056,0.04185560345649719,0.03466728329658508,0.05434806410419075
2388,11940,11954,0.6693586111068726,-3.3655216693878174,-167.13897705078125,0.25913429260253906,-3.246350049972534,148.36741638183594,0.5755516886711121,0.7627562880516052,-44.49359130859375,0.37340690769549756,-0.20749252432724444,0.4262177050113678,-0.12082185596227646,0.05281078815460205,0.08667067438364029,0.10149278370221824
2389,11945,11959,0.5215100049972534,-3.362325668334961,176.26429748535156,0.16174177825450897,-3.1510822772979736,134.84849548339844,0.5894140005111694,0.6163789629936218,-41.415802001953125,0.372767158874101,-0.18735416134536897,0.4102841913700104,-0.2517508566379547,0.037517040967941284,-0.0643966943025589,0.0745282671211897
2390,11950,11964,0.3772129714488983,-3.319085121154785,161.64999389648438,0.0745018795132637,-3.0113883018493652,120.20930480957031,0.5958861112594604,0.6560690999031067,-41.44068908691406,0.38418797497754553,-0.1967509648894666,0.4316085875034332,-0.3193744719028473,0.047420620918273926,-0.1226235032081604,0.13147333884600468
2391,11955,11969,0.2407766431570053,-3.2305362224578857,146.00411987304688,0.023950690403580666,-2.8573412895202637,105.72981262207031,0.7519896626472473,0.6332866549491882,-40.27430725097656,0.3884312853723271,-0.188173021122927,0.37424781918525696,-0.2707268297672272,-0.014183461666107178,-0.08255380392074585,0.08376336386881131
2392,11960,11974,0.1345214992761612,-3.114473819732666,131.1101531982422,0.0015699242940172553,-2.690319299697876,96.65351104736328,0.748822808265686,0.7824431657791138,-34.456642150878906,0.40699472883012505,-0.17871336886369055,0.37305063009262085,-0.27002912759780884,-0.03394410014152527,-0.09131576120853424,0.09742058396207622
2393,11965,11979,0.05516612157225609,-2.968172311782837,117.3731460571289,-0.006258409935981035,-2.5249321460723877,92.55705261230469,0.7872396111488342,0.7749946713447571,-24.81609344482422,0.42185299158105016,-0.14924768342237424,0.41878142952919006,-0.27349698543548584,-0.0030715763568878174,-0.12424930930137634,0.12428726983559209
2394,11970,11984,0.018053129315376282,-2.8316235542297363,105.24237823486328,-0.020412219688296318,-2.3893790245056152,97.1452407836914,0.650468647480011,0.6207855343818665,-8.097137451171875,0.43680003773081716,-0.07915512823901324,0.471533864736557,-0.28397756814956665,0.03473383188247681,-0.20482245087623596,0.20774666173055165
2395,11975,11989,2.80906224361388e-05,-2.6656999588012695,95.09111022949219,-0.06874475628137589,-2.2387006282806396,110.8328628540039,0.6564614772796631,0.6205403804779053,15.741752624511719,0.43141763771848307,0.030609709828232537,0.46533986926078796,-0.10475575178861618,0.0339222252368927,-0.13536545634269714,0.13955115239900073
2396,11980,11994,-0.006372880190610886,-2.5013725757598877,91.63748168945312,-0.13794423639774323,-2.0975887775421143,115.66099548339844,0.6461706757545471,0.627466082572937,24.023513793945312,0.407378631831553,0.11997927664444673,0.4328554570674896,-0.01366104930639267,0.025476813316345215,-0.133640319108963,0.1360470613732666
2397,11985,11999,-0.02861914038658142,-2.3441498279571533,98.25001525878906,-0.21449360251426697,-1.966720461845398,119.82013702392578,0.7437809109687805,0.718049168586731,21.57012176513672,0.40019514409671286,0.12979248328077073,0.43231257796287537,0.10587413609027863,0.03211742639541626,-0.02391834557056427,0.04004517864984389
2398,11990,12004,-0.08854035288095474,-2.2004215717315674,113.89199829101562,-0.2696174085140228,-1.8217382431030273,110.10514831542969,0.7402239441871643,0.7222127318382263,-3.7868499755859375,0.4195728815182125,0.012188652538102057,0.41779759526252747,0.04949256777763367,-0.001775294542312622,0.03730391710996628,0.03734613637927222
2399,11995,12009,-0.14957165718078613,-2.0799882411956787,116.66451263427734,-0.2894880473613739,-1.6927703619003296,97.36028289794922,0.6193329095840454,0.5989360213279724,-19.304229736328125,0.4088267295004861,-0.04873384381608348,0.4032023847103119,-0.10565898567438126,-0.005624353885650635,-0.05692514032125473,0.05720231601277674
2400,12000,12014,-0.22447989881038666,-1.9450479745864868,117.75614929199219,-0.2856141924858093,-1.5346522331237793,87.33847045898438,0.6116188764572144,0.6301539540290833,-30.417678833007812,0.39164546846410825,-0.13702515646934132,0.4148332178592682,-0.16029655933380127,0.023187756538391113,-0.02327139675617218,0.03285163557978325
2401,12005,12019,-0.2755374014377594,-1.8007705211639404,107.00738525390625,-0.2623629868030548,-1.3873196840286255,79.36634826660156,0.6091272234916687,0.58855801820755,-27.641036987304688,0.3915159674097981,-0.13353054778600187,0.3643556535243988,-0.18055233359336853,-0.027160316705703735,-0.04702179133892059,0.05430222522397325
2402,12010,12024,-0.2909345030784607,-1.6491020917892456,95.66541290283203,-0.22762033343315125,-1.2446235418319702,75.94355010986328,0.7390241622924805,0.6930352449417114,-19.72186279296875,0.39625249616990843,-0.10293464301454519,0.45420148968696594,-0.16311410069465637,0.0579490065574646,-0.0601794570684433,0.08354432604342252
2403,12015,12029,-0.28210949897766113,-1.4924925565719604,86.46306610107422,-0.2420750856399536,-1.1116971969604492,98.06903839111328,0.7355242967605591,0.628402829170227,11.605972290039062,0.38253983582956175,-0.016466151840868328,0.41244426369667053,0.016592610627412796,0.029904425144195557,0.033058762550354004,0.044577532733042595
2404,12020,12034,-0.2582244873046875,-1.3668569326400757,79.2403564453125,-0.29001206159591675,-0.9872344136238098,111.89144134521484,0.5781824588775635,0.6237024068832397,32.651084899902344,0.3670139686712007,0.10210021363244297,0.4016087055206299,0.15838345885276794,0.03459474444389343,0.056283243000507355,0.06606511776870193
2405,12025,12039,-0.22603753209114075,-1.2248210906982422,77.05819702148438,-0.3368828296661377,-0.8924828767776489,116.34242248535156,0.5569244027137756,0.48145052790641785,39.28422546386719,0.2990711252427721,0.18246049016826016,0.38119763135910034,0.1581568419933319,0.08212649822235107,-0.02430364489555359,0.08564711825551985
2406,12030,12044,-0.2477308064699173,-1.0924577713012695,102.47117614746094,-0.36012184619903564,-0.7719234228134155,98.82816314697266,0.5387519598007202,0.4782598614692688,-3.6430130004882812,0.3372419359278934,0.04052025448503402,0.32600298523902893,0.027553614228963852,-0.011238962411880493,-0.012966640293598175,0.017159488238267084
2407,12035,12049,-0.29803985357284546,-0.9709293842315674,112.42893981933594,-0.3537027835845947,-0.6531691551208496,84.63436126708984,0.6091407537460327,0.4675913453102112,-27.794578552246094,0.31496024518439114,-0.06978516271656161,0.32606127858161926,-0.07974454015493393,0.01110103726387024,-0.009959377348423004,0.014913826655225575
2408,12040,12054,-0.3467765152454376,-0.8578495979309082,112.81129455566406,-0.32528162002563477,-0.5385502576828003,74.8108901977539,0.577671229839325,0.564215898513794,-38.000404357910156,0.28599238624213086,-0.14360520260394163,0.2747907340526581,-0.07224152237176895,-0.011201649904251099,0.07136368006467819,0.07223746806852491
2409,12045,12059,-0.36165279150009155,-0.7378132343292236,96.50975799560547,-0.2963141202926636,-0.4336552023887634,75.18518829345703,0.5689110159873962,0.5159075260162354,-21.324569702148438,0.29478938810395783,-0.09940053827993348,0.30362337827682495,-0.10108298808336258,0.008834004402160645,-0.0016824528574943542,0.008992790523251644
2410,12050,12064,-0.35215941071510315,-0.6375513076782227,83.77874755859375,-0.28074225783348083,-0.3448793888092041,80.00798034667969,0.4606444239616394,0.41070619225502014,-3.7707672119140625,0.2986876673512167,-0.03928026466916032,0.2894894480705261,-0.11154884845018387,-0.009198218584060669,-0.07226858288049698,0.072851597763367
2411,12055,12069,-0.3202987313270569,-0.5243383646011353,73.22010803222656,-0.24203063547611237,-0.24535314738750458,65.39832305908203,0.4577048718929291,0.412289559841156,-7.821784973144531,0.28970192748060225,0.005606349211925363,0.3039093017578125,-0.13273131847381592,0.01420736312866211,-0.13833767175674438,0.1390653105348218
2412,12060,12074,-0.2936989963054657,-0.41842058300971985,77.54117584228516,-0.18311847746372223,-0.15824320912361145,54.361106872558594,0.4236016273498535,0.4105624556541443,-23.180068969726562,0.2779069482470153,-0.051846360967880756,0.265176922082901,-0.08956748992204666,-0.012730032205581665,-0.03772112727165222,0.03981126929148745
2413,12065,12079,-0.27323776483535767,-0.31351014971733093,78.87236785888672,-0.1017909124493599,-0.08101189136505127,42.86015319824219,0.5093467235565186,0.5139379501342773,-36.01221466064453,0.26121564176469114,-0.12335256131158075,0.2526780962944031,-0.055242620408535004,-0.008537530899047852,0.06810994446277618,0.06864294551208196
2414,12070,12084,-0.2266138195991516,-0.21890981495380402,63.923492431640625,-0.008479739539325237,-0.023599589243531227,31.341981887817383,0.5084040760993958,0.5117086172103882,-32.581512451171875,0.2713145765313578,-0.11007705254893357,0.27569475769996643,-0.038265347480773926,0.004380166530609131,0.07181170582771301,0.07194516629157138
2415,12075,12089,-0.17028632760047913,-0.14457304775714874,51.42326736450195,0.08440715819597244,0.01094822958111763,20.389171600341797,0.4341118037700653,0.45752057433128357,-31.034095764160156,0.2803996704823325,-0.10213549457226018,0.3022434711456299,-0.11120373755693436,0.021843791007995605,-0.009068243205547333,0.023651305258609832
2416,12080,12094,-0.08794139325618744,-0.07199280709028244,39.70127868652344,0.19879309833049774,0.01937812939286232,15.325803756713867,0.43881940841674805,0.43768054246902466,-24.37547492980957,0.2789756875950327,-0.11286223066609548,0.30033791065216064,-0.14727428555488586,0.021362215280532837,-0.03441205620765686,0.04050350422038525
2417,12085,12099,0.0064333598129451275,-0.01803320087492466,28.55641746520996,0.31691721081733704,0.016912810504436493,15.325803756713867,0.4393063187599182,0.43768054246902466,-13.230613708496094,0.28941753008726884,-0.11772397240203122,0.29210972785949707,-0.136990487575531,0.002692192792892456,-0.019266515970230103,0.019453702466760245
2418,12090,12104,0.11303190141916275,0.01755388081073761,17.482202529907227,0.4288017451763153,0.0019248625030741096,-3.6004745960235596,0.5286343097686768,0.5101938247680664,-21.082677841186523,0.2964894341009403,-0.109767393124392,0.29110977053642273,-0.13807809352874756,-0.005379676818847656,-0.028310701251029968,0.028817299110088658
2419,12095,12109,0.2224179208278656,0.018885070458054543,15.325803756713867,0.5321658849716187,-0.03743239864706993,-22.366331100463867,0.43768054246902466,0.5183508992195129,-37.692134857177734,0.28384773098822175,-0.13618342204631004,0.2805456817150116,-0.12102184444665909,-0.0033020377159118652,0.015161581337451935,0.01551699074335856
2420,12100,12114,0.3405420482158661,0.01641974039375782,15.325803756713867,0.6307862997055054,-0.09878691285848618,-32.747554779052734,0.43768054246902466,0.5532646775245667,-48.07335662841797,0.24947275250303627,-0.18782343784987102,0.2808266282081604,-0.11408885568380356,0.03135387599468231,0.0737345889210701,0.08012399854755821
2421,12105,12119,0.44501039385795593,-0.0015693982131779194,-12.211566925048828,0.7034229040145874,-0.16851116716861725,-44.84989547729492,0.45493313670158386,0.4533035159111023,-32.638328552246094,0.2878773394220109,-0.10850444572724785,0.26989611983299255,-0.044452108442783356,-0.017981231212615967,0.06405233591794968,0.06652838801945693
2422,12110,12124,0.5461808443069458,-0.04437195882201195,-24.506084442138672,0.7727046608924866,-0.2690664231777191,-57.409324645996094,0.42935091257095337,0.4737105667591095,-32.90324020385742,0.29931890990230103,-0.11049357580136433,0.2852184772491455,-0.038024671375751495,-0.014100432395935059,0.07246890664100647,0.07382793931497239
2423,12115,12129,0.6449915170669556,-0.11038514226675034,-34.869327545166016,0.8181703686714172,-0.38101884722709656,-70.1766357421875,0.5682787895202637,0.4758774936199188,-35.307308197021484,0.29680909022434643,-0.12303607938748388,0.35845792293548584,-0.19935345649719238,0.06164884567260742,-0.07631737738847733,0.09810668817272468
2424,12120,12134,0.7263125777244568,-0.19649912416934967,-47.50288391113281,0.8563442826271057,-0.4929913282394409,-70.29248809814453,0.5557931661605835,0.5573650002479553,-22.78960418701172,0.30645039645774813,-0.10442238601600547,0.3679805397987366,-0.1594228446483612,0.06153014302253723,-0.055000461637973785,0.08252883908528044
2425,12125,12139,0.7888284921646118,-0.2996228039264679,-59.66393280029297,0.9006843566894531,-0.6042103171348572,-68.225341796875,0.5752853751182556,0.5591017007827759,-8.561408996582031,0.319377871886378,-0.05729801550140015,0.4191986620426178,-0.06886567920446396,0.09982079267501831,-0.01156766340136528,0.10048881274468455
2426,12130,12144,0.8221708536148071,-0.3975880444049835,-72.10420227050781,0.9506014585494995,-0.6965793371200562,-60.93739700317383,0.48457857966423035,0.4735652804374695,11.166805267333984,0.323990212893953,0.030340655105851405,0.47327330708503723,0.08132368326187134,0.14928308129310608,0.05098302662372589,0.15774887436707644
2427,12135,12149,0.8629747629165649,-0.5098085403442383,-69.27911376953125,1.0324335098266602,-0.7902757525444031,-46.487884521484375,0.47131842374801636,0.49245017766952515,22.791229248046875,0.3222824085633898,0.05926359046035144,0.4061020314693451,0.19356881082057953,0.08381962776184082,0.1343052238225937,0.1583149492125445
2428,12140,12154,0.9087757468223572,-0.6213178038597107,-67.14625549316406,1.1032155752182007,-0.8982030153274536,-59.23899841308594,0.5722351670265198,0.5102729797363281,7.907257080078125,0.33066608239132,0.07163943852459023,0.44888803362846375,0.15211260318756104,0.1182219386100769,0.0804731622338295,0.14301173591225663
2429,12145,12159,0.970786988735199,-0.7253413796424866,-58.598480224609375,1.1494691371917725,-1.0178539752960205,-69.59403228759766,0.5834265947341919,0.6111042499542236,-10.995552062988281,0.3427694824781071,0.00010331851436293227,0.47535422444343567,0.10637983679771423,0.13258475065231323,0.10627651959657669,0.16992179001851887
2430,12150,12164,1.055764079093933,-0.818479061126709,-46.945987701416016,1.1729557514190674,-1.1470867395401,-80.70354461669922,0.5872502326965332,0.6178455352783203,-33.7575569152832,0.32012235815412143,-0.13870317294296014,0.3863545358181,-0.04692927002906799,0.06623217463493347,0.09177389740943909,0.11317751191199855
2431,12155,12169,1.1107285022735596,-0.913716733455658,-60.90264129638672,1.1722618341445923,-1.2618732452392578,-91.34979248046875,0.5107038021087646,0.529059886932373,-30.44715118408203,0.3341406522681424,-0.11553930989189323,0.35353589057922363,-0.11206396669149399,0.01939523220062256,0.0034753456711769104,0.019704138135179478
2432,12160,12174,1.154808759689331,-1.0362266302108765,-71.85437774658203,1.1646617650985718,-1.3967097997665405,-93.46987915039062,0.5063976049423218,0.5271525979042053,-21.615501403808594,0.34562419203634165,-0.10290342621952964,0.35694023966789246,-0.1226610615849495,0.011316061019897461,-0.01975763589143753,0.022768781544576847
2433,12165,12179,1.1745277643203735,-1.1657072305679321,-82.91364288330078,1.152307152748108,-1.5320574045181274,-95.69503784179688,0.5208691358566284,0.5262594819068909,-12.781394958496094,0.36081049998366577,-0.06724573319937124,0.35238561034202576,-0.1432676613330841,-0.008424878120422363,-0.07602192461490631,0.07648732962719035
2434,12170,12184,1.170462727546692,-1.3010395765304565,-92.86920928955078,1.1360563039779663,-1.665176510810852,-96.29684448242188,0.6349915862083435,0.6354182362556458,-3.4276351928710938,0.3654027083616003,-0.01613597260542081,0.2796347737312317,-0.10094102472066879,-0.08576792478561401,-0.08480505645275116,0.12061523337449981
2435,12175,12189,1.1618021726608276,-1.436846137046814,-93.78675079345703,1.1127296686172485,-1.7941566705703735,-99.99645233154297,0.6437954306602478,0.6235112547874451,-6.2097015380859375,0.3597713448238068,-0.025367448899473653,0.26323768496513367,-0.050949618220329285,-0.09653365612030029,-0.025582170113921165,0.09986588101894456
2436,12180,12194,1.1487276554107666,-1.5503429174423218,-97.25883483886719,1.084344744682312,-1.9017765522003174,-104.93849182128906,0.5287936925888062,0.5029714107513428,-7.679656982421875,0.35675196744305293,-0.019462593830096422,0.26338616013526917,-0.06850504130125046,-0.09336581826210022,-0.04904244840145111,0.10546249458912169
2437,12185,12199,1.1324084997177124,-1.6825120449066162,-97.55317687988281,1.0448896884918213,-2.023958683013916,-109.03268432617188,0.5119361877441406,0.5164386034011841,-11.479507446289062,0.3499880297233596,-0.04187753626386484,0.3839002549648285,-0.12276982516050339,0.033912211656570435,-0.08089228719472885,0.08771317020285223
2438,12190,12204,1.1079187393188477,-1.813417911529541,-101.2360610961914,1.0379105806350708,-2.1528213024139404,-89.73994445800781,0.5294961333274841,0.5187315344810486,11.496116638183594,0.3465391581566101,-0.00253296076346389,0.44462159276008606,-0.1485413908958435,0.09808242321014404,-0.1460084319114685,0.17589378593918473
2439,12195,12209,1.0755105018615723,-1.9351938962936401,-104.78484344482422,1.0642011165618896,-2.2874341011047363,-78.2033462524414,0.5913887023925781,0.6534385085105896,26.581497192382812,0.3434639005751867,0.07895323351768385,0.46272072196006775,0.008940473198890686,0.11925682425498962,-0.07001276314258575,0.13828946863100347
2440,12200,12214,1.037482500076294,-2.0585074424743652,-106.77922058105469,1.110630750656128,-2.4148805141448975,-69.06757354736328,0.6037809252738953,0.637107253074646,37.711647033691406,0.3200834509956899,0.1729133227182632,0.4064570367336273,-0.021766074001789093,0.08637359738349915,-0.1946794092655182,0.21297997726767168
2441,12205,12219,1.0399123430252075,-2.1711363792419434,-87.15646362304688,1.1221987009048462,-2.557553291320801,-85.68582153320312,0.5238073468208313,0.6885054707527161,1.47064208984375,0.39002324803556326,0.06301539990704577,0.36156052350997925,0.0017848610877990723,-0.028462737798690796,-0.06123054027557373,0.06752263698520429
2442,12210,12224,1.0692458152770996,-2.306687831878662,-77.73493194580078,1.1126413345336914,-2.682546615600586,-95.17448425292969,0.534083366394043,0.5692061185836792,-17.439552307128906,0.3764986220220567,-0.03744040608708217,0.26233863830566406,-0.05898178368806839,-0.1141599714756012,-0.021541379392147064,0.11617456741226324
2443,12215,12229,1.1127817630767822,-2.432725191116333,-72.76454162597656,1.0750813484191895,-2.8242757320404053,-106.16783142089844,0.5191031098365784,0.5782358050346375,-33.403289794921875,0.3627974306631107,-0.15202358918119718,0.26994696259498596,-0.042621463537216187,-0.09285047650337219,0.1094021201133728,0.14349228157710825
2444,12220,12234,1.1219751834869385,-2.5794763565063477,-86.98858642578125,1.0084524154663086,-2.9564085006713867,-117.9738540649414,0.6896981596946716,0.589253306388855,-30.985267639160156,0.37044772881597393,-0.1331680906937024,0.3076578378677368,-0.10395362228155136,-0.06278988718986511,0.029214464128017426,0.0692535547651036
2445,12225,12239,1.104356050491333,-2.723299980163574,-97.91033935546875,0.9169617891311646,-3.066328287124634,-130.01844787597656,0.6865690350532532,0.6817291378974915,-32.10810852050781,0.3655540848631779,-0.13840245520632416,0.392607182264328,-0.20272117853164673,0.027053087949752808,-0.0643187165260315,0.06977654952183475
2446,12230,12244,1.0587069988250732,-2.8617892265319824,-109.04943084716797,0.8033400177955627,-3.1486575603485107,-146.2712860107422,0.6867625117301941,0.6626328229904175,-37.22185516357422,0.35450629831943814,-0.14775324158422729,0.35420650243759155,-0.2110132873058319,-0.00029978156089782715,-0.0632600486278534,0.06326075893776986
2447,12235,12249,0.9966663718223572,-2.971402168273926,-120.69178009033203,0.6957188248634338,-3.189246654510498,-160.8587188720703,0.5801230072975159,0.5264385938644409,-40.16693878173828,0.3409395432029493,-0.14760038646573304,0.3637344241142273,-0.14761850237846375,0.022794872522354126,-1.811981201171875e-05,0.022794879724138982
2448,12240,12254,0.90353924036026,-3.0817604064941406,-131.96067810058594,0.5590901374816895,-3.2037389278411865,-176.20741271972656,0.5631322264671326,0.5416502356529236,-44.246734619140625,0.32100940847364123,-0.17457635525828458,0.3596492409706116,-0.14044299721717834,0.038639843463897705,0.03413335978984833,0.05155699519422901
2449,12245,12259,0.7861430644989014,-3.1578614711761475,-148.7025604248047,0.42503058910369873,-3.1831374168395996,175.52963256835938,0.5488563179969788,0.5538207292556763,-35.767822265625,0.3216944983149081,-0.1659932018763183,0.3733755946159363,-0.09165797382593155,0.05168110132217407,0.07433522492647171,0.09053541792437898
2450,12250,12264,0.657356321811676,-3.1972248554229736,-163.84217834472656,0.28863176703453064,-3.12530779838562,155.1522979736328,0.6378062963485718,0.6655751466751099,-41.005523681640625,0.33414612008551375,-0.17168643167214903,0.4247436821460724,-0.0986911877989769,0.09059756994247437,0.07299523800611496,0.11634528117225428
2451,12255,12269,0.5186623334884644,-3.2014002799987793,-179.36422729492188,0.17202843725681305,-3.0367228984832764,141.09861755371094,0.6486771702766418,0.697353184223175,-39.53717041015625,0.3447852945240971,-0.16851352767645894,0.3899933099746704,-0.11157288402318954,0.04520800709724426,0.05694063752889633,0.0727048836592264
2452,12260,12274,0.39844295382499695,-3.1761586666107178,170.25830078125,0.08777081221342087,-2.9374969005584717,129.48329162597656,0.5976575613021851,0.5873769521713257,-40.77500915527344,0.34657559753883516,-0.18265259020863614,0.4154890775680542,-0.2314128875732422,0.06891348958015442,-0.048760294914245605,0.08441940183534978
2453,12265,12279,0.270701140165329,-3.1163456439971924,151.3437957763672,0.017813680693507195,-2.802119731903076,115.60861206054688,0.5184391736984253,0.5916762351989746,-35.73518371582031,0.3725999690664311,-0.1544644072241464,0.32679757475852966,-0.17475509643554688,-0.04580238461494446,-0.020290687680244446,0.05009561301104643
2454,12270,12284,0.15567727386951447,-3.019922971725464,137.55674743652344,-0.025080280378460884,-2.6527509689331055,104.90605163574219,0.5894315838813782,0.6399245858192444,-32.65069580078125,0.3811789019171864,-0.14896716789982611,0.30679985880851746,-0.19940665364265442,-0.07437905669212341,-0.050439491868019104,0.0898687176625664
2455,12275,12289,0.06431098282337189,-2.899129629135132,125.79705047607422,-0.0446818582713604,-2.5053672790527344,97.53226470947266,0.7199912667274475,0.7032957673072815,-28.264785766601562,0.38312990263531327,-0.14191443292008557,0.37361374497413635,-0.2763042449951172,-0.009516149759292603,-0.13438981771469116,0.1347263159580533
2456,12280,12294,0.004848979879170656,-2.765185594558716,113.01600646972656,-0.046109769493341446,-2.356462001800537,90.02130126953125,0.6927281618118286,0.7099167108535767,-22.994705200195312,0.39611169430792426,-0.11290391932882812,0.48035988211631775,-0.29021981358528137,0.08424818515777588,-0.17731589078903198,0.19631271438367615
2457,12285,12299,-0.0279198307543993,-2.6321358680725098,102.4120101928711,-0.06470216065645218,-2.2151572704315186,97.5140151977539,0.6190419793128967,0.6687104105949402,-4.8979949951171875,0.41513865510442516,-0.05370277328765357,0.501436710357666,-0.26103657484054565,0.08629804849624634,-0.20733380317687988,0.22457662192234001
2458,12290,12304,-0.04606178030371666,-2.4855377674102783,96.00511932373047,-0.11703013628721237,-2.110250234603882,118.29939270019531,0.5846962332725525,0.530703067779541,22.294273376464844,0.38065268171051336,0.031317347688818754,0.4157048463821411,-0.0408787801861763,0.03505215048789978,-0.0721961259841919,0.08025542885656821
2459,12295,12309,-0.04880281910300255,-2.3356969356536865,91.4820785522461,-0.1916968822479248,-2.004051446914673,126.65934753417969,0.5783977508544922,0.49709367752075195,35.177268981933594,0.33523039131113386,0.13426848907969657,0.4061288833618164,0.10874421894550323,0.07089850306510925,-0.02552427351474762,0.07535307741113798
2460,12300,12314,-0.07128556817770004,-2.195209264755249,100.0074462890625,-0.25325942039489746,-1.896122694015503,117.73979187011719,0.6692109704017639,0.487150639295578,17.732345581054688,0.326158738199585,0.12723102794546812,0.2852497100830078,0.004267774522304535,-0.040909022092819214,-0.12296325713396072,0.12958977850734724
2461,12305,12319,-0.1377345472574234,-2.076554775238037,121.22071075439453,-0.29265743494033813,-1.768237829208374,106.68699645996094,0.6355172395706177,0.638044536113739,-14.533714294433594,0.343967681783129,-0.027325340360393274,0.2743517756462097,-0.03400598466396332,-0.06961590051651001,-0.006680645048618317,0.06993571779134213
2462,12310,12324,-0.21203258633613586,-1.9745159149169922,126.6612319946289,-0.3108375668525696,-1.6365411281585693,97.40299987792969,0.6013064980506897,0.6317954063415527,-29.25823211669922,0.33011128275541296,-0.12253946979169633,0.3799181878566742,-0.012281760573387146,0.04980689287185669,0.11025770753622055,0.12098548941377786
2463,12315,12329,-0.25934651494026184,-1.879360556602478,114.57929992675781,-0.30646687746047974,-1.518186330795288,87.07051086425781,0.4914889633655548,0.5566054582595825,-27.5087890625,0.34804676726313494,-0.10738062091988919,0.4125974178314209,-0.1232622042298317,0.06455063819885254,-0.015881583094596863,0.06647563142588227
2464,12320,12334,-0.29603660106658936,-1.7504554986953735,103.3994140625,-0.2870367765426636,-1.386350154876709,80.87626647949219,0.5236490368843079,0.5079324841499329,-22.523147583007812,0.3521081575636873,-0.0931318614431975,0.3902178406715393,-0.1889265477657318,0.03810968995094299,-0.0957946851849556,0.10309689703304245
2465,12325,12339,-0.3116389513015747,-1.6192550659179688,94.81922149658203,-0.2572697103023529,-1.2635053396224976,75.59463500976562,0.5049225091934204,0.504105269908905,-19.224586486816406,0.34992437902859624,-0.08406432708102449,0.3986424505710602,-0.16881093382835388,0.04871806502342224,-0.08474660664796829,0.09775191659487736
2466,12330,12344,-0.30168065428733826,-1.4775331020355225,85.56970977783203,-0.25106915831565857,-1.138899326324463,88.17774200439453,0.6708604097366333,0.583412766456604,2.6080322265625,0.34153149824000345,-0.024302125149008282,0.41831761598587036,-0.1100006029009819,0.07678613066673279,-0.08569847792387009,0.11506667189606472
2467,12335,12349,-0.28007182478904724,-1.3522791862487793,79.47620391845703,-0.26786258816719055,-1.0173910856246948,98.88945770263672,0.5994813442230225,0.5685299038887024,19.413253784179688,0.3314849359559977,0.04916139372254915,0.35723695158958435,0.03191229701042175,0.025752007961273193,-0.01724909618496895,0.030995116280404373
2468,12340,12354,-0.2544422447681427,-1.2449207305908203,77.412353515625,-0.29930561780929565,-0.9208472371101379,108.90699768066406,0.5132104158401489,0.45851802825927734,31.494644165039062,0.3065067880575532,0.11441127694438893,0.2961633503437042,-0.008730940520763397,-0.010343432426452637,-0.12314222007989883,0.12357585913343605
2469,12345,12359,-0.25188910961151123,-1.119518518447876,90.39031982421875,-0.3480934202671051,-0.8147271871566772,114.34498596191406,0.4938524663448334,0.46838170289993286,23.954666137695312,0.30543963280237124,0.0941257442601752,0.26792776584625244,-0.040348201990127563,-0.037511855363845825,-0.13447394967079163,0.1396079597762989
2470,12350,12364,-0.27229198813438416,-0.9997161626815796,101.81727600097656,-0.3679625391960144,-0.7050818204879761,97.99659729003906,0.49977630376815796,0.43903252482414246,-3.8206787109375,0.30798225518631983,0.03330436053495087,0.2656058073043823,-0.04188927263021469,-0.04237645864486694,-0.0751936286687851,0.08631249063524501
2471,12355,12369,-0.3129878044128418,-0.8923150300979614,111.4265365600586,-0.3616928160190582,-0.5908746123313904,85.86154174804688,0.5453240275382996,0.5364313125610352,-25.56499481201172,0.29839921136183684,-0.06477973662713041,0.3427572250366211,-0.06429050117731094,0.044358015060424805,0.0004892349243164062,0.04436071292159364
2472,12360,12374,-0.35685786604881287,-0.7841297388076782,111.28792572021484,-0.33476564288139343,-0.4876428544521332,74.22953796386719,0.5437135100364685,0.5149784088134766,-37.058387756347656,0.2682362297455647,-0.12822583191861953,0.3579617440700531,-0.14212805032730103,0.08972552418708801,-0.013902217149734497,0.0907961526295365
2473,12365,12379,-0.36873146891593933,-0.6881532669067383,96.08535766601562,-0.2884211540222168,-0.38450708985328674,65.06795501708984,0.4498366713523865,0.5397825241088867,-31.01740264892578,0.2934214584480206,-0.11204729019365642,0.31946828961372375,-0.16827955842018127,0.026046842336654663,-0.0562322661280632,0.06197181415456441
2474,12370,12384,-0.3602134585380554,-0.5777508020401001,84.26459503173828,-0.25105372071266174,-0.30323290824890137,65.87489318847656,0.42367374897003174,0.4055924117565155,-18.38970184326172,0.28405249482292205,-0.0811794466508511,0.29687464237213135,-0.12861105799674988,0.012822151184082031,-0.04743161052465439,0.0491341555127384
2475,12375,12389,-0.3297923505306244,-0.47350332140922546,71.15727233886719,-0.21489334106445312,-0.20632533729076385,69.90428161621094,0.42602604627609253,0.4050181806087494,-1.25299072265625,0.28996868710327106,-0.022450524181901077,0.31557855010032654,-0.1375037133693695,0.025609850883483887,-0.115053191781044,0.11786900101926703
2476,12380,12394,-0.28119516372680664,-0.37053582072257996,64.79356384277344,-0.16078822314739227,-0.12167852371931076,54.07413864135742,0.5330082774162292,0.39555975794792175,-10.719425201416016,0.2764399236865338,-0.0029581236263376,0.29888033866882324,-0.09541705995798111,0.022440403699874878,-0.09245893359184265,0.0951431874552988
2477,12385,12399,-0.2401951551437378,-0.27548182010650635,67.38444519042969,-0.08877713233232498,-0.04675697162747383,44.873924255371094,0.4832189083099365,0.48632779717445374,-22.510520935058594,0.2693644393220737,-0.051819655855825056,0.34728139638900757,-0.13876575231552124,0.0779169499874115,-0.08694609999656677,0.11675048351057812
2478,12390,12404,-0.20298638939857483,-0.17991763353347778,68.38895416259766,-0.00352079002186656,0.01069330982863903,32.88886642456055,0.4833545386791229,0.49024826288223267,-35.50008773803711,0.25067598220855214,-0.11524153339110009,0.2946185767650604,-0.19248193502426147,0.04394260048866272,-0.07724040001630783,0.08886524366919538
2479,12395,12409,-0.15143923461437225,-0.10914391279220581,53.338504791259766,0.08138859272003174,0.04873457923531532,22.993450164794922,0.39894258975982666,0.42490339279174805,-30.345054626464844,0.2656647865241229,-0.09250208349517802,0.29673224687576294,-0.210604727268219,0.031067460775375366,-0.11810264736413956,0.12212052421050193
2480,12400,12414,-0.0783705934882164,-0.03770856931805611,42.42844009399414,0.1901867836713791,0.07300204783678055,11.814915657043457,0.39697837829589844,0.4440576136112213,-30.613525390625,0.2729207195339237,-0.09946950914613514,0.3030864894390106,-0.21204841136932373,0.030165761709213257,-0.11257889866828918,0.11655033935970312
2481,12405,12419,0.010271389968693256,0.018556710332632065,31.717920303344727,0.30711618065834045,0.07460974901914597,-0.31349924206733704,0.5059632658958435,0.4667704999446869,-32.03141784667969,0.28197923536280495,-0.10838116832595343,0.30861252546310425,-0.18273314833641052,0.02663329243659973,-0.07435198128223419,0.07897815765518429
2482,12410,12424,0.11115953326225281,0.05647091940045357,19.7016658782959,0.42454424500465393,0.05357341095805168,-12.310693740844727,0.5089038014411926,0.5703942775726318,-32.012359619140625,0.2940625879999904,-0.1083769691760639,0.3157189190387726,-0.1431470811367035,0.021656334400177002,-0.03477010875940323,0.04096287688618829
2483,12415,12429,0.2222500890493393,0.07507410645484924,8.371567726135254,0.5346953868865967,0.006279840134084225,-23.8350830078125,0.5347727537155151,0.5650907158851624,-32.20664978027344,0.2991001842500211,-0.113550806078573,0.27127060294151306,-0.08517395704984665,-0.02782958745956421,0.028376847505569458,0.03974583515947145
2484,12420,12434,0.3232208788394928,0.0756852924823761,-0.2910923957824707,0.6213597655296326,-0.05258814990520477,-34.952850341796875,0.45449867844581604,0.48765918612480164,-34.66175842285156,0.298786732044121,-0.12675709263465573,0.25841084122657776,-0.05270954221487045,-0.04037588834762573,0.07404754310846329,0.08434009129862066
2485,12425,12439,0.44071438908576965,0.047799158841371536,-14.666799545288086,0.7044677734375,-0.13836008310317993,-47.50722885131836,0.4785008132457733,0.484476238489151,-32.840431213378906,0.3022939206112644,-0.11331149673725868,0.2835415005683899,-0.03841330111026764,-0.01875242590904236,0.07489819824695587,0.07721006137877645
2486,12430,12444,0.5486875772476196,-0.0017916039796546102,-25.68210792541504,0.7651284337043762,-0.23982129991054535,-60.29778289794922,0.46830353140830994,0.4730539917945862,-34.61567687988281,0.298215937383437,-0.1207146705570885,0.3592638075351715,-0.20194372534751892,0.061047881841659546,-0.08122905343770981,0.1016120219252601
2487,12435,12449,0.6449655294418335,-0.0734083279967308,-37.975765228271484,0.8054414987564087,-0.3514312505722046,-70.5101318359375,0.5576445460319519,0.5623889565467834,-32.534366607666016,0.2975738827606278,-0.12041205238995045,0.35659193992614746,-0.19644123315811157,0.05901804566383362,-0.07602918148040771,0.0962474215268083
2488,12440,12454,0.7225112318992615,-0.16511210799217224,-50.85536193847656,0.8445242643356323,-0.46423599123954773,-71.034912109375,0.5517986416816711,0.5529433488845825,-20.179550170898438,0.30901138446542387,-0.09420319465957834,0.35944539308547974,-0.16477707028388977,0.05043402314186096,-0.07057387381792068,0.08674250605061833
2489,12445,12459,0.771325945854187,-0.25503772497177124,-63.09269714355469,0.8842546939849854,-0.5593084096908569,-67.05558776855469,0.46120017766952515,0.46774592995643616,-3.962890625,0.3224360176846568,-0.036994137825745385,0.3892222046852112,-0.10260464996099472,0.06678619980812073,-0.06561051309108734,0.09362230456940253
2490,12450,12464,0.8118511438369751,-0.36915820837020874,-70.97529602050781,0.937839150428772,-0.6620802879333496,-60.98709487915039,0.47291749715805054,0.45541712641716003,9.988201141357422,0.31799116425605045,0.023620794983472873,0.31405308842658997,-0.025592409074306488,-0.003938078880310059,-0.04921320453286171,0.04937051717027911
2491,12455,12469,0.8511010408401489,-0.4809921383857727,-70.3863754272461,1.0128059387207031,-0.7561882734298706,-50.51777648925781,0.473185271024704,0.47562068700790405,19.86859893798828,0.3135089954166077,0.05994577995688498,0.27008292078971863,-0.04068843275308609,-0.043426066637039185,-0.10063421726226807,0.10960414658010864
2492,12460,12474,0.8976790904998779,-0.5896680951118469,-66.98816680908203,1.0812832117080688,-0.8582468628883362,-57.74094009399414,0.5633136034011841,0.5808098912239075,9.24722671508789,0.31898112945931134,0.06400052244967594,0.3292918801307678,0.04004297032952309,0.010310739278793335,-0.02395755425095558,0.0260820963529148
2493,12465,12479,0.9578208327293396,-0.689443826675415,-57.902671813964844,1.1266199350357056,-0.9743283987045288,-69.16194152832031,0.5528197884559631,0.5851536989212036,-11.259269714355469,0.3310319602800349,-0.008378400372606842,0.4492936432361603,0.10875090956687927,0.11826169490814209,0.11712931096553802,0.1664485024558893
2494,12470,12484,1.0249184370040894,-0.7689453959465027,-49.36686706542969,1.151542067527771,-1.0959529876708984,-79.29965209960938,0.4764872193336487,0.5860804319381714,-29.932785034179688,0.3306233547123303,-0.11685763206205904,0.3838576674461365,-0.08141911774873734,0.05323430895805359,0.03543851524591446,0.06395138789014994
2495,12475,12489,1.088773488998413,-0.8748959302902222,-61.72369384765625,1.1539870500564575,-1.2057543992996216,-89.45112609863281,0.4865771532058716,0.4953245222568512,-27.727432250976562,0.32227146275278207,-0.09930377312215882,0.35802796483039856,-0.10882430523633957,0.03575649857521057,-0.009520530700683594,0.03700226608171038
2496,12480,12494,1.1317567825317383,-0.9912458062171936,-71.0514144897461,1.164311170578003,-1.3361064195632935,-84.82711029052734,0.49708354473114014,0.5046966671943665,-13.77569580078125,0.33674378196817273,-0.08119270979765801,0.3205161988735199,-0.0779150053858757,-0.01622757315635681,0.003277704119682312,0.016555285405002673
2497,12485,12499,1.1531243324279785,-1.1156995296478271,-80.68931579589844,1.172622561454773,-1.4642282724380493,-86.12745666503906,0.5921768546104431,0.5010392665863037,-5.438140869140625,0.34709164965400235,-0.037146362225357804,0.2740543782711029,-0.0435379222035408,-0.07303726673126221,-0.006391558796167374,0.0733163989528837
2498,12490,12504,1.15603768825531,-1.2447171211242676,-89.22252655029297,1.1842437982559204,-1.590417742729187,-84.80978393554688,0.6152068376541138,0.602941632270813,4.412742614746094,0.3460515253304852,0.02351268244668775,0.2894393503665924,-0.030366070568561554,-0.05661216378211975,-0.05387875437736511,0.07815278153303305
2499,12495,12509,1.1664700508117676,-1.373338222503662,-85.43521881103516,1.1855345964431763,-1.7164238691329956,-89.49689483642578,0.6050750017166138,0.6054168343544006,-4.061676025390625,0.34351464938802034,-0.008300811949767374,0.36750152707099915,-0.028410613536834717,0.023986876010894775,-0.02010980248451233,0.031301347842036094
2500,12500,12514,1.174326777458191,-1.4812414646148682,-85.24076843261719,1.183316946029663,-1.8198974132537842,-91.8917236328125,0.49627724289894104,0.47088104486465454,-6.6509552001953125,0.33823421611340154,-0.01913869717667311,0.38730162382125854,-0.053048886358737946,0.049067407846450806,-0.03391018882393837,0.05964487755746588
2501,12505,12519,1.1845680475234985,-1.6063523292541504,-86.67820739746094,1.170722484588623,-1.9405643939971924,-97.0920181274414,0.4843965470790863,0.48353642225265503,-10.413810729980469,0.332848274500603,-0.03318779888395921,0.40072986483573914,-0.08465024083852768,0.06788158416748047,-0.05146244168281555,0.08518387390254054
2502,12510,12524,1.186143159866333,-1.734329342842102,-89.74699401855469,1.1562292575836182,-2.0565366744995117,-98.00291442871094,0.5033482313156128,0.4538015127182007,-8.25592041015625,0.3220720972697913,-0.03133640508746793,0.4103822112083435,-0.09573248773813248,0.0883101224899292,-0.06439608335494995,0.1092956233599679
2503,12515,12529,1.1815768480300903,-1.8533213138580322,-93.08531188964844,1.138627052307129,-2.1705830097198486,-99.08806610107422,0.5480407476425171,0.5376588702201843,-6.002754211425781,0.3191135049043149,-0.02581161756735912,0.4048554599285126,-0.13539710640907288,0.08574196696281433,-0.1095854863524437,0.13914260209495138
2504,12520,12534,1.1677165031433105,-1.9748308658599854,-96.70463562011719,1.1173566579818726,-2.279064655303955,-101.9547119140625,0.5632871389389038,0.508574903011322,-5.2500762939453125,0.3080327643477124,-0.014495817756457148,0.4047375023365021,-0.1892719566822052,0.09670475125312805,-0.1747761368751526,0.19974610618465494
2505,12525,12539,1.154067873954773,-2.074054002761841,-97.66799926757812,1.0907971858978271,-2.3691563606262207,-106.74471282958984,0.4642287492752075,0.43175292015075684,-9.076713562011719,0.3009058944601484,-0.023328614692130975,0.3980312645435333,-0.1826663613319397,0.09712538123130798,-0.15933774411678314,0.18660615311278558
2506,12530,12544,1.1365103721618652,-2.1886019706726074,-98.85643005371094,1.0537811517715454,-2.4710378646850586,-110.11705780029297,0.45966973900794983,0.4192390441894531,-11.260627746582031,0.29180538809513856,-0.038259294447862385,0.4290190637111664,-0.1380929946899414,0.13721367716789246,-0.09983369708061218,0.16968901047126783
2507,12535,12549,1.1134138107299805,-2.2939844131469727,-103.84175872802734,1.0176442861557007,-2.559415340423584,-113.44580841064453,0.42021599411964417,0.36405399441719055,-9.604049682617188,0.28063487326927916,-0.02948638494697084,0.4078429639339447,-0.12099567800760269,0.12720808386802673,-0.09150929749011993,0.15670305717665559
2508,12540,12554,1.0799980163574219,-2.399462938308716,-107.60543060302734,0.9953930974006653,-2.658869504928589,-101.37220764160156,0.5322115421295166,0.46867260336875916,6.233222961425781,0.27284610661005293,-0.0021820231267359047,0.32431262731552124,-0.08874066919088364,0.051466524600982666,-0.08655864745378494,0.1007035381877528
2509,12545,12559,1.0439807176589966,-2.4986886978149414,-110.0282211303711,1.0038669109344482,-2.7603418827056885,-84.54475402832031,0.4916287362575531,0.47756117582321167,25.48346710205078,0.2595677532730156,0.05192386844414401,0.3635779321193695,-0.0008175447583198547,0.10401016473770142,-0.052741412073373795,0.11661805570432568
2510,12550,12564,1.0121955871582031,-2.575329303741455,-112.29827117919922,0.990932047367096,-2.8683226108551025,-98.12712097167969,0.39418384432792664,0.5140607953071594,14.171150207519531,0.2791515972166634,0.09149645845182139,0.32952386140823364,-0.005870901048183441,0.05037227272987366,-0.09736736118793488,0.10962558499125348
2511,12555,12569,0.9956122040748596,-2.673905849456787,-97.50595092773438,0.9654079675674438,-2.9599459171295166,-106.19790649414062,0.3977826237678528,0.4247820973396301,-8.69195556640625,0.2875346301326727,0.007419750109179262,0.27144572138786316,-0.046596452593803406,-0.016088902950286865,-0.05401620268821716,0.056361360443111276
2512,12560,12574,1.0041452646255493,-2.7757956981658936,-84.7012710571289,0.9210754036903381,-3.0625617504119873,-114.0009765625,0.40544185042381287,0.4408990442752838,-29.299705505371094,0.2778692514842406,-0.10919729665240147,0.30383357405662537,-0.044285908341407776,0.025964319705963135,0.064911387860775,0.06991161685875555
2513,12565,12579,0.9869526028633118,-2.8857786655426025,-100.14566802978516,0.8581494688987732,-3.1537888050079346,-125.05659484863281,0.5387743711471558,0.4410627484321594,-24.910926818847656,0.28650813828063254,-0.0795786961081893,0.43124470114707947,-0.16987395286560059,0.14473655819892883,-0.09029525518417358,0.1705928028612196
2514,12570,12584,0.9536820650100708,-2.9893293380737305,-109.18064880371094,0.787911593914032,-3.225356101989746,-135.61526489257812,0.51171875,0.46835267543792725,-26.434616088867188,0.27738780428394616,-0.07902207543845205,0.4182361364364624,-0.1453951895236969,0.1408483386039734,-0.06637311726808548,0.15570370960058263
2515,12575,12589,0.9042112827301025,-3.088143825531006,-117.07435607910156,0.7023900151252747,-3.286691904067993,-145.3581085205078,0.52544766664505,0.49686160683631897,-28.28375244140625,0.26864873494263275,-0.08933655893346386,0.4142305552959442,-0.0825079157948494,0.14558181166648865,0.006828643381595612,0.14574187544604322
2516,12580,12594,0.848768413066864,-3.165792465209961,-126.95399475097656,0.62053382396698,-3.3254663944244385,-155.86038208007812,0.4379395544528961,0.4150356650352478,-28.906387329101562,0.2648069897427223,-0.08639473083342904,0.40910232067108154,-0.16908806562423706,0.144295334815979,-0.08269333839416504,0.16631094932212784
2517,12585,12599,0.7767133712768555,-3.235339403152466,-136.71180725097656,0.5207656025886536,-3.3508620262145996,-168.8709259033203,0.39915576577186584,0.3939817547798157,-32.15911865234375,0.2655181904162312,-0.09140474437202456,0.3303970396518707,-0.12627282738685608,0.06487885117530823,-0.03486808389425278,0.07365492925992424
2518,12590,12604,0.6893959045410156,-3.2946057319641113,-148.19168090820312,0.4196998178958893,-3.354872465133667,-179.0969696044922,0.4100499749183655,0.39039018750190735,-30.905288696289062,0.260957437000354,-0.09093555054450483,0.2728908658027649,-0.03835754841566086,0.01193341612815857,0.05257800221443176,0.05391523659735332
2519,12595,12609,0.5910515785217285,-3.3370354175567627,-157.5714569091797,0.31053227186203003,-3.3395473957061768,170.9141387939453,0.498697966337204,0.5069522261619568,-31.514404296875,0.26025812418153005,-0.1047048243423977,0.29186883568763733,-0.05312361568212509,0.031610697507858276,0.051581211388111115,0.0604967566502397
2520,12600,12614,0.4906710386276245,-3.3537538051605225,-171.247802734375,0.20878322422504425,-3.301206350326538,157.62644958496094,0.4756191074848175,0.5151731967926025,-31.125732421875,0.27060974757920864,-0.09482799077393717,0.3216307759284973,-0.09133880585432053,0.051021039485931396,0.003489181399345398,0.05114020783163194
2521,12605,12619,0.4015488922595978,-3.354102849960327,179.0729522705078,0.1241772472858429,-3.253589391708374,149.64981079101562,0.41586002707481384,0.4427766799926758,-29.423141479492188,0.2789615790476935,-0.09601261448596916,0.3439207077026367,-0.08438970893621445,0.06495913863182068,0.011622905731201172,0.06599076927438023
2522,12610,12624,0.295399934053421,-3.336860418319702,169.85836791992188,0.04021301865577698,-3.1813535690307617,138.13853454589844,0.4320661127567291,0.43104085326194763,-31.719833374023438,0.2785817090227452,-0.10814330013414639,0.36547765135765076,-0.06656048446893692,0.08689594268798828,0.04158281534910202,0.09633294030596003
2523,12615,12629,0.19364917278289795,-3.294267177581787,155.32627868652344,-0.035190649330616,-3.0878868103027344,128.00794982910156,0.4319457411766052,0.48741790652275085,-27.318328857421875,0.2941002343906899,-0.09200852626003539,0.32727867364883423,-0.10879061371088028,0.03317844867706299,-0.016782090067863464,0.037181285664462764
2524,12620,12634,0.09858070313930511,-3.2336530685424805,147.05514526367188,-0.09606076776981354,-2.984679698944092,119.1755142211914,0.5436090230941772,0.5713239312171936,-27.87963104248047,0.29874161137288224,-0.10308487086461784,0.28293344378471375,-0.0916682556271553,-0.015808165073394775,0.011416614055633545,0.019499670753194472
2525,12625,12639,0.019379839301109314,-3.1577138900756836,135.96499633789062,-0.13697317242622375,-2.874098777770996,109.3104476928711,0.5138676166534424,0.5615721940994263,-26.65454864501953,0.3095447831380563,-0.09521461776335484,0.25812631845474243,-0.04113079607486725,-0.051418453454971313,0.054083824157714844,0.07462517933796656
2526,12630,12644,-0.04542208090424538,-3.075377941131592,127.288818359375,-0.15990526974201202,-2.7566423416137695,100.69551849365234,0.4807053804397583,0.5575708746910095,-26.593299865722656,0.32294111929784797,-0.102018710274482,0.2655690610408783,-0.05338280647993088,-0.057372063398361206,0.04863590747117996,0.07521306504943644
2527,12635,12649,-0.1032087504863739,-2.970458507537842,117.7870101928711,-0.16565875709056854,-2.649852752685547,92.76131439208984,0.45848241448402405,0.5136749148368835,-25.02569580078125,0.31274896764160715,-0.09421325070489156,0.3738102316856384,-0.20724225044250488,0.06106126308441162,-0.11302900314331055,0.12846802481954112
2528,12640,12654,-0.14109082520008087,-2.856257677078247,106.66270446777344,-0.15598450601100922,-2.532857894897461,84.59304809570312,0.4814608693122864,0.45971354842185974,-22.069656372070312,0.31409058211137314,-0.07846239272171417,0.336097776889801,-0.21322494745254517,0.02200719714164734,-0.13476255536079407,0.13654765854236542
2529,12645,12659,-0.16115939617156982,-2.7431397438049316,101.37419891357422,-0.14111962914466858,-2.4193577766418457,81.71617126464844,0.6009162068367004,0.4487360417842865,-19.65802764892578,0.3134707557251172,-0.08350113668456294,0.4201842248439789,-0.3038254678249359,0.10671347379684448,-0.2203243374824524,0.2448072286042048
2530,12650,12664,-0.16386057436466217,-2.61607027053833,90.7805404663086,-0.13195258378982544,-2.3059568405151367,85.51016235351562,0.6037861108779907,0.5378117561340332,-5.270378112792969,0.30964998494307006,-0.03612957470038079,0.48683932423591614,-0.3341950476169586,0.17718935012817383,-0.2980654835700989,0.34675509844084695
2531,12655,12669,-0.1528746336698532,-2.5000948905944824,83.79613494873047,-0.14295759797096252,-2.201303482055664,97.1174087524414,0.5489143133163452,0.4946596026420593,13.321273803710938,0.29811328786553803,0.022430359151448424,0.5208708643913269,-0.21542122960090637,0.22275757789611816,-0.2378515899181366,0.325874695760089
2532,12660,12674,-0.13960734009742737,-2.4034407138824463,82.65863037109375,-0.17370256781578064,-2.117788791656494,110.9500503540039,0.44557589292526245,0.41383224725723267,28.291419982910156,0.27895355902797114,0.07031654947575283,0.44208648800849915,-0.06250760704278946,0.1631329357624054,-0.1328241527080536,0.21036779761425803
2533,12665,12679,-0.13181400299072266,-2.29054856300354,87.5392074584961,-0.20641818642616272,-2.026606559753418,112.61095428466797,0.4376021921634674,0.37938037514686584,25.071746826171875,0.26049542051579455,0.08586792856506788,0.39556077122688293,0.028557702898979187,0.13506534695625305,-0.05731022357940674,0.1467211970886777
2534,12670,12684,-0.14679941534996033,-2.1880569458007812,98.98638153076172,-0.24904470145702362,-1.940956950187683,117.37114715576172,0.48540428280830383,0.37470173835754395,18.384765625,0.260037648517248,0.06239333070712419,0.42018643021583557,0.12440353631973267,0.1601487696170807,0.062010206282138824,0.1717349530323347
2535,12675,12689,-0.1798979938030243,-2.090282917022705,108.62908172607422,-0.283061146736145,-1.8463480472564697,109.38215637207031,0.48141735792160034,0.4618157148361206,0.7530746459960938,0.2641087135948822,0.019835428259282598,0.4187997877597809,0.11760737746953964,0.15469107031822205,0.09777195006608963,0.18299912965892226
2536,12680,12694,-0.21772286295890808,-2.001457452774048,113.7844009399414,-0.30234652757644653,-1.747645378112793,101.32945251464844,0.44706991314888,0.477287232875824,-12.454948425292969,0.26638408914639056,-0.024924905351874457,0.3987027406692505,0.04675869643688202,0.1323186457157135,0.0716836005449295,0.1504884134780001
2537,12685,12699,-0.25519540905952454,-1.9255558252334595,116.1912841796875,-0.3075791895389557,-1.6567434072494507,93.08955383300781,0.38863664865493774,0.43549293279647827,-23.101730346679688,0.2643328385393249,-0.07164026095339054,0.4019240140914917,-0.07490525394678116,0.1375911831855774,-0.00326499342918396,0.1376299163427041
2538,12690,12704,-0.2852986752986908,-1.8327338695526123,105.53777313232422,-0.30221912264823914,-1.5477043390274048,86.68275451660156,0.3901367783546448,0.4332360029220581,-18.855018615722656,0.27914540044289693,-0.06004981450016125,0.41513296961784363,-0.14696669578552246,0.13598757982254028,-0.08691687881946564,0.16139134329235083
2539,12695,12709,-0.30331161618232727,-1.7358088493347168,99.95875549316406,-0.2871733605861664,-1.4439847469329834,81.89859008789062,0.39015576243400574,0.41122061014175415,-18.060165405273438,0.2846361051423351,-0.06636292402890309,0.403613805770874,-0.18137001991271973,0.11897769570350647,-0.11500709503889084,0.1654760526003707
2540,12700,12714,-0.30677711963653564,-1.626342535018921,90.82554626464844,-0.2625681459903717,-1.3398574590682983,77.75849151611328,0.5130248069763184,0.5001488327980042,-13.067054748535156,0.2858183756379479,-0.04833206224615412,0.3717905282974243,-0.16375458240509033,0.08597216010093689,-0.11542251706123352,0.14392209613944576
2541,12705,12719,-0.29771000146865845,-1.5180059671401978,85.43099975585938,-0.24950940907001495,-1.2422192096710205,83.01183319091797,0.5102185010910034,0.4661638140678406,-2.4191665649414062,0.278749981630736,-0.026078352014789426,0.4172082245349884,-0.14496809244155884,0.138458251953125,-0.11888974159955978,0.18249783064881933
2542,12710,12724,-0.28184959292411804,-1.4287259578704834,79.43285369873047,-0.2546994686126709,-1.1389341354370117,93.53506469726562,0.4287000596523285,0.4891396760940552,14.102210998535156,0.2898561450451599,0.026454579546820567,0.40608152747154236,-0.0720805749297142,0.11622539162635803,-0.09853515028953552,0.15237295528170886
2543,12715,12729,-0.2598213255405426,-1.3263466358184814,77.20559692382812,-0.2687145471572876,-1.0580823421478271,99.9020767211914,0.4067094027996063,0.3793080449104309,22.69647979736328,0.2596341245243426,0.0680804085755788,0.3705097436904907,0.04718208312988281,0.11087560653686523,-0.020898327231407166,0.11282792298889813
2544,12720,12734,-0.24921582639217377,-1.2276993989944458,84.86296081542969,-0.29419100284576416,-0.9595934748649597,104.42495727539062,0.3888997435569763,0.41503119468688965,19.561996459960938,0.26300205227225115,0.06880024382908391,0.37088286876678467,0.08668999373912811,0.10788083076477051,0.017889752984046936,0.10935408958208774
2545,12725,12739,-0.25685498118400574,-1.126020073890686,95.19670104980469,-0.3280101418495178,-0.871333122253418,111.0329818725586,0.48159223794937134,0.43169301748275757,15.836280822753906,0.26008498602177466,0.04779435395182427,0.3614429533481598,0.10048632323741913,0.10135796666145325,0.05269197002053261,0.11423607622108252
2546,12730,12744,-0.27539297938346863,-1.032674789428711,101.7110595703125,-0.34357279539108276,-0.7755079865455627,97.56462097167969,0.44470855593681335,0.46318519115448,-4.1464385986328125,0.26565241575634574,0.014561793117254966,0.3293869197368622,0.031497884541749954,0.0637345016002655,0.01693609170615673,0.06594632587577262
2547,12735,12749,-0.2998397946357727,-0.9445933103561401,107.06471252441406,-0.34247544407844543,-0.6784336566925049,89.46827697753906,0.41926464438438416,0.4600960612297058,-17.596435546875,0.26695318965483816,-0.037346410468112386,0.3848946690559387,-0.0066955313086509705,0.1179414689540863,0.030650880187749863,0.12185920792181237
2548,12740,12754,-0.3324863016605377,-0.8589905500411987,110.71690368652344,-0.3289716839790344,-0.6016262173652649,79.627197265625,0.34950193762779236,0.36881136894226074,-31.089706420898438,0.23947978047033924,-0.09433020204077804,0.35649242997169495,-0.08788300305604935,0.11701264977455139,0.006447196006774902,0.11719012988989984
2549,12745,12759,-0.3432517647743225,-0.762083888053894,95.32549285888672,-0.30357855558395386,-0.5078211426734924,74.32989501953125,0.392328143119812,0.38600417971611023,-20.99559783935547,0.24948300665809123,-0.06310100319868536,0.3123561143875122,-0.11345446854829788,0.06287311017513275,-0.05035346746444702,0.08055122388137567
2550,12750,12764,-0.3410453796386719,-0.6675869226455688,87.82936096191406,-0.28104040026664734,-0.42669478058815,75.32685852050781,0.4463843107223511,0.32715708017349243,-12.50250244140625,0.24299202433159628,-0.050837955954991465,0.26659950613975525,-0.04980512708425522,0.02360747754573822,0.0010328292846679688,0.023630059932293907
2551,12755,12769,-0.3225347399711609,-0.5753952264785767,78.64942932128906,-0.26221683621406555,-0.3473437428474426,76.46481323242188,0.44291064143180847,0.3826753497123718,-2.1846160888671875,0.23546236194652484,-0.014254992338663189,0.28288930654525757,-0.03856060653924942,0.04742693901062012,-0.024305615574121475,0.05329237743199356
2552,12760,12774,-0.2961077392101288,-0.484237939119339,73.8348159790039,-0.23674580454826355,-0.27667149901390076,69.11404418945312,0.4470854103565216,0.3544450104236603,-4.720771789550781,0.21588670324323164,0.0007731155236194581,0.2887362241744995,-0.07809128612279892,0.07284952700138092,-0.07886440306901932,0.1073622263915837
2553,12765,12779,-0.27850088477134705,-0.4149886667728424,76.42456817626953,-0.20592911541461945,-0.2237367331981659,59.20542907714844,0.3252301812171936,0.2798486351966858,-17.219139099121094,0.20294311886745903,-0.02565256922740769,0.32364505529403687,-0.13837629556655884,0.12070193886756897,-0.11272372305393219,0.16515324939440326
2554,12770,12784,-0.2597208619117737,-0.33688151836395264,75.93555450439453,-0.1578221172094345,-0.1573680341243744,51.554962158203125,0.31033089756965637,0.32098111510276794,-24.380592346191406,0.1988949405282925,-0.05521999482065161,0.30344918370246887,-0.1252850592136383,0.10455423593521118,-0.07006506621837616,0.12585984965898075
2555,12775,12789,-0.23197852075099945,-0.2674444317817688,66.01409912109375,-0.1009007915854454,-0.10167889297008514,43.592403411865234,0.29224878549575806,0.32612526416778564,-22.421695709228516,0.2047355920605692,-0.05237293420789754,0.29674628376960754,-0.11195305734872818,0.09201069176197052,-0.05958012491464615,0.10961641612167945
2556,12780,12794,-0.19410836696624756,-0.20307603478431702,60.0252571105957,-0.033969491720199585,-0.05425136163830757,35.16789245605469,0.3648463487625122,0.3881124258041382,-24.857364654541016,0.2089270358377987,-0.06436410107309257,0.2347331941127777,-0.06594403833150864,0.025806158781051636,-0.0015799403190612793,0.025854478189370676
2557,12785,12799,-0.14384634792804718,-0.1425645351409912,49.91425704956055,0.045301489531993866,-0.014996360056102276,25.62631607055664,0.3691902160644531,0.41335800290107727,-24.287940979003906,0.21939864827090128,-0.06256814557429999,0.262898713350296,-0.04669284075498581,0.04350006580352783,0.015875302255153656,0.04630638127303556
2558,12790,12804,-0.09165483713150024,-0.09489549696445465,41.20489501953125,0.11865101754665375,0.008351259864866734,16.9689884185791,0.32194530963897705,0.35583460330963135,-24.23590660095215,0.22623961158830672,-0.06086118026905074,0.2729816436767578,-0.03926222026348114,0.0467420369386673,0.02159896120429039,0.051491097699312836
2559,12795,12809,-0.02246171049773693,-0.04750131815671921,33.1112060546875,0.20651310682296753,0.010396909900009632,14.757503509521484,0.3405105471611023,0.35834619402885437,-18.353702545166016,0.223419852646639,-0.07658486774596454,0.3226708769798279,-0.12995097041130066,0.09925101697444916,-0.053366102278232574,0.11268853199342502
2560,12800,12814,0.05677054822444916,-0.010530879721045494,24.162473678588867,0.29917219281196594,0.010240710340440273,14.757503509521484,0.3459785580635071,0.35834619402885437,-9.404970169067383,0.22966679140520935,-0.08026942842303769,0.30330711603164673,-0.13215795159339905,0.07364033162593842,-0.05188852548599243,0.09008505713540216
2561,12805,12819,0.13238583505153656,0.010521870106458664,14.757503509521484,0.39183127880096436,0.01008450984954834,1.6157042980194092,0.35834619402885437,0.3848164677619934,-13.141798973083496,0.2507755873577385,-0.06651110147664487,0.29291966557502747,-0.1303439736366272,0.04214408993721008,-0.06383287161588669,0.07649025961105065
2562,12810,12824,0.22504492104053497,0.01036566961556673,14.757503509521484,0.47166723012924194,-0.01083352044224739,-15.383055686950684,0.35834619402885437,0.4093068242073059,-30.140560150146484,0.23308683771633465,-0.08332163610530911,0.291375070810318,-0.12169959396123886,0.05828823149204254,-0.03837795555591583,0.06978814658035984
2563,12815,12829,0.3177040219306946,0.010209470055997372,14.757503509521484,0.556708812713623,-0.04900272935628891,-24.485965728759766,0.35834619402885437,0.4297698140144348,-39.24346923828125,0.21603760083014506,-0.11814029674195839,0.26217103004455566,-0.09219370037317276,0.04613342881202698,0.025946594774723053,0.05292937780059432
2564,12820,12834,0.3999139666557312,0.008907790295779705,0.7610312104225159,0.6236953139305115,-0.08952783048152924,-31.610078811645508,0.37885043025016785,0.3645528256893158,-32.37110900878906,0.22245417458974087,-0.10139922328832299,0.25971734523773193,-0.0533335879445076,0.0372631698846817,0.048065632581710815,0.06081816229823678
2565,12825,12839,0.48559653759002686,-0.016616029664874077,-17.786035537719727,0.7045592665672302,-0.15807417035102844,-39.17451477050781,0.3547719419002533,0.4382675588130951,-21.388479232788086,0.2517074190192612,-0.06781192322311394,0.2888681888580322,-0.036170706152915955,0.037160784006118774,0.031641215085983276,0.048806663070393046
2566,12830,12844,0.5672469735145569,-0.054786890745162964,-25.969043731689453,0.7553575038909912,-0.22576627135276794,-52.74837875366211,0.4212754964828491,0.36315882205963135,-26.779335021972656,0.24398654068993536,-0.07134485400939708,0.2863316535949707,-0.03421557694673538,0.04234510660171509,0.037129275500774384,0.056317769418923365
2567,12835,12849,0.6449831128120422,-0.10460533946752548,-33.70378875732422,0.8023495078086853,-0.31264227628707886,-62.907325744628906,0.43640395998954773,0.4643439054489136,-29.203536987304688,0.24635542263716514,-0.0857470232298136,0.3590582311153412,-0.15274032950401306,0.11270280182361603,-0.06699330359697342,0.13111073283957161
2568,12840,12854,0.7153891324996948,-0.17320828139781952,-42.38380813598633,0.8357215523719788,-0.4036734998226166,-70.85890197753906,0.4551716446876526,0.4544577896595001,-28.475093841552734,0.2442381903534921,-0.08911685894801509,0.3420223891735077,-0.17840823531150818,0.09778419137001038,-0.08929137885570526,0.13241864830846106
2569,12845,12859,0.7638992071151733,-0.23748010396957397,-52.29913330078125,0.8597642183303833,-0.48351892828941345,-73.26459503173828,0.3819902241230011,0.38355112075805664,-20.96546173095703,0.2532946257742029,-0.07461257267972767,0.3565904498100281,-0.15823617577552795,0.10329583287239075,-0.08362360298633575,0.13290197916215238
2570,12850,12864,0.8086279630661011,-0.32561302185058594,-63.85118865966797,0.8920884132385254,-0.5714883208274841,-70.19905853271484,0.38920050859451294,0.3738741874694824,-6.347869873046875,0.2574919253305921,-0.03343976344873831,0.3870374858379364,-0.12261388450860977,0.12954556941986084,-0.08917412161827087,0.1572707173084238
2571,12855,12869,0.8396834135055542,-0.41673606634140015,-72.51590728759766,0.930328369140625,-0.6618866920471191,-66.16842651367188,0.3825019299983978,0.3901936709880829,6.347480773925781,0.2610582263351417,0.012803895061246198,0.42041221261024475,-0.03653060644865036,0.15935397148132324,-0.04933450371026993,0.1668160108718855
2572,12860,12874,0.8690609335899353,-0.5075303316116333,-71.90056610107422,0.9776318669319153,-0.7366083860397339,-56.67058181762695,0.44967618584632874,0.41879725456237793,15.229984283447266,0.25147240796541565,0.03203171271393429,0.45519593358039856,0.06655780225992203,0.20372352004051208,0.03452609106898308,0.2066284675019409
2573,12865,12879,0.9016633629798889,-0.5969913005828857,-69.7642822265625,1.043710708618164,-0.8093231320381165,-46.651126861572266,0.453931987285614,0.4642728567123413,23.113155364990234,0.24835798567756234,0.05983783086138603,0.4142960011959076,0.1713372766971588,0.16593801975250244,0.11149944365024567,0.1999188643767671
2574,12870,12884,0.9357938766479492,-0.6729873418807983,-65.38876342773438,1.0867350101470947,-0.8836399912834167,-60.64727783203125,0.3786477744579315,0.3883657157421112,4.741485595703125,0.2543766026501891,0.04950059097119104,0.4468778669834137,0.1369566023349762,0.1925012767314911,0.08745601028203964,0.21143626764986734
2575,12875,12889,0.9857661724090576,-0.747938871383667,-54.37382888793945,1.1241779327392578,-0.9767795205116272,-69.61292266845703,0.3562735915184021,0.40272897481918335,-15.239093780517578,0.2666337013823015,-0.02079248369446607,0.4407632648944855,0.1128832995891571,0.17412957549095154,0.13367578387260437,0.2195229469887242
2576,12880,12894,1.0521221160888672,-0.8220933079719543,-48.5101318359375,1.1487667560577393,-1.077518343925476,-77.49937438964844,0.3950854241847992,0.40602752566337585,-28.989242553710938,0.25535784331700767,-0.09682203924240249,0.3952535092830658,-0.0025250613689422607,0.13989567756652832,0.09429697692394257,0.16870898155934855
2577,12885,12899,1.0986697673797607,-0.9081427454948425,-62.10330581665039,1.1590701341629028,-1.1873966455459595,-85.29833984375,0.46390780806541443,0.5191382169723511,-23.19503402709961,0.2750625904006461,-0.07727558711121968,0.30217698216438293,-0.04822620749473572,0.027114391326904297,0.029049381613731384,0.03973734753564583
2578,12890,12904,1.1327877044677734,-1.0054452419281006,-71.59557342529297,1.1637203693389893,-1.300609827041626,-87.28329467773438,0.48903918266296387,0.535336971282959,-15.687721252441406,0.28983352890805064,-0.0638395455966028,0.34838810563087463,-0.09055205434560776,0.05855458974838257,-0.026712507009506226,0.06435990996990525
2579,12895,12909,1.1513333320617676,-1.0933254957199097,-79.44185638427734,1.1685900688171387,-1.409463882446289,-87.0503921508789,0.4037104845046997,0.5170272588729858,-7.6085357666015625,0.31394800373768983,-0.040962488627053484,0.36762821674346924,-0.06328810006380081,0.053680211305618286,-0.022325612604618073,0.05813775076477685
2580,12900,12914,1.159106969833374,-1.2033852338790894,-88.11800384521484,1.1738932132720947,-1.5038236379623413,-87.29340362548828,0.43088963627815247,0.4269937574863434,0.8246002197265625,0.300761939892298,0.0049115328912925655,0.39050519466400146,-0.034727685153484344,0.08974325656890869,-0.039639219641685486,0.0981076950773728
2581,12905,12919,1.163752794265747,-1.3155834674835205,-86.76763916015625,1.181357502937317,-1.6147985458374023,-86.99884033203125,0.44112032651901245,0.4297110140323639,-0.231201171875,0.29973169900162944,0.0007053334864527347,0.39078572392463684,-0.022424302995204926,0.0910540223121643,-0.02312963642179966,0.09394580916799193
2582,12910,12924,1.1702271699905396,-1.4262750148773193,-86.92726135253906,1.1837444305419922,-1.7251906394958496,-89.66996002197266,0.5340501666069031,0.4381087124347687,-2.7426986694335938,0.2992104452599055,-0.002525157672518921,0.36877357959747314,-0.036095909774303436,0.0695631206035614,-0.033570751547813416,0.07724003565244288
2583,12915,12929,1.1772669553756714,-1.5367764234542847,-85.86165618896484,1.1799792051315308,-1.827210783958435,-91.6010513305664,0.5246029496192932,0.48814842104911804,-5.7393951416015625,0.28987284372268346,-0.018254000446961873,0.3333887755870819,-0.05531030148267746,0.043515920639038086,-0.03705630078911781,0.05715596886797244
2584,12920,12934,1.1832855939865112,-1.6455358266830444,-86.42491912841797,1.1710346937179565,-1.9312204122543335,-94.87980651855469,0.5205444097518921,0.49895793199539185,-8.454887390136719,0.28436470440488,-0.030041336174585445,0.26665499806404114,-0.05503334850072861,-0.017709702253341675,-0.02499201148748398,0.030630608745053474
2585,12925,12939,1.1824589967727661,-1.738491177558899,-90.89515686035156,1.1626629829406738,-2.0155491828918457,-96.12466430664062,0.4225701689720154,0.38050219416618347,-5.2295074462890625,0.27733346138419074,-0.015465176344779407,0.2822951674461365,-0.046068571507930756,0.0049616992473602295,-0.03060339391231537,0.031003002731567735
2586,12930,12944,1.178751826286316,-1.840829610824585,-92.28858184814453,1.151984691619873,-2.1160521507263184,-96.1103286743164,0.39886417984962463,0.3808560073375702,-3.821746826171875,0.2760718980487285,-0.01575541418005767,0.39919862151145935,-0.09143517166376114,0.12312671542167664,-0.07567975670099258,0.1445254774247502
2587,12935,12949,1.170044183731079,-1.9467618465423584,-94.8293685913086,1.1473582983016968,-2.2196948528289795,-91.88426208496094,0.5007452368736267,0.4093344807624817,2.9451065063476562,0.27387394282550004,0.0003725044732261311,0.3752635717391968,-0.017430000007152557,0.10138961672782898,-0.01780250482261181,0.10294067980237538
2588,12940,12954,1.1593555212020874,-2.047199010848999,-95.34870147705078,1.153259515762329,-2.3151581287384033,-86.02130889892578,0.47815150022506714,0.4522579312324524,9.327392578125,0.26736062742236577,0.018908861592072133,0.4131499230861664,0.04575745761394501,0.14578929543495178,0.026848595589399338,0.14824090443781962
2589,12945,12959,1.1498054265975952,-2.145310640335083,-95.28096008300781,1.1636816263198853,-2.422267198562622,-84.63046264648438,0.4805983901023865,0.5244355797767639,10.650497436523438,0.27450381029815357,0.03930829678035476,0.3952670693397522,0.029646769165992737,0.12076327204704285,-0.009661529213190079,0.12114913545810141
2590,12950,12964,1.1475540399551392,-2.2331275939941406,-90.91802215576172,1.1565219163894653,-2.5159690380096436,-94.57552337646484,0.40214407444000244,0.4299089014530182,-3.657501220703125,0.28266145741602083,0.01349836108448888,0.37966760993003845,-0.046362608671188354,0.09700614213943481,-0.059860970824956894,0.11398915492660945
2591,12955,12969,1.1547586917877197,-2.327333688735962,-85.44615936279297,1.1315561532974243,-2.621105194091797,-104.43850708007812,0.36996641755104065,0.43582484126091003,-18.992347717285156,0.291001931927928,-0.046453533403182125,0.27731600403785706,-0.07071994990110397,-0.013685941696166992,-0.02426641806960106,0.02785972085358256
2592,12960,12974,1.162757396697998,-2.4380528926849365,-87.9760971069336,1.0925796031951904,-2.723893404006958,-112.56929016113281,0.4448561668395996,0.4084080159664154,-24.59319305419922,0.28318376975690335,-0.08022887983779009,0.25973743200302124,-0.05039022117853165,-0.023446351289749146,0.02983865886926651,0.03794834583903201
2593,12965,12979,1.15131413936615,-2.5443670749664307,-97.28629302978516,1.0265027284622192,-2.8287436962127686,-123.12064361572266,0.5106878280639648,0.593447744846344,-25.8343505859375,0.29790972238522834,-0.087736812750801,0.25768986344337463,-0.06381291896104813,-0.04021987318992615,0.02392389625310898,0.046797339789172436
2594,12970,12984,1.1210790872573853,-2.6553242206573486,-105.94490814208984,0.9589400291442871,-2.914855718612671,-127.73164367675781,0.5327778458595276,0.5364730954170227,-21.78673553466797,0.2940880551465987,-0.08460430495445963,0.29330435395240784,-0.12986871600151062,-0.0007837116718292236,-0.045264407992362976,0.04527119210804653
2595,12975,12989,1.0854594707489014,-2.738375425338745,-113.23442077636719,0.8810898065567017,-2.9591400623321533,-137.262939453125,0.4328659772872925,0.42495718598365784,-24.028518676757812,0.28348290535653814,-0.10070465212431744,0.330717533826828,-0.18566802144050598,0.04723462462425232,-0.0849633663892746,0.09721051070533546
2596,12980,12994,1.0186313390731812,-2.837712287902832,-125.10610961914062,0.7759884595870972,-3.0033440589904785,-137.262939453125,0.4861263930797577,0.42495718598365784,-12.156829833984375,0.2750435281771501,-0.10324973688486598,0.402288556098938,-0.21066248416900635,0.12724503874778748,-0.10741274803876877,0.16651966348502498
2597,12985,12999,0.9480112791061401,-2.923787832260132,-131.3411865234375,0.6708870530128479,-3.0475480556488037,-137.262939453125,0.4287361204624176,0.42495718598365784,-5.9217529296875,0.27596993876433046,-0.1263131920245538,0.3869918882846832,-0.2305234670639038,0.11102193593978882,-0.1042102724313736,0.15226835239155798
2598,12990,13004,0.8600695133209229,-2.9679808616638184,-137.262939453125,0.5750868320465088,-3.069908618927002,-159.73980712890625,0.42495718598365784,0.4702232778072357,-22.47686767578125,0.27848461202157704,-0.11853572117403446,0.3696664273738861,-0.18569332361221313,0.09118181467056274,-0.06715760380029678,0.11324428053908281
2599,12995,13009,0.7549681663513184,-3.0121850967407227,-137.262939453125,0.4657573401927948,-3.0597968101501465,173.1748504638672,0.42495718598365784,0.524489164352417,-49.56219482421875,0.2447293195293352,-0.16129890695161392,0.34482574462890625,-0.12437815219163895,0.10009641945362091,0.03692074865102768,0.10668849454551124
2600,13000,13014,0.6498668193817139,-3.0563888549804688,-137.262939453125,0.3575025200843811,-3.026211977005005,160.37818908691406,0.42495718598365784,0.5378208756446838,-62.35888671875,0.19425541690748,-0.22057280083924116,0.3474181592464447,-0.10407746583223343,0.15316274762153625,0.11649533361196518,0.19243178015167212
2601,13005,13019,0.5604432225227356,-3.071129560470581,-160.32656860351562,0.27166882157325745,-2.982480049133301,153.33676147460938,0.47076430916786194,0.4548735022544861,-46.336669921875,0.2420730778306936,-0.18069315286873358,0.366252064704895,-0.10295786708593369,0.12417899072170258,0.0777352824807167,0.14650322822046452
2602,13010,13024,0.4496096968650818,-3.059049367904663,174.17454528808594,0.1788594126701355,-2.9096953868865967,140.9038543701172,0.4487054646015167,0.4690629839897156,-33.27069091796875,0.2845112248241668,-0.12110198589057702,0.38426727056503296,-0.12841451168060303,0.09975603222846985,-0.0073125287890434265,0.10002369240963915
2603,13015,13029,0.34557828307151794,-3.0195932388305664,158.7807159423828,0.09582442790269852,-2.8195598125457764,131.4751434326172,0.5259072780609131,0.4829224646091461,-27.305572509765625,0.30522082598590006,-0.09607606834705286,0.37241125106811523,-0.14092278480529785,0.06719043850898743,-0.04484671354293823,0.08078231701698324
2604,13020,13034,0.24504750967025757,-2.963477611541748,150.02696228027344,0.028301170095801353,-2.7130115032196045,121.7405776977539,0.5442643165588379,0.6000954508781433,-28.28638458251953,0.31288978527379874,-0.10868409189302036,0.3653358519077301,-0.1339445412158966,0.052446067333221436,-0.025260448455810547,0.058212371837174426
2605,13025,13039,0.1539766490459442,-2.8853464126586914,137.91993713378906,-0.021085890009999275,-2.6022331714630127,113.4523696899414,0.5550110340118408,0.5842812061309814,-24.467567443847656,0.31966655147151335,-0.09280783985842908,0.2619157135486603,-0.07819090038537979,-0.057750850915908813,0.014616936445236206,0.05957193645128216
2606,13030,13044,0.08570019900798798,-2.8058013916015625,129.99696350097656,-0.048790741711854935,-2.4999945163726807,105.04672241210938,0.48433437943458557,0.49810001254081726,-24.950241088867188,0.320715722382334,-0.09352583860999747,0.27464380860328674,-0.03750061243772507,-0.046071916818618774,0.05602522939443588,0.07253583837001465
2607,13035,13049,0.02119339071214199,-2.699690341949463,119.18653869628906,-0.067723348736763,-2.381131887435913,98.1273422241211,0.48404547572135925,0.4710405468940735,-21.05919647216797,0.3214738674223738,-0.07771890627143771,0.2674325108528137,-0.08944984525442123,-0.05404135584831238,-0.011730939149856567,0.05529993738930962
2608,13040,13054,-0.02527981996536255,-2.5874531269073486,111.0910873413086,-0.07813972979784012,-2.2607715129852295,94.22087860107422,0.47212299704551697,0.48155876994132996,-16.870208740234375,0.3238187840043686,-0.06823812767207368,0.484223335981369,-0.2857734262943268,0.16040456295013428,-0.21753530204296112,0.27027991314588273
2609,13045,13059,-0.05561558157205582,-2.4659154415130615,103.05724334716797,-0.08170366287231445,-2.149021863937378,92.18673706054688,0.6031752824783325,0.5220489501953125,-10.870506286621094,0.3145941759560298,-0.04618042820493601,0.4857127368450165,-0.20821958780288696,0.17111855745315552,-0.1620391607284546,0.23566554757628622
2610,13050,13064,-0.07169546186923981,-2.348090171813965,98.38005065917969,-0.11521874368190765,-2.0456833839416504,109.93907928466797,0.5558568835258484,0.4992431104183197,11.559028625488281,0.30552105284881576,-0.0010137441230561803,0.4667573869228363,-0.12126827985048294,0.16123634576797485,-0.12025453895330429,0.20114251995906215
2611,13055,13069,-0.07808191329240799,-2.243870735168457,92.57233428955078,-0.16001904010772705,-1.9703465700149536,120.35516357421875,0.45973241329193115,0.38941633701324463,27.78282928466797,0.27692593973092494,0.069578628743421,0.3952683210372925,-7.531791925430298e-05,0.11834236979484558,-0.0696539431810379,0.13731929321594702
2612,13060,13074,-0.08426377922296524,-2.1310136318206787,94.44459533691406,-0.2183544635772705,-1.893782138824463,128.09494018554688,0.4465996026992798,0.38389673829078674,33.65034484863281,0.24690943989735836,0.1153031803008888,0.2747429311275482,-0.009426310658454895,0.027833491563796997,-0.12472949177026749,0.12779729797574432
2613,13065,13079,-0.12423814088106155,-2.0314431190490723,115.4998779296875,-0.2615397870540619,-1.8049490451812744,113.56414794921875,0.42847520112991333,0.3876776695251465,-1.93572998046875,0.2635400472751841,0.02641880139588086,0.2845315635204315,-0.024796679615974426,0.020991504192352295,-0.051215481013059616,0.055350417736965765
2614,13070,13084,-0.17529058456420898,-1.9487135410308838,122.49552154541016,-0.28756532073020935,-1.7176976203918457,105.4206314086914,0.4570921063423157,0.4128868579864502,-17.07489013671875,0.25516432291433844,-0.029413267100316123,0.3795015215873718,0.08431805670261383,0.12433719635009766,0.11373132467269897,0.16850683252619048
2615,13075,13089,-0.2333608716726303,-1.8695582151412964,126.2581558227539,-0.3029497265815735,-1.6248127222061157,99.19062042236328,0.44557762145996094,0.45222583413124084,-27.067535400390625,0.23850962913805857,-0.08863476658765614,0.4474891722202301,0.08253795653581619,0.2089795470237732,0.17117272317409515,0.270134322575079
2616,13080,13094,-0.26760387420654297,-1.7900654077529907,112.12110137939453,-0.30653974413871765,-1.5209990739822388,91.0441665649414,0.39133816957473755,0.46851757168769836,-21.076934814453125,0.26392226741414815,-0.06525128886990511,0.3504290282726288,-0.02838134765625,0.08650675415992737,0.036869943141937256,0.09403622292805999
2617,13085,13099,-0.28981712460517883,-1.7059800624847412,105.16453552246094,-0.29807987809181213,-1.4331473112106323,83.82836151123047,0.3689368665218353,0.4160616397857666,-21.33617401123047,0.265493800824809,-0.06339578051082947,0.2887952923774719,-0.038424424827098846,0.02330148220062256,0.024971358478069305,0.034154469941519716
2618,13090,13104,-0.3049874007701874,-1.6061699390411377,97.51974487304688,-0.2857252061367035,-1.3307636976242065,82.89216613769531,0.4001079499721527,0.40728509426116943,-14.627578735351562,0.27051689658946887,-0.055138358817630476,0.3807838559150696,-0.15543952584266663,0.11026695370674133,-0.10030116885900497,0.1490608115979759
2619,13095,13109,-0.30621254444122314,-1.5083564519882202,90.23237609863281,-0.2689718008041382,-1.2398098707199097,79.00151062011719,0.45932668447494507,0.35872143507003784,-11.230865478515625,0.26839333470586857,-0.03832958626184227,0.3774403929710388,-0.15902477502822876,0.1090470552444458,-0.12069518864154816,0.16266096279901981
2620,13100,13114,-0.2948881685733795,-1.40424644947052,82.79891204833984,-0.2573598325252533,-1.1506290435791016,83.41822052001953,0.47628188133239746,0.42780008912086487,0.6193084716796875,0.2563212079603652,-0.005440857227755183,0.41120603680610657,-0.148774653673172,0.15488481521606445,-0.1433337926864624,0.21103052412009077
2621,13105,13119,-0.28141507506370544,-1.3038339614868164,82.08316040039062,-0.2616754174232483,-1.0669609308242798,93.79878997802734,0.4739423394203186,0.3825770318508148,11.715629577636719,0.2373342543572709,0.01307434310761825,0.40944236516952515,-0.09387237578630447,0.17210811376571655,-0.10694672167301178,0.20262972166145193
2622,13110,13124,-0.2662752866744995,-1.2278982400894165,77.94831848144531,-0.2697877883911133,-0.9946479201316833,96.86621856689453,0.35922983288764954,0.32992589473724365,18.91790008544922,0.22737601554167897,0.052136330759694524,0.37490734457969666,0.010903526097536087,0.14753133058547974,-0.04123280569911003,0.15318497893116892
2623,13115,13129,-0.25706690549850464,-1.1363675594329834,85.68077850341797,-0.2871705889701843,-0.9120460152626038,102.57160949707031,0.366790771484375,0.3308105766773224,16.890830993652344,0.22141724742172889,0.04691257274688266,0.3751174807548523,0.03263160586357117,0.15370023250579834,-0.01428096741437912,0.15436226061647007
2624,13120,13134,-0.2626163065433502,-1.0542042255401611,97.00098419189453,-0.31769418716430664,-0.8379272222518921,114.16963195800781,0.3263775408267975,0.3047513961791992,17.16864776611328,0.22137769870553545,0.028305999379838912,0.37355437874794006,0.10538496822118759,0.15217667818069458,0.07707896828651428,0.17058402250569707
2625,13125,13139,-0.27407893538475037,-0.9707513451576233,98.46229553222656,-0.3420068323612213,-0.7596408724784851,105.18960571289062,0.3932698667049408,0.39021897315979004,6.7273101806640625,0.2188082657617426,0.036121651357514474,0.33090224862098694,0.051438309252262115,0.112093985080719,0.015316657721996307,0.1131355889852934
2626,13130,13144,-0.2950074076652527,-0.8884792327880859,105.08806610107422,-0.3483569324016571,-0.6772400736808777,92.51114654541016,0.3972160518169403,0.3866753578186035,-12.576919555664062,0.21784414711629513,-0.0034758735728784573,0.2729854881763458,-0.014090895652770996,0.05514134466648102,-0.010615021921694279,0.05615377620450565
2627,13135,13149,-0.32341721653938293,-0.8281111121177673,115.29967498779297,-0.34558188915252686,-0.6076004505157471,86.3476791381836,0.3070758581161499,0.317405104637146,-28.951995849609375,0.208832509187962,-0.07419708685971646,0.3477708697319031,-0.033292390406131744,0.13893836736679077,0.0409046933054924,0.14483460864367226
2628,13140,13154,-0.3452766239643097,-0.7474771738052368,102.11096954345703,-0.33082103729248047,-0.5231289863586426,78.71975708007812,0.3363860845565796,0.3331282138824463,-23.391212463378906,0.21632202386904692,-0.06120339194683946,0.33678802847862244,-0.09042607992887497,0.12046600878238678,-0.02922268956899643,0.12395977112597466
2629,13145,13159,-0.3492581248283386,-0.6651932597160339,92.16036224365234,-0.3035559356212616,-0.4465397000312805,68.57921600341797,0.31919917464256287,0.3337341547012329,-23.581146240234375,0.21677533564169785,-0.05391217968662308,0.35913580656051636,-0.16362914443016052,0.14236046373844147,-0.10971696674823761,0.17973401021581303
2630,13150,13164,-0.3426687717437744,-0.5825276970863342,83.94618225097656,-0.2696405053138733,-0.3741144835948944,64.85136413574219,0.3906765878200531,0.37595975399017334,-19.094818115234375,0.21495269852048374,-0.050641214977003794,0.31081804633140564,-0.15130141377449036,0.09586535394191742,-0.10066019743680954,0.13900590431498433
2631,13155,13169,-0.3257167637348175,-0.5030271410942078,77.26807403564453,-0.235992893576622,-0.3021966814994812,65.26747131347656,0.38781315088272095,0.3791596293449402,-12.000602722167969,0.21566663981946,-0.043256754919632365,0.26277074217796326,-0.11753477901220322,0.04710410535335541,-0.07427802681922913,0.08795465882656886
2632,13160,13174,-0.29868975281715393,-0.43599119782447815,68.58434295654297,-0.19923312962055206,-0.2388228178024292,59.81736373901367,0.3333183526992798,0.3370933532714844,-8.766979217529297,0.21986981658057436,-0.020597420591290952,0.2580620348453522,-0.05645623058080673,0.03819221258163452,-0.03585880994796753,0.05238796954230253
2633,13165,13179,-0.2648354172706604,-0.36481115221977234,62.678863525390625,-0.16282157599925995,-0.18725594878196716,54.64279556274414,0.3029754161834717,0.3013063967227936,-8.036067962646484,0.20457060211347114,-0.009140176678748738,0.2768675684928894,-0.038406647741794586,0.07229696214199066,-0.029266471043229103,0.07799600670729623
2634,13170,13184,-0.23004701733589172,-0.2918033003807068,64.7964859008789,-0.11853431165218353,-0.1370917707681656,48.19265365600586,0.30965858697891235,0.26905325055122375,-16.603832244873047,0.1874691260772206,-0.03501524941788514,0.31794220209121704,-0.10839306563138962,0.1304730772972107,-0.0733778178691864,0.14969144282372124
2635,13175,13189,-0.19452296197414398,-0.23193477094173431,59.28102493286133,-0.06411507725715637,-0.08946207910776138,40.836082458496094,0.3313515782356262,0.2860230803489685,-18.444942474365234,0.18909731902315383,-0.039330473300285135,0.3070879280567169,-0.10082872956991196,0.11799061298370361,-0.0614982545375824,0.13305570285951446
2636,13180,13194,-0.15114493668079376,-0.17355535924434662,53.320865631103516,-0.0018919931026175618,-0.04771927744150162,33.688480377197266,0.34530672430992126,0.35791662335395813,-19.63238525390625,0.19007340210003512,-0.044533789418437913,0.30992013216018677,-0.09576692432165146,0.11984673142433167,-0.05123313516378403,0.1303383027809034
2637,13185,13199,-0.10346058756113052,-0.12346748262643814,46.74104690551758,0.0670136883854866,-0.01406318973749876,26.483638763427734,0.3266643285751343,0.35991623997688293,-20.257408142089844,0.19650067378748934,-0.049175846453914956,0.3180448114871979,-0.10387235134840012,0.12154413759708405,-0.05469650402665138,0.13328422613706542
2638,13190,13204,-0.05603928864002228,-0.0838153064250946,38.07680130004883,0.13232925534248352,0.0048012700863182545,16.526960372924805,0.2826090157032013,0.32215866446495056,-21.549840927124023,0.20293222190792562,-0.0464124970661898,0.2976394593715668,-0.1337999701499939,0.09470723569393158,-0.08738747239112854,0.12886438927685243
2639,13195,13209,0.008441460318863392,-0.0432453490793705,30.8182373046875,0.21379777789115906,0.018646370619535446,16.126192092895508,0.302154004573822,0.30851686000823975,-14.692045211791992,0.2080674938360251,-0.052054961294955446,0.24269071221351624,-0.04757300764322281,0.034623220562934875,0.004481952637434006,0.034912108237599146
2640,13200,13214,0.07617489248514175,-0.011861150152981281,24.24957275390625,0.308521032333374,0.019809210672974586,16.126192092895508,0.36004403233528137,0.30851686000823975,-8.123380661010742,0.22485250899160347,-0.06655143258127057,0.2729780673980713,-0.038690656423568726,0.04812556505203247,0.027860775589942932,0.05560838810872483
2641,13205,13219,0.1541147232055664,0.011486750096082687,15.854220390319824,0.3883979618549347,0.014684449881315231,-0.03700270131230354,0.3800445795059204,0.37707290053367615,-15.891222953796387,0.22624466201726173,-0.06092794190392724,0.288621187210083,-0.09915217012166977,0.06237652897834778,-0.0382242277264595,0.07315683804451158
2642,13210,13224,0.23274242877960205,0.018878940492868423,16.126192092895508,0.4693610966205597,-0.007381130009889603,-15.620935440063477,0.30851686000823975,0.40307360887527466,-31.747127532958984,0.22001442813258168,-0.09094853867507886,0.31237849593162537,-0.1324450671672821,0.09236407279968262,-0.041496530175209045,0.10125751310755714
2643,13215,13229,0.327465683221817,0.02004176937043667,16.126192092895508,0.5391819477081299,-0.03744912147521973,-23.71790885925293,0.30851686000823975,0.3636731505393982,-39.84410095214844,0.18741739692462317,-0.11403376132722307,0.29772812128067017,-0.11480768769979477,0.11031071841716766,-0.0007739290595054626,0.11031343328852021
2644,13220,13234,0.3987818658351898,0.012352749705314636,-1.498033881187439,0.6166152358055115,-0.08258257806301117,-31.84321403503418,0.3772992491722107,0.3499148488044739,-30.34518051147461,0.22024078001283812,-0.08920814060635458,0.35802534222602844,-0.1571715772151947,0.13778455555438995,-0.06796343624591827,0.15363467191904884
2645,13225,13239,0.478644460439682,-0.01085244957357645,-17.363191604614258,0.6985580325126648,-0.14993205666542053,-41.873233795166016,0.32042643427848816,0.43073272705078125,-24.510042190551758,0.25139780934871225,-0.06711375367238515,0.37331026792526245,-0.1734689474105835,0.12191244959831238,-0.10635519027709961,0.1617840284636871
2646,13230,13244,0.5625696182250977,-0.04901641979813576,-25.236572265625,0.7504505515098572,-0.21525178849697113,-51.80607223510742,0.43259355425834656,0.40825533866882324,-26.569499969482422,0.24082422968010098,-0.07026474603900583,0.3681311011314392,-0.16314297914505005,0.12730687856674194,-0.09287822991609573,0.15758618887058065
2647,13235,13249,0.6402428150177002,-0.09765796363353729,-32.768619537353516,0.8021119236946106,-0.29739901423454285,-58.519596099853516,0.42373961210250854,0.4543111026287079,-25.7509765625,0.24421916698471488,-0.08034360034466242,0.3615618050098419,-0.13352254033088684,0.11734263598918915,-0.05317894369363785,0.1288304865831937
2648,13240,13254,0.7045533657073975,-0.1569141447544098,-44.26328659057617,0.8352112174034119,-0.3800501823425293,-68.70482635498047,0.4029309153556824,0.42533954977989197,-24.441539764404297,0.24930858678614223,-0.06860316344776654,0.345954954624176,-0.16063764691352844,0.09664636850357056,-0.0920344814658165,0.13345735769754202
2649,13245,13259,0.7589765787124634,-0.22695446014404297,-52.735538482666016,0.8590570092201233,-0.45733752846717834,-72.78694152832031,0.36329385638237,0.36995866894721985,-20.051403045654297,0.24394836900575992,-0.05984683784470658,0.3520399034023285,-0.16565001010894775,0.10809153318405151,-0.10580317676067352,0.15125505531627442
2650,13250,13264,0.807125449180603,-0.3079959750175476,-60.351505279541016,0.8849030137062073,-0.5413255095481873,-72.40241241455078,0.3719884753227234,0.3466964662075043,-12.050907135009766,0.2412560475311925,-0.04782824225754566,0.36490097641944885,-0.15149933099746704,0.12364493310451508,-0.10367108881473541,0.16135601674078587
2651,13255,13269,0.8391515016555786,-0.3930850625038147,-69.7942123413086,0.9126035571098328,-0.6238285899162292,-71.47500610351562,0.4296281635761261,0.4085119068622589,-1.6807937622070312,0.2419129667538315,-0.010765519473678403,0.37655726075172424,-0.12620219588279724,0.1346442997455597,-0.11543667316436768,0.17735476583737234
2652,13260,13274,0.8658454418182373,-0.4812396466732025,-72.06263732910156,0.9420240521430969,-0.701233446598053,-68.85565948486328,0.42742472887039185,0.3844239413738251,3.2069778442382812,0.23276199815319337,0.004722805536409899,0.40701037645339966,-0.07599169760942459,0.17424838244915009,-0.08071450144052505,0.19203470917763224
2653,13265,13279,0.8890050649642944,-0.5534022450447083,-72.06060028076172,0.9818654656410217,-0.7712688446044922,-59.7538948059082,0.3409850299358368,0.374773234128952,12.306705474853516,0.23587655751328682,0.02124049983561302,0.27627813816070557,-0.041224606335163116,0.040401577949523926,-0.062465108931064606,0.0743920515551307
2654,13270,13284,0.9168115258216858,-0.636043906211853,-71.4946060180664,1.0293108224868774,-0.8262709379196167,-47.870906829833984,0.33888664841651917,0.3328703045845032,23.623699188232422,0.21609770498464537,0.046305477460863234,0.2837814688682556,-0.02931062877178192,0.06768377125263214,-0.07561610639095306,0.10148343922387813
2655,13275,13289,0.9475420117378235,-0.7124042510986328,-67.1976318359375,1.0786186456680298,-0.8984652757644653,-59.14078140258789,0.3166957199573517,0.3382800817489624,8.05685043334961,0.22231905531609453,0.04872398285785093,0.3383146822452545,0.07198010385036469,0.1159956306219101,0.023256119340658188,0.11830398729612432
2656,13280,13294,0.9887125492095947,-0.7813857793807983,-57.965904235839844,1.1138728857040405,-0.9788724780082703,-66.36363220214844,0.3831350803375244,0.358889639377594,-8.397727966308594,0.23380393747756176,0.0013508464639696988,0.43709102272987366,0.10990610718727112,0.20328707993030548,0.10855525732040405,0.23045581085858857
2657,13285,13299,1.0470706224441528,-0.8456671237945557,-47.05107116699219,1.1384879350662231,-1.0639671087265015,-74.10511016845703,0.41616830229759216,0.42707154154777527,-27.054039001464844,0.22207398212112797,-0.08182392641027462,0.43356433510780334,0.08686907589435577,0.21149034798145294,0.16869300603866577,0.27052818259042327
2658,13290,13304,1.0877110958099365,-0.9190939664840698,-61.96916961669922,1.1551563739776611,-1.1566652059555054,-80.70337677001953,0.3934018909931183,0.44300562143325806,-18.734207153320312,0.24139858797601846,-0.05211219717398605,0.39210373163223267,-0.0540439710021019,0.15070514380931854,-0.0019317753612995148,0.15071752428511392
2659,13295,13309,1.1172218322753906,-0.9892866015434265,-67.3756332397461,1.1604201793670654,-1.2490179538726807,-86.01974487304688,0.3565954267978668,0.4435701072216034,-18.64411163330078,0.2563620496663142,-0.06004141957950535,0.3284381628036499,-0.08188148587942123,0.07207611203193665,-0.021840065717697144,0.0753123787713123
2660,13300,13314,1.1421444416046143,-1.0771766901016235,-75.26087188720703,1.1625767946243286,-1.3318895101547241,-87.17974853515625,0.3586027920246124,0.35276561975479126,-11.918876647949219,0.2515296666739387,-0.045043629207943595,0.2744620740413666,-0.04615551978349686,0.02293241024017334,-0.001111891120672226,0.022959349757513535
2661,13305,13319,1.1548221111297607,-1.1685633659362793,-83.06591033935547,1.165872573852539,-1.4231841564178467,-87.99656677246094,0.3674340844154358,0.3662968575954437,-4.930656433105469,0.2540925090462055,-0.01977009151343795,0.2998068928718567,-0.02945338934659958,0.045714378356933594,-0.009683297947049141,0.04672869191077581
2662,13310,13324,1.1594209671020508,-1.2678279876708984,-87.72325134277344,1.1708012819290161,-1.513521671295166,-87.38644409179688,0.4656333327293396,0.4123043119907379,0.3368072509765625,0.24595183058349004,0.0016108293058995238,0.3661331832408905,-0.04791053384542465,0.12018135190010071,-0.04952136427164078,0.12998431776126065
2663,13315,13329,1.1635442972183228,-1.3566254377365112,-86.73617553710938,1.174438238143921,-1.6012113094329834,-87.23683166503906,0.4222363829612732,0.4045349955558777,-0.5006561279296875,0.24480937639577227,-0.003048903266203523,0.37896791100502014,-0.04662223160266876,0.13415853679180145,-0.043573327362537384,0.14105725026229596
2664,13320,13334,1.1673829555511475,-1.438635230064392,-86.74189758300781,1.176782250404358,-1.6743251085281372,-89.09100341796875,0.3760007917881012,0.32984450459480286,-2.3491058349609375,0.235843118853717,-0.004011090044369916,0.30939483642578125,-0.03873950242996216,0.0735517144203186,-0.034728411585092545,0.08133828904883415
2665,13325,13339,1.1708924770355225,-1.527745008468628,-86.66160583496094,1.177834391593933,-1.759035587310791,-88.8423843383789,0.3520946800708771,0.33631405234336853,-2.1807785034179688,0.2313023315823718,-0.006538611736268114,0.36482858657836914,-0.05400954931974411,0.1335262507200241,-0.04747093841433525,0.14171361834800617
2666,13330,13344,1.1758308410644531,-1.6143609285354614,-86.51226806640625,1.1750621795654297,-1.832871437072754,-92.5517349243164,0.34307149052619934,0.29088085889816284,-6.039466857910156,0.21805903229089046,-0.014060285135324717,0.3597566783428192,-0.060270942747592926,0.14169764518737793,-0.04621065780520439,0.14904243538817308
2667,13335,13349,1.1765990257263184,-1.6979000568389893,-89.2814712524414,1.1670715808868408,-1.9090704917907715,-95.57649230957031,0.39562803506851196,0.3628076910972595,-6.295021057128906,0.2110343522679124,-0.01217484972214609,0.37231606245040894,-0.06538646668195724,0.16128170490264893,-0.05321161821484566,0.16983304934360574
2668,13340,13354,1.1774168014526367,-1.780036449432373,-89.5151596069336,1.1606969833374023,-1.98680579662323,-95.61013793945312,0.3702082931995392,0.36086007952690125,-6.094978332519531,0.20662046178677082,-0.018468893485025957,0.38383084535598755,-0.07688453048467636,0.17721039056777954,-0.05841563642024994,0.18659021706286694
2669,13345,13359,1.1734817028045654,-1.8434176445007324,-92.78904724121094,1.1558454036712646,-2.0532853603363037,-94.26162719726562,0.28324633836746216,0.3232603669166565,-1.4725799560546875,0.21047728034115915,-0.0074034895386209335,0.3860906660556793,-0.06004179269075394,0.1756133884191513,-0.052638303488492966,0.1833326299004146
2670,13350,13364,1.1671110391616821,-1.9215091466903687,-94.97077178955078,1.1515918970108032,-2.1127524375915527,-92.92488861083984,0.3049829602241516,0.27524158358573914,2.0458831787109375,0.1918687260031151,0.0011099863763345888,0.3909890353679657,-0.04585622251033783,0.19912031292915344,-0.04696621000766754,0.20458427090929626
2671,13355,13369,1.1602129936218262,-1.994673252105713,-94.21371459960938,1.1478530168533325,-2.1764590740203857,-93.42593383789062,0.2845618724822998,0.26150038838386536,0.78778076171875,0.18220261292005732,0.001030495033766017,0.38931235671043396,-0.019043564796447754,0.2071097493171692,-0.020074060186743736,0.20808031178994726
2672,13360,13374,1.1541454792022705,-2.0627737045288086,-94.23804473876953,1.1487942934036255,-2.231574058532715,-89.45771026611328,0.32399076223373413,0.2115618735551834,4.78033447265625,0.16873424562526762,0.007137860643605928,0.3821757137775421,-0.0027529075741767883,0.21344146132469177,-0.009890768676996231,0.21367050502453946
2673,13365,13379,1.1506942510604858,-2.1289985179901123,-93.51358032226562,1.15068781375885,-2.282452344894409,-86.74385070800781,0.3027639389038086,0.2436070591211319,6.7697296142578125,0.153165774345403,0.009398010544038105,0.3365625739097595,-0.01350191980600357,0.18339680135250092,-0.02289992943406105,0.18482097693285157
2674,13370,13384,1.1484302282333374,-2.1931099891662598,-90.6123046875,1.1524842977523804,-2.3322579860687256,-86.80026245117188,0.29946476221084595,0.2372080236673355,3.812042236328125,0.13909672725890312,0.005540847182172103,0.38691484928131104,-0.026935599744319916,0.24781812727451324,-0.03247644752264023,0.24993707978116741
2675,13375,13389,1.1481720209121704,-2.238231658935547,-89.73655700683594,1.1497752666473389,-2.380476951599121,-94.46224975585938,0.20263241231441498,0.23712295293807983,-4.7256927490234375,0.14225116066759777,0.0009491946873531057,0.36988645792007446,-0.007462926208972931,0.22763529419898987,-0.00841212086379528,0.22779067351954463
2676,13380,13394,1.150076985359192,-2.289196491241455,-87.61289978027344,1.1438281536102295,-2.4377784729003906,-98.09535217285156,0.19684909284114838,0.21187244355678558,-10.482452392578125,0.1481927788334349,-0.012431953730116223,0.3973972499370575,-0.06651272624731064,0.24920447170734406,-0.0540807731449604,0.25500509552338974
2677,13385,13399,1.1531295776367188,-2.337494373321533,-87.74031829833984,1.1355679035186768,-2.488508701324463,-99.47199249267578,0.18975137174129486,0.19538992643356323,-11.731674194335938,0.15020446411964128,-0.023502310919059372,0.39439746737480164,-0.10445020347833633,0.24419300258159637,-0.0809478908777237,0.2572601476081505
2678,13390,13404,1.1492528915405273,-2.3996400833129883,-93.39246368408203,1.123917818069458,-2.535916328430176,-104.26179504394531,0.3047180771827698,0.2192620038986206,-10.869331359863281,0.13753664213253877,-0.01722652030824018,0.3511902093887329,-0.10927753895521164,0.213653564453125,-0.09205101430416107,0.2326397103633653
2679,13395,13409,1.1414141654968262,-2.453467607498169,-97.55628204345703,1.1115802526474,-2.578343629837036,-106.20097351074219,0.2510918080806732,0.202689528465271,-8.644691467285156,0.12771478022695146,-0.01315363914154212,0.2768765091896057,-0.08554930239915848,0.14916172623634338,-0.07239566743373871,0.16580215088165276
2680,13400,13414,1.1337388753890991,-2.497279167175293,-99.44750213623047,1.0967105627059937,-2.6246931552886963,-108.08602905273438,0.19582001864910126,0.22698864340782166,-8.638526916503906,0.13176376705344056,-0.015611854438437506,0.26171135902404785,-0.051005877554416656,0.12994758784770966,-0.03539402410387993,0.1346815225994429
2681,13405,13419,1.1218624114990234,-2.542954444885254,-106.324951171875,1.075044870376587,-2.6765387058258057,-111.85098266601562,0.18092381954193115,0.23386447131633759,-5.526031494140625,0.1413582336667192,-0.007381510848713489,0.2881198227405548,-0.09859045594930649,0.14676159620285034,-0.09120894223451614,0.17279478366995862
2682,13410,13424,1.109522819519043,-2.5854616165161133,-107.49877166748047,1.0568805932998657,-2.72190260887146,-112.08842468261719,0.17345833778381348,0.1833549588918686,-4.589653015136719,0.14595571313097586,-0.009180314844878065,0.3438785970211029,-0.13798469305038452,0.19792288541793823,-0.12880438566207886,0.2361441050247663
2683,13415,13429,1.0908708572387695,-2.637072801589966,-109.72496032714844,1.036483883857727,-2.761838436126709,-119.00707244873047,0.24992823600769043,0.19345669448375702,-9.282112121582031,0.1358007321700649,-0.009086670291183707,0.330114483833313,-0.13462069630622864,0.19431374967098236,-0.1255340278148651,0.23133660637828274
2684,13420,13434,1.0694166421890259,-2.691012144088745,-113.07926940917969,1.0130325555801392,-2.801928758621216,-123.1185302734375,0.2575927674770355,0.20233432948589325,-10.039260864257812,0.12414202835483454,-0.008391507493328391,0.32978084683418274,-0.13176724314689636,0.2056388258934021,-0.12337573617696762,0.23981013112882796
2685,13425,13439,1.0535403490066528,-2.731076717376709,-112.87438201904297,0.9799069762229919,-2.8493940830230713,-126.4703140258789,0.19535337388515472,0.26151037216186523,-13.595932006835938,0.1376349829352918,-0.021851408956735416,0.32237380743026733,-0.12537658214569092,0.18473882973194122,-0.10352517664432526,0.21176849956961474
2686,13430,13444,1.033132553100586,-2.7711172103881836,-116.66753387451172,0.9498404264450073,-2.885948657989502,-128.42311096191406,0.19081418216228485,0.2189289629459381,-11.755577087402344,0.13999891440629514,-0.022894184547219074,0.28294965624809265,-0.1055273488163948,0.14295074343681335,-0.08263316750526428,0.16511558200572926
2687,13435,13449,1.008169412612915,-2.8111581802368164,-119.11852264404297,0.9233242869377136,-2.915289878845215,-135.4008331298828,0.20784293115139008,0.11405077576637268,-16.282310485839844,0.13225815998750254,-0.023449629477482865,0.24787071347236633,-0.050841063261032104,0.11561255156993866,-0.027391433715820312,0.11881309995753794
2688,13440,13454,0.9745779633522034,-2.8547635078430176,-126.36702728271484,0.8837632536888123,-2.9378037452697754,-135.4008331298828,0.2740733027458191,0.11405077576637268,-9.033805847167969,0.12071600878160345,-0.02388802517953647,0.2731613218784332,-0.04133249819278717,0.15244531631469727,-0.017444472759962082,0.15344016454683945
2689,13445,13459,0.9380894303321838,-2.9007298946380615,-128.92684936523438,0.8442021608352661,-2.960317611694336,-135.4008331298828,0.2858557105064392,0.11405077576637268,-6.4739837646484375,0.10534816291238899,-0.03559887594503826,0.3258875012397766,-0.1654588282108307,0.22053933143615723,-0.12985995411872864,0.2559320308090129
2690,13450,13464,0.9154121279716492,-2.919792652130127,-135.4008331298828,0.8046412467956543,-2.9828314781188965,-135.4008331298828,0.11405077576637268,0.11405077576637268,0.0,0.12313513493687861,-0.03289103590076534,0.41679513454437256,-0.22516289353370667,0.2936599850654602,-0.1922718584537506,0.3510052056336279
2691,13455,13469,0.875851035118103,-2.9423065185546875,-135.4008331298828,0.7650800943374634,-3.005345344543457,-135.4008331298828,0.11405077576637268,0.11405077576637268,0.0,0.1231351773775467,-0.03289107775173152,0.40637511014938354,-0.21398749947547913,0.2832399308681488,-0.1810964196920395,0.3361856208457896
2692,13460,13474,0.8362900018692017,-2.964820384979248,-135.4008331298828,0.725519061088562,-3.0278594493865967,-135.4008331298828,0.11405077576637268,0.11405077576637268,0.0,0.12313534478141144,-0.032890907989059144,0.3658868074417114,-0.21300706267356873,0.24275146424770355,-0.18011614680290222,0.30227487446615325
2693,13465,13479,0.7967289686203003,-2.9873342514038086,-135.4008331298828,0.6859580874443054,-3.0503733158111572,-135.4008331298828,0.11405077576637268,0.11405077576637268,0.0,0.12313530234074335,-0.032890866138092965,0.33826661109924316,-0.18498891592025757,0.21513131260871887,-0.15209804475307465,0.2634678289326016
2694,13470,13484,0.7571679353713989,-3.0098483562469482,-135.4008331298828,0.6463969945907593,-3.0728871822357178,-135.4008331298828,0.11405077576637268,0.11405077576637268,0.0,0.1231351773775467,-0.03289107775173152,0.34588149189949036,-0.10076794773340225,0.22274631261825562,-0.06787687540054321,0.23285873399804125
2695,13475,13489,0.7176069021224976,-3.032362222671509,-135.4008331298828,0.5998446941375732,-3.0861856937408447,-152.1522979736328,0.11405077576637268,0.20121614634990692,-16.75146484375,0.12164271892163245,-0.04436161179205439,0.33629241585731506,-0.054179511964321136,0.21464970707893372,-0.009817901998758316,0.2148741211703477
2696,13480,13494,0.6780458092689514,-3.0548760890960693,-135.4008331298828,0.561736524105072,-3.0901601314544678,-176.0459747314453,0.11405077576637268,0.1782039850950241,-40.6451416015625,0.10759086067477122,-0.056542198044857044,0.3708949685096741,-0.11146906763315201,0.26330411434173584,-0.05492686852812767,0.2689721500743007
2697,13485,13499,0.6384848356246948,-3.07738995552063,-135.4008331298828,0.5174944400787354,-3.089761972427368,-179.4733428955078,0.11405077576637268,0.17818433046340942,-44.072509765625,0.09483646958382906,-0.07614319834091428,0.3631558120250702,-0.10972640663385391,0.26831933856010437,-0.03358320891857147,0.2704128313645644
2698,13490,13504,0.5940601229667664,-3.087925910949707,-170.61744689941406,0.4731069505214691,-3.085378885269165,173.42578125,0.20354174077510834,0.18033377826213837,-15.956787109375,0.11891981247898356,-0.022231407161098407,0.34647470712661743,-0.10078417509794235,0.22755488753318787,-0.07855276763439178,0.24073172649915617
2699,13495,13509,0.5498902201652527,-3.0894641876220703,179.69110107421875,0.42128241062164307,-3.07671856880188,169.4162139892578,0.21112173795700073,0.24876242876052856,-10.274887084960938,0.12867465564516675,-0.012052073237111943,0.34119224548339844,-0.08149687200784683,0.21251758933067322,-0.06944479793310165,0.22357617434532237
2700,13500,13514,0.5056793093681335,-3.089132785797119,176.86837768554688,0.36507493257522583,-3.0640578269958496,165.0813751220703,0.1953873187303543,0.26144352555274963,-11.787002563476562,0.1417642510158949,-0.017356309115410157,0.308073490858078,-0.05178361386060715,0.16630923748016357,-0.034427303820848465,0.1698352193145063
2701,13505,13519,0.46574246883392334,-3.0850260257720947,173.6305694580078,0.31016239523887634,-3.0414175987243652,161.21910095214844,0.18834079802036285,0.27484989166259766,-12.411468505859375,0.15945757915571207,-0.02607939146562297,0.2582564353942871,-0.028254076838493347,0.09879885613918304,-0.002174684777855873,0.09882278698910503
2702,13510,13524,0.411007821559906,-3.0762956142425537,168.9350128173828,0.2627860903739929,-3.0173659324645996,153.76541137695312,0.23249518871307373,0.24483421444892883,-15.169601440429688,0.156776226799915,-0.029387134950206062,0.2797156572341919,-0.026726536452770233,0.12293943762779236,0.0026605986058712006,0.12296822398156124
2703,13515,13529,0.3574743866920471,-3.0575063228607178,157.44264221191406,0.19940869510173798,-2.9791035652160645,149.64419555664062,0.230833500623703,0.30006667971611023,-7.7984466552734375,0.1760489639535496,-0.011769348116644679,0.37792590260505676,-0.029739856719970703,0.2018769383430481,-0.017970509827136993,0.2026752018827416
2704,13520,13534,0.3027159571647644,-3.037043809890747,155.68116760253906,0.14357969164848328,-2.9316017627716064,140.9907989501953,0.26877278089523315,0.34252238273620605,-14.69036865234375,0.18843828226155174,-0.030551433378143783,0.3826271593570709,-0.03198227286338806,0.19418887794017792,-0.0014308393001556396,0.19419414928562648
2705,13525,13539,0.246486634016037,-3.0066752433776855,151.25062561035156,0.09688706696033478,-2.8830604553222656,133.1968231201172,0.2969614565372467,0.3046780824661255,-18.053802490234375,0.19061487011966746,-0.03642276181870675,0.3814648985862732,-0.06841244548559189,0.19085003435611725,-0.0319896824657917,0.1935124683269616
2706,13530,13544,0.191971555352211,-2.970801591873169,146.16494750976562,0.046272389590740204,-2.8196229934692383,128.0315704345703,0.31212687492370605,0.387062132358551,-18.133377075195312,0.20520097348842625,-0.044449726314730986,0.3783744275569916,-0.09444250911474228,0.1731734573841095,-0.04999278113245964,0.18024517887511998
2707,13535,13549,0.13480602204799652,-2.9234445095062256,138.98907470703125,0.009044219739735126,-2.7612719535827637,121.93291473388672,0.3097233176231384,0.3273635506629944,-17.05615997314453,0.20131601200875138,-0.03984762596078907,0.3357575535774231,-0.05320610851049423,0.134441539645195,-0.013358481228351593,0.13510357731347739
2708,13540,13554,0.08963008224964142,-2.8750553131103516,133.5708770751953,-0.02775323949754238,-2.6906208992004395,117.18244934082031,0.29028746485710144,0.3060292601585388,-16.388427734375,0.21453346087429093,-0.04207483643796721,0.2612459659576416,-0.04470819979906082,0.04671250283718109,-0.0026333630084991455,0.046786670345817336
2709,13545,13559,0.04052622988820076,-2.8117852210998535,127.13030242919922,-0.057059258222579956,-2.6119794845581055,109.18376922607422,0.38140958547592163,0.32618531584739685,-17.946533203125,0.21820357878385624,-0.0428072111175052,0.28545019030570984,-0.029328912496566772,0.06724661588668823,0.013478297740221024,0.06858404959016227
2710,13550,13564,-0.002334704389795661,-2.740117311477661,120.94388580322266,-0.07763014733791351,-2.5348949432373047,103.97688293457031,0.39688819646835327,0.37401965260505676,-16.967002868652344,0.21473012715740428,-0.04094626149405066,0.36881184577941895,-0.10507040470838547,0.15408171713352203,-0.06412414461374283,0.16689242486481795
2711,13555,13569,-0.03757122904062271,-2.66799259185791,115.30057525634766,-0.08034481108188629,-2.5240111351013184,104.00712585449219,0.38057395815849304,0.030824733898043633,-11.293449401855469,0.14845051962676328,-0.022862249078666443,0.37105903029441833,-0.05439526587724686,0.2226085066795349,-0.03153301775455475,0.22483077737445467
2712,13560,13574,-0.061205219477415085,-2.6008851528167725,109.19436645507812,-0.08034481108188629,-2.5240111351013184,89.8228530883789,0.3251899480819702,0.010006594471633434,-19.37151336669922,0.07889308729902472,-0.007198565338340741,0.2948012948036194,-0.019580967724323273,0.2159081995487213,-0.012382403016090393,0.21626297541840894
2713,13565,13579,-0.07898827642202377,-2.529448986053467,103.44116973876953,-0.07897759228944778,-2.525808095932007,89.83159637451172,0.25808385014533997,0.010010524652898312,-13.609573364257812,0.003538679390501413,-0.0008567048491015905,0.3536570072174072,-0.10184193402528763,0.35011833906173706,-0.10098522901535034,0.36439109185960106
